"","Log2 fold change","std error (log2)","Lower confidence limit (log2)","Upper confidence limit (log2)","Linear fold change","Lower confidence limit (linear)","Upper confidence limit (linear)","P-value","BY.p.value","method","probe.ID"
"ATF3-mRNA",-2.57,0.233,-3.03,-2.12,0.168,0.123,0.231,9.25e-17,2.49e-13,"lm.nb","NM_001674.3:1487"
"EGR1-mRNA",-2.2,0.209,-2.61,-1.79,0.218,0.164,0.29,7.74e-16,1.04e-12,"lm.nb","NM_001964.2:2034"
"CD74-mRNA",-3.1,0.349,-3.78,-2.41,0.117,0.0728,0.188,6.21e-13,5.58e-10,"lm.nb","NM_001025159.2:1161"
"CXCL14-mRNA",-3.87,0.446,-4.75,-3,0.0682,0.0372,0.125,1.43e-12,9.63e-10,"lm.nb","NM_004887.4:990"
"SGK1-mRNA",-1.86,0.221,-2.29,-1.43,0.275,0.204,0.372,4.38e-12,2.36e-09,"lm.nb","NM_005627.3:1621"
"DUSP1-mRNA",-3.25,0.396,-4.02,-2.47,0.105,0.0616,0.18,1.04e-11,4.52e-09,"lm.nb","NM_004417.3:1428"
"WDR76-mRNA",1.83,0.224,1.39,2.27,3.55,2.62,4.81,1.17e-11,4.52e-09,"lm.nb","NM_024908.3:1875"
"HLA-DRA-mRNA",-3.55,0.477,-4.48,-2.61,0.0855,0.0447,0.164,2.51e-10,8.4e-08,"lm.nb","NM_019111.3:335"
"C1QB-mRNA",-3.33,0.452,-4.22,-2.45,0.0994,0.0538,0.184,3.23e-10,8.4e-08,"lm.nb","NM_000491.3:816"
"IRF1-mRNA",-2.18,0.296,-2.76,-1.6,0.221,0.148,0.33,3.31e-10,8.4e-08,"lm.nb","NM_002198.2:557"
"KIR3DL1-mRNA",3.24,0.44,2.37,4.1,9.43,5.19,17.1,3.43e-10,8.4e-08,"lm.nb","NM_001322168.1:466"
"GBP1-mRNA",-4.06,0.575,-5.19,-2.94,0.0598,0.0274,0.131,1.16e-09,2.61e-07,"lm.nb","NM_002053.2:1838"
"HLA-DPA1-mRNA",-3.48,0.509,-4.48,-2.48,0.0897,0.0449,0.179,3.03e-09,6.28e-07,"lm.nb","NM_033554.2:857"
"GBP2-mRNA",-2.42,0.356,-3.12,-1.72,0.187,0.115,0.303,3.5e-09,6.73e-07,"lm.nb","NM_004120.4:1744"
"CDKN1C-mRNA",-2.6,0.397,-3.38,-1.82,0.165,0.0961,0.282,9.15e-09,1.61e-06,"lm.nb","NM_000076.2:1605"
"HLA-DPB1-mRNA",-2.76,0.422,-3.59,-1.94,0.147,0.0829,0.261,9.56e-09,1.61e-06,"lm.nb","NM_002121.5:987"
"IFITM1-mRNA",-2.49,0.392,-3.25,-1.72,0.179,0.105,0.304,2.2e-08,3.49e-06,"lm.nb","NM_003641.3:536"
"KIR2DL3-mRNA",2.54,0.408,1.74,3.34,5.81,3.34,10.1,3.6e-08,5.39e-06,"lm.nb","NM_015868.2:145"
"MAP3K8-mRNA",-1.82,0.295,-2.4,-1.25,0.282,0.189,0.422,4.37e-08,6.2e-06,"lm.nb","NM_001244134.1:493"
"HLA-C-mRNA",-1.53,0.255,-2.03,-1.03,0.345,0.244,0.488,8.1e-08,1.09e-05,"lm.nb","NM_002117.4:898"
"VEGFA-mRNA",-1.58,0.265,-2.1,-1.06,0.335,0.233,0.48,1.07e-07,1.37e-05,"lm.nb","NM_001171623.1:2212"
"CEBPB-mRNA",-1.2,0.203,-1.6,-0.801,0.435,0.33,0.574,1.32e-07,1.62e-05,"lm.nb","NM_005194.3:1731"
"HLA-F-mRNA",-2.12,0.378,-2.86,-1.38,0.23,0.138,0.385,4.26e-07,4.99e-05,"lm.nb","NM_001098479.1:285"
"HES1-mRNA",-1.67,0.302,-2.26,-1.08,0.314,0.209,0.474,5.58e-07,6.26e-05,"lm.nb","NM_005524.2:860"
"NFIL3-mRNA",-1.85,0.337,-2.51,-1.19,0.278,0.176,0.439,6.72e-07,7.25e-05,"lm.nb","NM_001289999.1:1466"
"HLA-B-mRNA",-2.06,0.38,-2.81,-1.32,0.239,0.143,0.401,8.51e-07,8.83e-05,"lm.nb","NM_005514.6:1247"
"FLT1-mRNA",-2.88,0.538,-3.93,-1.82,0.136,0.0654,0.282,1.14e-06,0.000114,"lm.nb","NM_002019.4:530"
"ULBP2-mRNA",1.51,0.286,0.945,2.07,2.84,1.92,4.19,1.64e-06,0.000158,"lm.nb","NM_025217.2:905"
"MS4A1-mRNA",1.76,0.337,1.1,2.42,3.39,2.15,5.37,1.86e-06,0.000173,"lm.nb","NM_021950.3:161"
"TMEM173-mRNA",-1.52,0.296,-2.1,-0.937,0.349,0.234,0.522,2.74e-06,0.000241,"lm.nb","NM_198282.1:725"
"DTX4-mRNA",2.19,0.428,1.35,3.03,4.57,2.56,8.18,2.77e-06,0.000241,"lm.nb","NM_015177.1:4820"
"CSF1R-mRNA",-2.24,0.439,-3.1,-1.38,0.212,0.116,0.384,2.99e-06,0.000252,"lm.nb","NM_005211.3:958"
"RASAL1-mRNA",1.51,0.303,0.916,2.1,2.85,1.89,4.3,4.75e-06,0.000388,"lm.nb","NM_001193520.1:3097"
"BIRC3-mRNA",1.65,0.334,0.994,2.3,3.14,1.99,4.94,5.59e-06,0.000443,"lm.nb","NM_001165.4:6567"
"HLA-A-mRNA",-1.64,0.334,-2.29,-0.983,0.322,0.204,0.506,6.24e-06,0.00048,"lm.nb","NM_002116.7:298"
"BLM-mRNA",1.27,0.261,0.759,1.78,2.41,1.69,3.44,7.2e-06,0.000539,"lm.nb","NM_000057.3:1434"
"HLA-E-mRNA",-1.95,0.405,-2.74,-1.15,0.26,0.15,0.45,9.1e-06,0.000663,"lm.nb","NM_005516.5:1287"
"ADM-mRNA",-1.53,0.32,-2.16,-0.904,0.346,0.224,0.534,9.78e-06,0.00068,"lm.nb","NM_001124.2:1413"
"HLA-DRB1-mRNA",-2.21,0.463,-3.12,-1.31,0.215,0.115,0.404,9.83e-06,0.00068,"lm.nb","NM_002124.3:1016"
"RAD51C-mRNA",1.21,0.257,0.705,1.71,2.31,1.63,3.28,1.33e-05,0.000896,"lm.nb","NM_058216.2:15"
"APOE-mRNA",-2.03,0.434,-2.88,-1.18,0.245,0.136,0.443,1.49e-05,0.000982,"lm.nb","NM_000041.2:96"
"IFI6-mRNA",-1.84,0.397,-2.62,-1.06,0.279,0.163,0.478,1.66e-05,0.00105,"lm.nb","NM_002038.3:410"
"CXCR4-mRNA",-2.05,0.442,-2.91,-1.18,0.242,0.133,0.44,1.67e-05,0.00105,"lm.nb","NM_001008540.1:1060"
"PECAM1-mRNA",-2.23,0.484,-3.18,-1.28,0.213,0.11,0.411,1.85e-05,0.00113,"lm.nb","NM_000442.4:2492"
"HLA-DMA-mRNA",-1.8,0.391,-2.56,-1.03,0.288,0.169,0.49,1.97e-05,0.00118,"lm.nb","NM_006120.3:396"
"B2M-mRNA",-1.85,0.405,-2.64,-1.05,0.278,0.16,0.482,2.25e-05,0.00132,"lm.nb","NM_004048.2:573"
"LILRA1-mRNA",1.83,0.405,1.04,2.62,3.55,2.05,6.16,2.6e-05,0.00149,"lm.nb","NM_001278318.1:486"
"CX3CL1-mRNA",-1.55,0.346,-2.23,-0.875,0.341,0.213,0.545,2.86e-05,0.00161,"lm.nb","NM_002996.3:1850"
"PIK3R1-mRNA",-2.14,0.496,-3.11,-1.16,0.228,0.116,0.446,5.58e-05,0.00307,"lm.nb","NM_001242466.1:889"
"RIPK2-mRNA",-1.24,0.29,-1.81,-0.675,0.422,0.285,0.626,5.87e-05,0.00312,"lm.nb","NM_003821.5:1306"
"PSMB9-mRNA",-2.01,0.468,-2.92,-1.09,0.249,0.132,0.47,5.91e-05,0.00312,"lm.nb","NM_002800.4:394"
"TAP1-mRNA",-2.09,0.49,-3.05,-1.13,0.235,0.121,0.457,6.35e-05,0.00329,"lm.nb","NM_000593.5:1000"
"EDN1-mRNA",-2.06,0.486,-3.01,-1.11,0.24,0.124,0.465,7.16e-05,0.00364,"lm.nb","NM_001955.2:770"
"APOL6-mRNA",-1.84,0.449,-2.72,-0.964,0.279,0.151,0.513,0.000111,0.00553,"lm.nb","NM_030641.3:289"
"FAM124B-mRNA",1.84,0.45,0.956,2.72,3.57,1.94,6.58,0.00012,0.00588,"lm.nb","NM_001122779.1:1620"
"CCL3/L1-mRNA",-2.1,0.514,-3.1,-1.09,0.234,0.116,0.47,0.000122,0.00588,"lm.nb","NM_021006.5:411"
"TGFBR2-mRNA",-1.32,0.326,-1.96,-0.686,0.399,0.256,0.621,0.000128,0.00596,"lm.nb","NM_001024847.2:870"
"STAT2-mRNA",-0.971,0.239,-1.44,-0.503,0.51,0.369,0.706,0.000128,0.00596,"lm.nb","NM_005419.2:1965"
"FCGR2A-mRNA",-1.73,0.427,-2.56,-0.892,0.302,0.169,0.539,0.000135,0.00618,"lm.nb","NM_021642.3:60"
"TLR5-mRNA",1.33,0.33,0.685,1.98,2.52,1.61,3.94,0.000142,0.0064,"lm.nb","NM_003268.5:2570"
"GLUL-mRNA",-1.37,0.342,-2.04,-0.696,0.388,0.244,0.617,0.000163,0.0072,"lm.nb","NM_002065.6:1485"
"C1QA-mRNA",-1.78,0.454,-2.67,-0.887,0.292,0.158,0.541,0.000215,0.00933,"lm.nb","NM_015991.3:636"
"STAT1-mRNA",-1.06,0.274,-1.6,-0.526,0.478,0.33,0.695,0.000245,0.0105,"lm.nb","NM_007315.3:239"
"ITGA1-mRNA",-1.34,0.348,-2.02,-0.656,0.396,0.247,0.634,0.000269,0.0113,"lm.nb","NM_181501.1:502"
"DEPTOR-mRNA",-1.38,0.363,-2.09,-0.669,0.384,0.234,0.629,0.000314,0.013,"lm.nb","NM_001283012.1:1141"
"MMP9-mRNA",1.43,0.377,0.69,2.17,2.69,1.61,4.5,0.000328,0.0134,"lm.nb","NM_004994.2:2011"
"NFKBIA-mRNA",-1.86,0.495,-2.83,-0.892,0.275,0.14,0.539,0.000355,0.0143,"lm.nb","NM_020529.2:1361"
"UBA7-mRNA",-0.899,0.244,-1.38,-0.42,0.536,0.385,0.747,0.000464,0.0184,"lm.nb","NM_003335.2:580"
"NECTIN2-mRNA",-1.86,0.506,-2.85,-0.865,0.276,0.139,0.549,0.000486,0.019,"lm.nb","NM_001042724.1:1120"
"IRF9-mRNA",-1.14,0.311,-1.75,-0.529,0.454,0.298,0.693,0.000494,0.019,"lm.nb","NM_006084.4:723"
"CDH1-mRNA",-1.73,0.477,-2.66,-0.793,0.302,0.158,0.577,0.000561,0.0213,"lm.nb","NM_004360.3:379"
"GLUD1-mRNA",-1.04,0.287,-1.6,-0.474,0.488,0.33,0.72,0.000579,0.0216,"lm.nb","NM_005271.2:2680"
"S100A9-mRNA",-1.61,0.446,-2.48,-0.735,0.328,0.179,0.601,0.000585,0.0216,"lm.nb","NM_002965.3:137"
"EXO1-mRNA",1.23,0.34,0.559,1.89,2.34,1.47,3.71,0.000598,0.0218,"lm.nb","NM_006027.3:820"
"CRABP2-mRNA",-1.37,0.38,-2.11,-0.622,0.388,0.231,0.65,0.000615,0.0221,"lm.nb","NM_001199723.1:802"
"RAD51-mRNA",0.975,0.272,0.442,1.51,1.97,1.36,2.84,0.000627,0.0222,"lm.nb","NM_133487.3:1570"
"PSMB8-mRNA",-0.875,0.244,-1.35,-0.396,0.545,0.391,0.76,0.000644,0.0226,"lm.nb","NM_004159.4:1080"
"VHL-mRNA",0.896,0.253,0.399,1.39,1.86,1.32,2.62,0.000738,0.0255,"lm.nb","NM_198156.1:420"
"ERBB2-mRNA",-1.56,0.445,-2.43,-0.692,0.338,0.185,0.619,0.000794,0.0268,"lm.nb","NM_004448.2:2405"
"BAD-mRNA",0.877,0.25,0.388,1.37,1.84,1.31,2.58,0.000794,0.0268,"lm.nb","NM_004322.3:963"
"PROM1-mRNA",-1.63,0.466,-2.54,-0.713,0.324,0.172,0.61,0.000861,0.0287,"lm.nb","NM_001145847.1:596"
"CXCL3-mRNA",-1.62,0.466,-2.53,-0.705,0.326,0.173,0.613,0.000901,0.0296,"lm.nb","NM_002090.2:467"
"CEACAM3-mRNA",1.38,0.402,0.592,2.17,2.6,1.51,4.5,0.00103,0.0335,"lm.nb","NM_001277163.2:807"
"PCK2-mRNA",0.649,0.19,0.277,1.02,1.57,1.21,2.03,0.00109,0.0349,"lm.nb","NM_001018073.2:1307"
"IFIT3-mRNA",-1.36,0.399,-2.14,-0.575,0.39,0.227,0.671,0.00114,0.0357,"lm.nb","NM_001031683.3:712"
"UBE2T-mRNA",0.959,0.282,0.406,1.51,1.94,1.33,2.85,0.00114,0.0357,"lm.nb","NM_014176.1:50"
"NFATC2-mRNA",1.3,0.384,0.544,2.05,2.45,1.46,4.13,0.00122,0.0376,"lm.nb","NM_173091.2:1840"
"MB21D1-mRNA",-1.15,0.342,-1.82,-0.484,0.45,0.283,0.715,0.00123,0.0376,"lm.nb","NM_138441.2:1198"
"BAMBI-mRNA",-1.18,0.351,-1.87,-0.495,0.44,0.273,0.709,0.00125,0.0378,"lm.nb","NM_012342.2:824"
"SERPINH1-mRNA",-1.48,0.444,-2.35,-0.607,0.359,0.196,0.656,0.00143,0.0428,"lm.nb","NM_001207014.1:1850"
"IFNGR1-mRNA",-1.35,0.409,-2.15,-0.551,0.392,0.225,0.683,0.00152,0.0452,"lm.nb","NM_000416.2:1025"
"CCL7-mRNA",1.4,0.425,0.564,2.23,2.63,1.48,4.69,0.00162,0.0474,"lm.nb","NM_006273.3:588"
"IFI27-mRNA",-1.38,0.424,-2.21,-0.552,0.384,0.216,0.682,0.00174,0.0505,"lm.nb","NM_005532.3:390"
"FLNB-mRNA",-1.5,0.463,-2.41,-0.593,0.353,0.188,0.663,0.00186,0.0528,"lm.nb","NM_001164319.1:8980"
"CXCR2-mRNA",1.3,0.402,0.515,2.09,2.47,1.43,4.26,0.00186,0.0528,"lm.nb","NM_001557.3:409"
"F2RL1-mRNA",-1.74,0.54,-2.8,-0.686,0.298,0.143,0.622,0.00192,0.0541,"lm.nb","NM_005242.4:1388"
"IFNAR1-mRNA",-0.895,0.278,-1.44,-0.351,0.538,0.369,0.784,0.00197,0.0547,"lm.nb","NM_000629.2:461"
"MYC-mRNA",-1.59,0.5,-2.57,-0.612,0.332,0.168,0.654,0.0022,0.0604,"lm.nb","NM_002467.3:1615"
"HLA-DMB-mRNA",-1.05,0.331,-1.7,-0.402,0.483,0.308,0.757,0.00225,0.0612,"lm.nb","NM_002118.3:20"
"PPARGC1B-mRNA",1.16,0.366,0.443,1.88,2.24,1.36,3.67,0.00228,0.0616,"lm.nb","NM_001172699.1:1010"
"CCL18-mRNA",0.8,0.254,0.303,1.3,1.74,1.23,2.46,0.00242,0.0647,"lm.nb","NM_002988.3:45"
"IL6R-mRNA",-0.88,0.282,-1.43,-0.327,0.543,0.37,0.797,0.00269,0.071,"lm.nb","NM_000565.3:846"
"FUT4-mRNA",0.991,0.32,0.363,1.62,1.99,1.29,3.07,0.00289,0.0753,"lm.nb","NM_002033.3:1151"
"LAMA1-mRNA",1.02,0.331,0.375,1.67,2.03,1.3,3.19,0.0029,0.0753,"lm.nb","NM_005559.3:9002"
"IFITM2-mRNA",-0.795,0.258,-1.3,-0.29,0.576,0.406,0.818,0.00295,0.0758,"lm.nb","NM_006435.2:390"
"PARP9-mRNA",-1.66,0.544,-2.73,-0.597,0.316,0.151,0.661,0.00321,0.0817,"lm.nb","NM_001146103.1:1188"
"TYMP-mRNA",-1.04,0.345,-1.72,-0.368,0.485,0.303,0.775,0.00351,0.0885,"lm.nb","NM_001113755.2:645"
"AQP9-mRNA",1.3,0.44,0.442,2.17,2.47,1.36,4.49,0.00419,0.105,"lm.nb","NM_001320635.1:753"
"CTSS-mRNA",-1.03,0.35,-1.72,-0.346,0.489,0.304,0.787,0.00439,0.108,"lm.nb","NM_004079.3:685"
"NEIL1-mRNA",1.15,0.39,0.384,1.91,2.22,1.31,3.76,0.00442,0.108,"lm.nb","NM_024608.2:1675"
"CASP1-mRNA",-0.922,0.315,-1.54,-0.305,0.528,0.344,0.81,0.00466,0.113,"lm.nb","NM_001223.4:1050"
"TTC30A-mRNA",0.527,0.181,0.172,0.883,1.44,1.13,1.84,0.0049,0.118,"lm.nb","NM_152275.3:2492"
"FCGRT-mRNA",-1.22,0.42,-2.05,-0.399,0.429,0.242,0.759,0.00493,0.118,"lm.nb","NM_004107.4:1260"
"IL6-mRNA",1.5,0.521,0.481,2.52,2.83,1.4,5.74,0.00527,0.125,"lm.nb","NM_000600.3:484"
"OASL-mRNA",1.2,0.418,0.377,2.01,2.29,1.3,4.04,0.0056,0.131,"lm.nb","NM_003733.2:1570"
"THBS1-mRNA",-1.35,0.475,-2.28,-0.419,0.392,0.205,0.748,0.00594,0.138,"lm.nb","NM_003246.2:3816"
"LOXL2-mRNA",0.958,0.34,0.292,1.62,1.94,1.22,3.08,0.00629,0.145,"lm.nb","NM_002318.2:40"
"SERPINA1-mRNA",-3.02,1.08,-5.13,-0.908,0.124,0.0287,0.533,0.00659,0.15,"loglinear","NM_001127702.1:963"
"CD47-mRNA",-1.13,0.402,-1.91,-0.338,0.458,0.265,0.791,0.00666,0.15,"lm.nb","NM_001777.3:901"
"TAPBP-mRNA",-0.871,0.311,-1.48,-0.261,0.547,0.358,0.835,0.00673,0.15,"lm.nb","NM_003190.4:1082"
"DDB2-mRNA",0.851,0.304,0.254,1.45,1.8,1.19,2.73,0.00674,0.15,"lm.nb","NM_000107.2:1556"
"STAT3-mRNA",-1.37,0.491,-2.33,-0.409,0.386,0.198,0.753,0.00681,0.15,"lm.nb","NM_003150.3:2936"
"BBC3-mRNA",-1.01,0.361,-1.71,-0.3,0.498,0.305,0.812,0.00682,0.15,"lm.nb","NM_014417.4:1310"
"AREG-mRNA",-2.95,1.07,-5.04,-0.863,0.129,0.0304,0.55,0.00724,0.157,"loglinear","NM_001657.3:717"
"ALDOC-mRNA",0.823,0.297,0.24,1.41,1.77,1.18,2.65,0.00731,0.158,"lm.nb","NM_005165.2:335"
"TNKS-mRNA",-1.46,0.527,-2.49,-0.424,0.364,0.178,0.745,0.00738,0.158,"lm.nb","NM_003747.2:1948"
"PVRIG-mRNA",1.18,0.426,0.34,2.01,2.26,1.27,4.03,0.00749,0.159,"lm.nb","NM_024070.3:1390"
"CLEC4E-mRNA",1.08,0.39,0.311,1.84,2.11,1.24,3.58,0.00753,0.159,"lm.nb","NM_014358.3:1392"
"PDK1-mRNA",-0.894,0.326,-1.53,-0.255,0.538,0.346,0.838,0.00784,0.164,"lm.nb","NM_002610.3:401"
"IFI35-mRNA",-1.04,0.382,-1.79,-0.292,0.486,0.289,0.817,0.00825,0.171,"lm.nb","NM_005533.4:729"
"ZEB1-mRNA",-1.32,0.49,-2.28,-0.358,0.401,0.206,0.78,0.009,0.185,"lm.nb","NM_001128128.2:2292"
"PARP4-mRNA",-0.609,0.227,-1.05,-0.164,0.656,0.482,0.893,0.00923,0.189,"lm.nb","NM_006437.3:1399"
"FZD8-mRNA",0.77,0.292,0.198,1.34,1.71,1.15,2.54,0.0104,0.21,"lm.nb","NM_031866.1:890"
"PTGS2-mRNA",1.34,0.51,0.337,2.34,2.53,1.26,5.05,0.0108,0.217,"lm.nb","NM_000963.1:495"
"VCAN-mRNA",-3.21,1.22,-5.61,-0.806,0.108,0.0205,0.572,0.0109,0.217,"loglinear","NM_001126336.2:394"
"PVR-mRNA",0.785,0.3,0.197,1.37,1.72,1.15,2.59,0.011,0.217,"lm.nb","NM_001135768.2:448"
"H2AFX-mRNA",-0.952,0.366,-1.67,-0.234,0.517,0.314,0.85,0.0115,0.226,"lm.nb","NM_002105.2:521"
"BATF3-mRNA",0.941,0.363,0.228,1.65,1.92,1.17,3.14,0.0118,0.231,"lm.nb","NM_018664.2:725"
"ARID1A-mRNA",-1.15,0.45,-2.03,-0.268,0.451,0.245,0.831,0.0129,0.25,"lm.nb","NM_006015.4:1670"
"SPRY4-mRNA",-1.16,0.454,-2.05,-0.269,0.448,0.242,0.83,0.013,0.25,"lm.nb","NM_030964.3:1900"
"P4HA1-mRNA",-0.62,0.243,-1.1,-0.143,0.651,0.468,0.906,0.0131,0.251,"lm.nb","NM_000917.3:805"
"CD14-mRNA",-1.11,0.435,-1.96,-0.252,0.465,0.257,0.84,0.0135,0.256,"lm.nb","NM_001174105.1:1020"
"TLR3-mRNA",-1.07,0.425,-1.9,-0.237,0.476,0.267,0.848,0.0142,0.268,"lm.nb","NM_003265.2:37"
"BNIP3-mRNA",0.712,0.284,0.157,1.27,1.64,1.11,2.41,0.0144,0.27,"lm.nb","NM_004052.3:116"
"CCL4-mRNA",-1.25,0.506,-2.25,-0.263,0.419,0.211,0.833,0.0156,0.29,"lm.nb","NM_002984.2:35"
"CCND3-mRNA",0.833,0.338,0.172,1.5,1.78,1.13,2.82,0.0162,0.298,"lm.nb","NM_001136017.2:760"
"ICAM3-mRNA",0.551,0.227,0.105,0.996,1.46,1.08,1.99,0.0181,0.33,"lm.nb","NM_002162.3:1225"
"CD69-mRNA",-0.867,0.358,-1.57,-0.166,0.548,0.337,0.892,0.0181,0.33,"lm.nb","NM_001781.2:88"
"IFIH1-mRNA",-1.05,0.434,-1.9,-0.197,0.484,0.268,0.872,0.0185,0.333,"lm.nb","NM_022168.3:3250"
"TNFRSF1A-mRNA",-0.646,0.267,-1.17,-0.121,0.639,0.445,0.919,0.0185,0.333,"lm.nb","NM_001065.2:515"
"EOMES-mRNA",1.15,0.481,0.21,2.1,2.23,1.16,4.28,0.0193,0.345,"lm.nb","NM_001278182.1:1522"
"JAG1-mRNA",-2.56,1.07,-4.66,-0.464,0.169,0.0395,0.725,0.0195,0.346,"loglinear","NM_000214.2:3509"
"ICAM1-mRNA",-1.11,0.468,-2.02,-0.189,0.464,0.246,0.877,0.0211,0.371,"lm.nb","NM_000201.2:2253"
"VEGFB-mRNA",-0.574,0.244,-1.05,-0.0957,0.672,0.483,0.936,0.0216,0.378,"lm.nb","NM_003377.3:687"
"HLA-DRB5-mRNA",-2.57,1.1,-4.72,-0.424,0.168,0.038,0.746,0.0219,0.381,"loglinear","NM_002125.3:135"
"DUSP5-mRNA",-0.978,0.418,-1.8,-0.159,0.508,0.288,0.895,0.0222,0.383,"lm.nb","NM_004419.3:675"
"IFI16-mRNA",-1.17,0.502,-2.15,-0.187,0.444,0.225,0.879,0.0227,0.39,"lm.nb","NM_001206567.1:2351"
"RSAD2-mRNA",0.878,0.378,0.136,1.62,1.84,1.1,3.07,0.0234,0.399,"lm.nb","NM_080657.4:1057"
"MAML2-mRNA",-0.764,0.33,-1.41,-0.117,0.589,0.376,0.922,0.0236,0.401,"lm.nb","NM_032427.1:4125"
"LCK-mRNA",0.809,0.351,0.12,1.5,1.75,1.09,2.82,0.0245,0.41,"lm.nb","NM_005356.4:1723"
"PRKACB-mRNA",-1.22,0.53,-2.26,-0.181,0.429,0.209,0.882,0.0245,0.41,"lm.nb","NM_182948.2:805"
"MFGE8-mRNA",-1.05,0.461,-1.96,-0.151,0.482,0.258,0.901,0.0254,0.422,"lm.nb","NM_001114614.1:328"
"BCL2-mRNA",-1.09,0.478,-2.03,-0.154,0.47,0.245,0.899,0.0257,0.425,"lm.nb","NM_000633.2:1525"
"BMP2-mRNA",-0.677,0.299,-1.26,-0.0898,0.626,0.417,0.94,0.0271,0.445,"lm.nb","NM_001200.3:1193"
"SLC2A1-mRNA",0.632,0.287,0.0683,1.19,1.55,1.05,2.29,0.0314,0.512,"lm.nb","NM_006516.2:264"
"TNFRSF10B-mRNA",-1.28,0.582,-2.42,-0.138,0.412,0.187,0.909,0.0315,0.512,"lm.nb","NM_003842.3:565"
"PFKFB3-mRNA",-0.59,0.27,-1.12,-0.0612,0.664,0.46,0.958,0.0323,0.521,"lm.nb","NM_004566.3:1925"
"TGFB1-mRNA",-0.677,0.311,-1.29,-0.0677,0.626,0.41,0.954,0.0329,0.529,"lm.nb","NM_000660.4:1473"
"DTX3L-mRNA",-0.727,0.335,-1.38,-0.0709,0.604,0.383,0.952,0.0334,0.533,"lm.nb","NM_138287.3:1543"
"CDKN2A-mRNA",0.876,0.405,0.0817,1.67,1.84,1.06,3.18,0.0342,0.543,"lm.nb","NM_000077.4:1052"
"RPS6KB1-mRNA",0.446,0.207,0.0406,0.851,1.36,1.03,1.8,0.0347,0.546,"lm.nb","NM_001272042.1:2451"
"IL12RB2-mRNA",-1.16,0.541,-2.22,-0.102,0.447,0.214,0.932,0.0353,0.553,"lm.nb","NM_001319233.1:880"
"MSH6-mRNA",-0.652,0.305,-1.25,-0.0549,0.636,0.421,0.963,0.036,0.561,"lm.nb","NM_000179.2:1015"
"ROCK1-mRNA",-0.918,0.43,-1.76,-0.0747,0.529,0.295,0.95,0.0365,0.566,"lm.nb","NM_005406.2:3796"
"TLR2-mRNA",-0.64,0.301,-1.23,-0.0506,0.642,0.427,0.966,0.037,0.57,"lm.nb","NM_001318787.1:484"
"EPCAM-mRNA",-1.23,0.579,-2.36,-0.0936,0.427,0.194,0.937,0.0376,0.575,"lm.nb","NM_002354.2:499"
"PTCD2-mRNA",0.819,0.386,0.0614,1.58,1.76,1.04,2.98,0.0378,0.576,"lm.nb","NM_001284403.1:326"
"ISG15-mRNA",-0.977,0.462,-1.88,-0.0721,0.508,0.271,0.951,0.038,0.576,"lm.nb","NM_005101.3:305"
"PSMB10-mRNA",-0.842,0.399,-1.62,-0.0609,0.558,0.325,0.959,0.0383,0.578,"lm.nb","NM_002801.3:249"
"MRE11-mRNA",-0.349,0.166,-0.675,-0.023,0.785,0.626,0.984,0.0396,0.594,"lm.nb","NM_001330347.1:2169"
"HDAC11-mRNA",0.959,0.46,0.0583,1.86,1.94,1.04,3.63,0.0407,0.607,"lm.nb","NM_001330636.1:865"
"GOT1-mRNA",-0.783,0.381,-1.53,-0.0367,0.581,0.346,0.975,0.0436,0.644,"lm.nb","NM_002079.2:568"
"BNIP3L-mRNA",-1.04,0.504,-2.02,-0.0481,0.488,0.246,0.967,0.0437,0.644,"lm.nb","NM_001330491.1:2559"
"ID4-mRNA",-1.27,0.618,-2.48,-0.0556,0.416,0.18,0.962,0.0443,0.649,"lm.nb","NM_001546.3:2048"
"CHUK-mRNA",-1.44,0.708,-2.83,-0.0521,0.369,0.141,0.965,0.046,0.67,"loglinear","NM_001278.4:3263"
"RPL23-mRNA",-0.951,0.469,-1.87,-0.0327,0.517,0.274,0.978,0.0464,0.672,"lm.nb","NM_000978.3:100"
"ADAM12-mRNA",0.74,0.371,0.013,1.47,1.67,1.01,2.76,0.0501,0.722,"lm.nb","NM_003474.5:638"
"TNFRSF14-mRNA",-0.625,0.314,-1.24,-0.00914,0.649,0.423,0.994,0.0508,0.728,"lm.nb","NM_003820.3:503"
"NFKB1-mRNA",-0.723,0.364,-1.44,-0.00841,0.606,0.369,0.994,0.0515,0.734,"lm.nb","NM_003998.3:2920"
"CYBB-mRNA",-0.898,0.454,-1.79,-0.00812,0.536,0.289,0.994,0.0521,0.739,"lm.nb","NM_000397.3:1034"
"ITGB8-mRNA",-1.8,0.93,-3.63,0.0202,0.287,0.081,1.01,0.0568,0.802,"loglinear","NM_002214.2:2609"
"SREBF1-mRNA",-1.03,0.531,-2.07,0.0131,0.491,0.239,1.01,0.0572,0.803,"lm.nb","NM_001005291.1:1392"
"CENPF-mRNA",-0.938,0.489,-1.9,0.0212,0.522,0.269,1.01,0.0595,0.83,"lm.nb","NM_016343.3:9260"
"PFKM-mRNA",0.379,0.198,-0.00886,0.767,1.3,0.994,1.7,0.0597,0.83,"lm.nb","NM_000289.5:2672"
"MELK-mRNA",0.732,0.383,-0.0185,1.48,1.66,0.987,2.8,0.0602,0.832,"lm.nb","NM_014791.2:365"
"ATM-mRNA",-0.842,0.442,-1.71,0.0235,0.558,0.306,1.02,0.0608,0.837,"lm.nb","NM_000051.3:393"
"DAB2-mRNA",-0.652,0.344,-1.33,0.022,0.636,0.399,1.02,0.0623,0.852,"lm.nb","NM_001244871.1:2475"
"CDK2-mRNA",-0.681,0.359,-1.39,0.0239,0.624,0.383,1.02,0.0626,0.852,"lm.nb","NM_001290230.1:1543"
"OLFML2B-mRNA",0.706,0.377,-0.0337,1.45,1.63,0.977,2.72,0.0658,0.891,"lm.nb","NM_015441.1:2920"
"SBNO2-mRNA",-0.872,0.467,-1.79,0.0436,0.546,0.29,1.03,0.0663,0.894,"lm.nb","NM_001100122.1:1686"
"CASP9-mRNA",0.557,0.302,-0.0345,1.15,1.47,0.976,2.22,0.0694,0.93,"lm.nb","XM_011542270.1:326"
"IL32-mRNA",-1.1,0.598,-2.28,0.0696,0.466,0.207,1.05,0.0697,0.93,"lm.nb","NM_004221.4:358"
"EPM2AIP1-mRNA",-0.703,0.383,-1.45,0.0485,0.614,0.365,1.03,0.0712,0.945,"lm.nb","NM_014805.3:1322"
"ANGPTL4-mRNA",-0.907,0.495,-1.88,0.0639,0.533,0.272,1.05,0.0715,0.945,"lm.nb","NM_001039667.2:1088"
"RRM2-mRNA",0.802,0.44,-0.0607,1.66,1.74,0.959,3.17,0.0729,0.959,"lm.nb","NM_001034.1:490"
"PLA1A-mRNA",-0.748,0.413,-1.56,0.0611,0.596,0.34,1.04,0.0745,0.975,"lm.nb","NM_015900.2:1250"
"IRF3-mRNA",-0.89,0.492,-1.85,0.074,0.54,0.277,1.05,0.0749,0.975,"lm.nb","NM_001197122.1:607"
"ITGB2-mRNA",-0.868,0.483,-1.82,0.0788,0.548,0.284,1.06,0.0768,0.996,"lm.nb","NM_000211.3:1412"
"OAS1-mRNA",-0.887,0.495,-1.86,0.0826,0.541,0.276,1.06,0.0775,1,"lm.nb","NM_001032409.1:805"
"IER3-mRNA",-0.765,0.432,-1.61,0.0813,0.588,0.327,1.06,0.081,1,"lm.nb","NM_003897.3:204"
"MLH1-mRNA",0.36,0.205,-0.0415,0.762,1.28,0.972,1.7,0.0834,1,"lm.nb","NM_000249.2:1605"
"A2M-mRNA",-1.57,0.9,-3.33,0.192,0.337,0.0991,1.14,0.0854,1,"loglinear","NM_000014.4:1685"
"EIF2AK2-mRNA",-0.549,0.315,-1.17,0.0674,0.683,0.446,1.05,0.0854,1,"lm.nb","NM_001135652.2:516"
"IFNGR2-mRNA",-0.712,0.408,-1.51,0.0875,0.61,0.351,1.06,0.0855,1,"lm.nb","NM_005534.3:1963"
"RBL2-mRNA",-0.756,0.433,-1.61,0.0934,0.592,0.329,1.07,0.0856,1,"lm.nb","NM_001323611.1:1085"
"PTPN11-mRNA",0.332,0.193,-0.0461,0.709,1.26,0.969,1.63,0.09,1,"lm.nb","NM_001330437.1:228"
"EIF2B4-mRNA",0.495,0.289,-0.0704,1.06,1.41,0.952,2.09,0.0907,1,"lm.nb","NM_001034116.1:1258"
"TNFRSF10D-mRNA",-0.597,0.348,-1.28,0.0865,0.661,0.412,1.06,0.0915,1,"lm.nb","NM_003840.4:838"
"APH1B-mRNA",0.591,0.346,-0.0875,1.27,1.51,0.941,2.41,0.0924,1,"lm.nb","NM_001145646.1:541"
"SPP1-mRNA",-1.82,1.08,-3.94,0.292,0.283,0.0653,1.22,0.0958,1,"loglinear","NM_000582.2:760"
"CTNNB1-mRNA",-0.691,0.411,-1.5,0.114,0.619,0.355,1.08,0.097,1,"lm.nb","NM_001098209.1:1938"
"IL33-mRNA",0.73,0.435,-0.123,1.58,1.66,0.918,2.99,0.0981,1,"lm.nb","NM_033439.3:1842"
"CD68-mRNA",-0.531,0.318,-1.15,0.0934,0.692,0.449,1.07,0.1,1,"lm.nb","NM_001251.2:1140"
"HEY1-mRNA",-0.729,0.439,-1.59,0.131,0.603,0.332,1.1,0.101,1,"lm.nb","NM_001040708.1:1859"
"RB1-mRNA",-0.785,0.474,-1.71,0.144,0.58,0.305,1.1,0.102,1,"lm.nb","NM_000321.2:2769"
"RPL7A-mRNA",-0.683,0.416,-1.5,0.133,0.623,0.354,1.1,0.106,1,"lm.nb","NM_000972.2:657"
"TRAF1-mRNA",0.481,0.295,-0.0972,1.06,1.4,0.935,2.08,0.108,1,"lm.nb","NM_001190945.1:712"
"HELLS-mRNA",0.567,0.354,-0.127,1.26,1.48,0.915,2.4,0.114,1,"lm.nb","NM_001289067.1:191"
"CDC20-mRNA",0.673,0.422,-0.154,1.5,1.59,0.899,2.83,0.115,1,"lm.nb","NM_001255.1:915"
"MICB-mRNA",0.469,0.294,-0.108,1.05,1.38,0.928,2.06,0.116,1,"lm.nb","NM_005931.3:1387"
"FADD-mRNA",0.553,0.349,-0.131,1.24,1.47,0.913,2.36,0.118,1,"lm.nb","NM_003824.3:810"
"CASP8-mRNA",-0.854,0.546,-1.92,0.216,0.553,0.264,1.16,0.123,1,"lm.nb","NM_001228.4:762"
"BRIP1-mRNA",0.587,0.375,-0.149,1.32,1.5,0.902,2.5,0.123,1,"lm.nb","NM_032043.2:1570"
"CXCL16-mRNA",-0.75,0.482,-1.69,0.195,0.595,0.309,1.15,0.125,1,"lm.nb","NM_001100812.1:743"
"TP53-mRNA",-0.884,0.57,-2,0.233,0.542,0.25,1.17,0.125,1,"lm.nb","NM_000546.2:1330"
"ITGA6-mRNA",-0.518,0.334,-1.17,0.136,0.698,0.444,1.1,0.125,1,"lm.nb","NM_001316306.1:1982"
"MET-mRNA",-0.662,0.435,-1.52,0.192,0.632,0.35,1.14,0.133,1,"lm.nb","NM_000245.2:1488"
"JAK1-mRNA",-0.477,0.314,-1.09,0.138,0.719,0.469,1.1,0.133,1,"lm.nb","NM_002227.1:285"
"LDHB-mRNA",-0.704,0.471,-1.63,0.219,0.614,0.324,1.16,0.14,1,"lm.nb","NM_001174097.2:1200"
"TMEM140-mRNA",-0.522,0.352,-1.21,0.167,0.697,0.432,1.12,0.143,1,"lm.nb","NM_018295.3:377"
"GPC4-mRNA",-0.542,0.366,-1.26,0.176,0.687,0.417,1.13,0.144,1,"lm.nb","NM_001448.2:820"
"PIAS4-mRNA",0.399,0.271,-0.132,0.931,1.32,0.913,1.91,0.145,1,"lm.nb","NM_015897.2:454"
"NBN-mRNA",-0.701,0.476,-1.63,0.232,0.615,0.322,1.17,0.146,1,"lm.nb","NM_002485.4:1046"
"SNAI1-mRNA",0.59,0.401,-0.196,1.38,1.51,0.873,2.6,0.146,1,"lm.nb","NM_005985.3:960"
"TGFBR1-mRNA",-0.404,0.278,-0.949,0.141,0.756,0.518,1.1,0.151,1,"lm.nb","NM_001130916.2:3011"
"RPTOR-mRNA",0.5,0.364,-0.213,1.21,1.41,0.863,2.32,0.174,1,"lm.nb","NM_001163034.1:3139"
"TPSAB1/B2-mRNA",0.727,0.529,-0.31,1.76,1.66,0.807,3.4,0.174,1,"lm.nb","NM_003294.3:556"
"MAP3K7-mRNA",-0.291,0.213,-0.709,0.126,0.817,0.612,1.09,0.175,1,"lm.nb","NM_003188.3:1178"
"DPP4-mRNA",-0.838,0.614,-2.04,0.366,0.559,0.243,1.29,0.177,1,"lm.nb","NM_001935.3:1861"
"TNFSF10-mRNA",-1.61,1.19,-3.94,0.713,0.327,0.0651,1.64,0.179,1,"loglinear","NM_003810.3:155"
"STC1-mRNA",0.57,0.419,-0.252,1.39,1.48,0.84,2.62,0.179,1,"lm.nb","NM_003155.2:2172"
"OAS3-mRNA",0.378,0.278,-0.168,0.924,1.3,0.89,1.9,0.179,1,"lm.nb","NM_006187.3:2354"
"VCAM1-mRNA",-1.25,0.932,-3.07,0.582,0.422,0.119,1.5,0.186,1,"loglinear","NM_001078.3:2535"
"RELB-mRNA",-0.549,0.411,-1.35,0.257,0.684,0.391,1.19,0.186,1,"lm.nb","NM_006509.3:956"
"TPM1-mRNA",-1.39,1.06,-3.47,0.686,0.381,0.0904,1.61,0.194,1,"loglinear","NM_000366.5:830"
"ERO1A-mRNA",-0.423,0.323,-1.05,0.21,0.746,0.481,1.16,0.195,1,"lm.nb","NM_014584.2:963"
"BRCA2-mRNA",0.611,0.467,-0.305,1.53,1.53,0.809,2.88,0.196,1,"lm.nb","NM_000059.3:1373"
"ZC3H12A-mRNA",-0.506,0.391,-1.27,0.26,0.704,0.414,1.2,0.2,1,"lm.nb","NM_025079.2:1379"
"PRKCA-mRNA",-0.394,0.305,-0.992,0.205,0.761,0.503,1.15,0.202,1,"lm.nb","NM_002737.2:818"
"FCGR2B-mRNA",-0.537,0.42,-1.36,0.287,0.689,0.39,1.22,0.206,1,"lm.nb","NM_001002273.1:870"
"LYZ-mRNA",-0.736,0.584,-1.88,0.408,0.6,0.272,1.33,0.212,1,"lm.nb","NM_000239.2:381"
"ALDOA-mRNA",-0.438,0.348,-1.12,0.245,0.738,0.46,1.19,0.213,1,"lm.nb","NM_000034.3:2049"
"TPI1-mRNA",-0.457,0.367,-1.18,0.262,0.729,0.443,1.2,0.217,1,"lm.nb","NM_000365.5:153"
"MYD88-mRNA",-0.194,0.158,-0.503,0.116,0.874,0.706,1.08,0.224,1,"lm.nb","NM_002468.3:2145"
"MGMT-mRNA",-0.439,0.359,-1.14,0.264,0.738,0.453,1.2,0.225,1,"lm.nb","NM_002412.3:323"
"CXCL2-mRNA",-0.693,0.568,-1.81,0.42,0.619,0.286,1.34,0.227,1,"lm.nb","NM_002089.1:435"
"BRD4-mRNA",-0.657,0.553,-1.74,0.427,0.634,0.299,1.34,0.239,1,"lm.nb","NM_001330384.1:2083"
"BCL2L1-mRNA",-0.381,0.328,-1.02,0.261,0.768,0.492,1.2,0.249,1,"lm.nb","NM_001191.3:1421"
"CCND2-mRNA",-0.727,0.632,-1.97,0.512,0.604,0.256,1.43,0.254,1,"lm.nb","NM_001759.2:5825"
"NF1-mRNA",-0.602,0.525,-1.63,0.426,0.659,0.323,1.34,0.255,1,"lm.nb","NM_000267.3:1260"
"CXCL5-mRNA",1.25,1.1,-0.898,3.4,2.38,0.537,10.6,0.258,1,"loglinear","NM_002994.4:475"
"ARNT2-mRNA",-0.622,0.548,-1.7,0.452,0.65,0.309,1.37,0.26,1,"lm.nb","NM_014862.3:1133"
"TICAM1-mRNA",-0.455,0.403,-1.24,0.335,0.73,0.422,1.26,0.263,1,"lm.nb","NM_182919.3:2552"
"HLA-DOA-mRNA",0.421,0.378,-0.32,1.16,1.34,0.801,2.24,0.269,1,"lm.nb","NM_002119.3:3075"
"BID-mRNA",0.296,0.269,-0.231,0.824,1.23,0.852,1.77,0.275,1,"lm.nb","NM_001196.3:1604"
"ZEB2-mRNA",-0.662,0.606,-1.85,0.526,0.632,0.277,1.44,0.279,1,"lm.nb","NM_001171653.1:1879"
"AKT1-mRNA",-0.432,0.401,-1.22,0.355,0.741,0.43,1.28,0.286,1,"lm.nb","NM_005163.2:2207"
"JAK2-mRNA",-0.338,0.315,-0.956,0.28,0.791,0.516,1.21,0.287,1,"lm.nb","NM_004972.2:455"
"GOT2-mRNA",0.248,0.232,-0.206,0.702,1.19,0.867,1.63,0.288,1,"lm.nb","NM_002080.3:674"
"SLC16A1-mRNA",-0.523,0.491,-1.49,0.44,0.696,0.357,1.36,0.291,1,"lm.nb","NM_003051.3:635"
"MMP7-mRNA",-1.17,1.11,-3.36,1.01,0.443,0.0975,2.02,0.296,1,"loglinear","NM_002423.3:265"
"MICA-mRNA",0.434,0.421,-0.391,1.26,1.35,0.762,2.39,0.307,1,"lm.nb","NM_000247.1:550"
"TLR1-mRNA",0.507,0.493,-0.46,1.47,1.42,0.727,2.78,0.308,1,"lm.nb","NM_003263.3:696"
"LIF-mRNA",-0.625,0.613,-1.83,0.577,0.648,0.282,1.49,0.312,1,"lm.nb","NM_002309.4:3740"
"ITPK1-mRNA",0.171,0.168,-0.159,0.501,1.13,0.896,1.42,0.313,1,"lm.nb","NM_001142593.2:958"
"TREM2-mRNA",-0.431,0.426,-1.27,0.403,0.742,0.416,1.32,0.315,1,"lm.nb","NM_018965.3:848"
"TNF-mRNA",-0.317,0.317,-0.938,0.304,0.803,0.522,1.23,0.32,1,"lm.nb","NM_000594.3:1366"
"RAD50-mRNA",-0.491,0.493,-1.46,0.475,0.711,0.364,1.39,0.322,1,"lm.nb","NM_005732.3:1357"
"ENO1-mRNA",-0.438,0.447,-1.31,0.438,0.738,0.402,1.35,0.331,1,"lm.nb","NM_001428.3:782"
"GPR160-mRNA",-0.615,0.633,-1.86,0.624,0.653,0.276,1.54,0.334,1,"lm.nb","NM_014373.1:760"
"EIF4EBP1-mRNA",0.381,0.394,-0.391,1.15,1.3,0.762,2.22,0.337,1,"lm.nb","NM_004095.3:673"
"NFKBIE-mRNA",-0.267,0.278,-0.812,0.279,0.831,0.569,1.21,0.342,1,"lm.nb","NM_004556.2:876"
"ITGAV-mRNA",-0.345,0.369,-1.07,0.378,0.787,0.477,1.3,0.353,1,"lm.nb","NM_001144999.2:2701"
"MSH2-mRNA",-0.245,0.265,-0.764,0.274,0.844,0.589,1.21,0.358,1,"lm.nb","NM_000251.1:2514"
"TCF3-mRNA",-0.504,0.545,-1.57,0.564,0.705,0.336,1.48,0.358,1,"lm.nb","NM_003200.3:276"
"PTEN-mRNA",-0.404,0.439,-1.27,0.457,0.756,0.416,1.37,0.361,1,"lm.nb","NM_000314.6:6696"
"CCND1-mRNA",-0.36,0.398,-1.14,0.419,0.779,0.454,1.34,0.368,1,"lm.nb","NM_053056.2:857"
"PIK3R2-mRNA",-0.273,0.302,-0.866,0.319,0.827,0.549,1.25,0.369,1,"lm.nb","NM_005027.3:344"
"S100A8-mRNA",-0.452,0.503,-1.44,0.533,0.731,0.369,1.45,0.372,1,"lm.nb","NM_002964.4:365"
"SMAD5-mRNA",-0.195,0.218,-0.622,0.232,0.874,0.65,1.17,0.374,1,"lm.nb","NM_005903.5:5007"
"NOTCH2-mRNA",-0.312,0.352,-1,0.379,0.806,0.499,1.3,0.379,1,"lm.nb","NM_024408.3:2842"
"SMAP1-mRNA",-0.332,0.376,-1.07,0.404,0.794,0.477,1.32,0.38,1,"lm.nb","NM_001044305.2:823"
"HAVCR2-mRNA",-0.31,0.357,-1.01,0.389,0.806,0.497,1.31,0.388,1,"lm.nb","NM_032782.3:955"
"PIK3CA-mRNA",-0.288,0.331,-0.937,0.361,0.819,0.522,1.28,0.388,1,"lm.nb","NM_006218.2:3296"
"SRP54-mRNA",-0.295,0.342,-0.966,0.377,0.815,0.512,1.3,0.392,1,"lm.nb","NM_001146282.1:951"
"FYN-mRNA",-0.399,0.466,-1.31,0.514,0.759,0.403,1.43,0.395,1,"lm.nb","NM_002037.5:2125"
"HK1-mRNA",-0.215,0.251,-0.707,0.278,0.862,0.613,1.21,0.396,1,"lm.nb","NM_000188.2:3355"
"PLOD2-mRNA",-0.955,1.13,-3.16,1.25,0.516,0.112,2.38,0.4,1,"loglinear","NM_182943.2:2588"
"E2F3-mRNA",0.31,0.373,-0.421,1.04,1.24,0.747,2.06,0.409,1,"lm.nb","NM_001243076.2:2707"
"CCL5-mRNA",-0.373,0.45,-1.26,0.509,0.772,0.419,1.42,0.41,1,"lm.nb","NM_002985.2:277"
"KIF2C-mRNA",0.422,0.516,-0.589,1.43,1.34,0.665,2.7,0.416,1,"lm.nb","NM_006845.2:1020"
"RICTOR-mRNA",-0.41,0.536,-1.46,0.64,0.752,0.363,1.56,0.447,1,"lm.nb","NM_001285439.1:117"
"BRD3-mRNA",-0.286,0.379,-1.03,0.457,0.82,0.49,1.37,0.454,1,"lm.nb","NM_007371.3:2621"
"TAP2-mRNA",-0.243,0.331,-0.892,0.406,0.845,0.539,1.33,0.466,1,"lm.nb","NM_018833.2:912"
"CCL20-mRNA",-0.655,0.899,-2.42,1.11,0.635,0.187,2.15,0.469,1,"loglinear","NM_001130046.1:295"
"GIMAP4-mRNA",-0.303,0.419,-1.12,0.517,0.81,0.459,1.43,0.471,1,"lm.nb","NM_018326.2:315"
"TLR4-mRNA",0.288,0.408,-0.511,1.09,1.22,0.702,2.12,0.483,1,"lm.nb","NR_024168.1:2575"
"PALMD-mRNA",0.264,0.38,-0.48,1.01,1.2,0.717,2.01,0.489,1,"lm.nb","NM_017734.4:224"
"CD276-mRNA",-0.31,0.46,-1.21,0.592,0.807,0.432,1.51,0.503,1,"lm.nb","NM_001024736.1:2119"
"CCNE1-mRNA",-0.226,0.344,-0.9,0.449,0.855,0.536,1.36,0.514,1,"lm.nb","NM_001238.1:1155"
"BBS1-mRNA",0.175,0.266,-0.347,0.696,1.13,0.786,1.62,0.514,1,"lm.nb","NM_024649.4:82"
"IGF2R-mRNA",-0.301,0.486,-1.25,0.652,0.812,0.419,1.57,0.538,1,"lm.nb","NM_000876.2:7820"
"SLC7A5-mRNA",0.165,0.27,-0.365,0.695,1.12,0.777,1.62,0.544,1,"lm.nb","NM_003486.6:2011"
"HDAC3-mRNA",-0.25,0.419,-1.07,0.573,0.841,0.476,1.49,0.554,1,"lm.nb","NM_003883.3:1464"
"FOSL1-mRNA",-0.158,0.273,-0.694,0.378,0.896,0.618,1.3,0.565,1,"lm.nb","NM_005438.3:1320"
"TAPBPL-mRNA",0.231,0.4,-0.553,1.01,1.17,0.682,2.02,0.566,1,"lm.nb","NM_018009.4:1425"
"PDGFA-mRNA",-0.214,0.38,-0.959,0.531,0.862,0.515,1.45,0.576,1,"lm.nb","NM_033023.4:2390"
"CSF1-mRNA",-0.186,0.342,-0.856,0.483,0.879,0.553,1.4,0.587,1,"lm.nb","NM_000757.5:251"
"SFXN1-mRNA",-0.209,0.392,-0.979,0.56,0.865,0.507,1.47,0.595,1,"lm.nb","NM_001322977.1:191"
"APC-mRNA",-0.257,0.484,-1.21,0.692,0.837,0.433,1.62,0.597,1,"lm.nb","NM_001127510.2:462"
"TBXAS1-mRNA",-0.181,0.36,-0.887,0.525,0.882,0.541,1.44,0.617,1,"lm.nb","NM_001061.4:709"
"CD3D-mRNA",0.212,0.424,-0.619,1.04,1.16,0.651,2.06,0.619,1,"lm.nb","NM_000732.4:127"
"PMS2-mRNA",-0.214,0.432,-1.06,0.632,0.862,0.48,1.55,0.621,1,"lm.nb","NM_000535.6:894"
"GLS-mRNA",-0.12,0.246,-0.602,0.361,0.92,0.659,1.28,0.627,1,"lm.nb","NM_014905.4:165"
"HMGA1-mRNA",0.228,0.477,-0.707,1.16,1.17,0.613,2.24,0.634,1,"lm.nb","NM_145902.2:906"
"FCGR3A/B-mRNA",-0.213,0.448,-1.09,0.665,0.863,0.47,1.59,0.636,1,"lm.nb","NM_000570.4:255"
"NRAS-mRNA",-0.119,0.25,-0.608,0.371,0.921,0.656,1.29,0.637,1,"lm.nb","NM_002524.4:2168"
"VTCN1-mRNA",0.162,0.342,-0.508,0.831,1.12,0.703,1.78,0.637,1,"lm.nb","NM_001253849.1:871"
"FPR3-mRNA",-0.211,0.448,-1.09,0.666,0.864,0.47,1.59,0.639,1,"lm.nb","NM_002030.4:733"
"PTPRC-mRNA",0.179,0.381,-0.567,0.925,1.13,0.675,1.9,0.639,1,"lm.nb","NM_080921.3:99"
"NFKB2-mRNA",-0.104,0.222,-0.539,0.331,0.93,0.688,1.26,0.641,1,"lm.nb","NM_001077494.3:1986"
"KRAS-mRNA",0.0907,0.195,-0.292,0.473,1.06,0.817,1.39,0.644,1,"lm.nb","NM_004985.3:1790"
"ICOSLG-mRNA",0.178,0.386,-0.578,0.935,1.13,0.67,1.91,0.645,1,"lm.nb","NM_015259.4:1190"
"TYMS-mRNA",0.193,0.424,-0.638,1.02,1.14,0.643,2.03,0.65,1,"lm.nb","NM_001071.1:395"
"TNFAIP6-mRNA",0.461,1.01,-1.53,2.45,1.38,0.347,5.46,0.65,1,"loglinear","NM_007115.3:165"
"MTOR-mRNA",0.178,0.401,-0.608,0.964,1.13,0.656,1.95,0.658,1,"lm.nb","NM_004958.3:3444"
"PDZK1IP1-mRNA",-0.507,1.15,-2.76,1.75,0.704,0.148,3.36,0.661,1,"loglinear","NM_005764.3:229"
"RIPK1-mRNA",-0.163,0.404,-0.956,0.63,0.893,0.515,1.55,0.688,1,"lm.nb","NM_003804.3:1304"
"LDHA-mRNA",-0.162,0.403,-0.951,0.627,0.894,0.517,1.54,0.688,1,"lm.nb","NM_001135239.1:1053"
"CD40-mRNA",-0.17,0.424,-1,0.661,0.889,0.499,1.58,0.689,1,"lm.nb","NM_001250.5:166"
"KAT2B-mRNA",0.186,0.464,-0.724,1.1,1.14,0.605,2.14,0.69,1,"lm.nb","NM_003884.4:1180"
"UBE2C-mRNA",0.241,0.602,-0.938,1.42,1.18,0.522,2.68,0.69,1,"lm.nb","NM_007019.2:445"
"TNFRSF10C-mRNA",0.148,0.377,-0.59,0.886,1.11,0.664,1.85,0.695,1,"lm.nb","NM_003841.3:682"
"P4HA2-mRNA",0.208,0.537,-0.844,1.26,1.16,0.557,2.4,0.699,1,"lm.nb","NM_001017973.1:1748"
"CD70-mRNA",-0.171,0.457,-1.07,0.723,0.888,0.478,1.65,0.708,1,"lm.nb","NM_001252.3:420"
"ANLN-mRNA",0.214,0.592,-0.947,1.37,1.16,0.519,2.59,0.719,1,"lm.nb","NM_018685.2:240"
"NECTIN1-mRNA",-0.118,0.329,-0.762,0.526,0.921,0.59,1.44,0.72,1,"lm.nb","NM_002855.4:357"
"ITGB3-mRNA",0.147,0.415,-0.667,0.961,1.11,0.63,1.95,0.724,1,"lm.nb","NM_000212.2:4485"
"RELA-mRNA",-0.121,0.344,-0.796,0.553,0.919,0.576,1.47,0.725,1,"lm.nb","NM_021975.3:1990"
"IL10RA-mRNA",0.132,0.376,-0.605,0.869,1.1,0.658,1.83,0.726,1,"lm.nb","NM_001558.2:150"
"HK2-mRNA",-0.0886,0.254,-0.586,0.409,0.94,0.666,1.33,0.728,1,"lm.nb","NM_000189.4:2883"
"ITGA2-mRNA",0.141,0.413,-0.668,0.949,1.1,0.629,1.93,0.734,1,"lm.nb","NM_002203.3:903"
"LAMC2-mRNA",-0.375,1.12,-2.57,1.82,0.771,0.169,3.53,0.738,1,"loglinear","NM_005562.2:1027"
"CDKN2B-mRNA",0.0971,0.293,-0.478,0.672,1.07,0.718,1.59,0.742,1,"lm.nb","NM_004936.3:906"
"BIRC5-mRNA",0.196,0.594,-0.967,1.36,1.15,0.512,2.57,0.742,1,"lm.nb","NM_001168.2:1215"
"LY96-mRNA",-0.201,0.628,-1.43,1.03,0.87,0.371,2.04,0.75,1,"lm.nb","NM_001195797.1:135"
"FBP1-mRNA",-0.117,0.368,-0.839,0.605,0.922,0.559,1.52,0.752,1,"lm.nb","NM_001127628.1:488"
"MAP3K5-mRNA",-0.122,0.397,-0.899,0.656,0.919,0.536,1.58,0.76,1,"lm.nb","NM_005923.3:3371"
"SIRPA-mRNA",0.0929,0.315,-0.524,0.71,1.07,0.696,1.64,0.769,1,"lm.nb","NM_001040023.1:3355"
"IRF7-mRNA",-0.0946,0.325,-0.731,0.542,0.937,0.602,1.46,0.772,1,"lm.nb","NM_004029.2:1705"
"ELOB-mRNA",0.125,0.437,-0.732,0.982,1.09,0.602,1.98,0.776,1,"lm.nb","NM_007108.2:800"
"API5-mRNA",-0.109,0.39,-0.873,0.655,0.927,0.546,1.58,0.781,1,"lm.nb","NM_001142930.1:1552"
"CXCL1-mRNA",-0.156,0.627,-1.39,1.07,0.898,0.383,2.1,0.804,1,"lm.nb","NM_001511.3:743"
"NT5E-mRNA",0.14,0.592,-1.02,1.3,1.1,0.493,2.46,0.813,1,"lm.nb","NM_002526.3:3526"
"CXCL8-mRNA",-0.129,0.561,-1.23,0.971,0.914,0.427,1.96,0.819,1,"lm.nb","NM_000584.3:170"
"BAX-mRNA",0.0791,0.373,-0.652,0.81,1.06,0.636,1.75,0.833,1,"lm.nb","NM_004324.3:330"
"TNFRSF11B-mRNA",0.0916,0.434,-0.759,0.942,1.07,0.591,1.92,0.833,1,"lm.nb","NM_002546.3:572"
"PC-mRNA",-0.0768,0.391,-0.844,0.69,0.948,0.557,1.61,0.845,1,"lm.nb","NM_000920.3:262"
"ENTPD1-mRNA",0.0813,0.423,-0.748,0.911,1.06,0.595,1.88,0.848,1,"lm.nb","NM_001098175.1:1418"
"HRAS-mRNA",-0.0605,0.328,-0.703,0.582,0.959,0.614,1.5,0.854,1,"lm.nb","NM_005343.3:842"
"RNLS-mRNA",-0.0732,0.404,-0.865,0.719,0.951,0.549,1.65,0.857,1,"lm.nb","NM_001031709.2:726"
"HMGB1-mRNA",-0.0645,0.389,-0.827,0.698,0.956,0.564,1.62,0.869,1,"lm.nb","NM_002128.5:3400"
"PRKAA2-mRNA",0.054,0.363,-0.657,0.765,1.04,0.634,1.7,0.882,1,"lm.nb","NM_006252.3:4014"
"TRIM21-mRNA",-0.0687,0.478,-1,0.868,0.953,0.498,1.82,0.886,1,"lm.nb","NM_003141.3:1190"
"CCL2-mRNA",0.145,1.01,-1.83,2.12,1.11,0.281,4.35,0.886,1,"loglinear","NM_002982.3:303"
"GPSM3-mRNA",-0.0594,0.444,-0.929,0.811,0.96,0.525,1.75,0.894,1,"lm.nb","NM_001276501.1:915"
"CDK6-mRNA",0.0628,0.492,-0.901,1.03,1.04,0.536,2.04,0.899,1,"lm.nb","NM_001145306.1:1373"
"EZH2-mRNA",-0.0261,0.21,-0.437,0.385,0.982,0.739,1.31,0.901,1,"lm.nb","NM_004456.4:1596"
"CDKN1A-mRNA",-0.0277,0.259,-0.535,0.48,0.981,0.69,1.39,0.915,1,"lm.nb","NM_000389.2:1975"
"PARP12-mRNA",0.0463,0.441,-0.818,0.911,1.03,0.567,1.88,0.917,1,"lm.nb","NM_022750.3:1843"
"CDH2-mRNA",0.0338,0.329,-0.612,0.679,1.02,0.654,1.6,0.919,1,"lm.nb","NM_001792.3:3067"
"MKI67-mRNA",0.0864,0.939,-1.75,1.93,1.06,0.296,3.8,0.927,1,"loglinear","NM_002417.2:2005"
"ARG2-mRNA",-0.0188,0.254,-0.516,0.478,0.987,0.699,1.39,0.941,1,"lm.nb","NM_001172.3:512"
"CD44-mRNA",-0.0333,0.497,-1.01,0.94,0.977,0.498,1.92,0.947,1,"lm.nb","NM_001001392.1:566"
"SAMD9-mRNA",-0.018,0.301,-0.608,0.572,0.988,0.656,1.49,0.953,1,"lm.nb","NM_017654.3:490"
"IRF2-mRNA",-0.0102,0.174,-0.351,0.331,0.993,0.784,1.26,0.953,1,"lm.nb","NM_002199.3:1624"
"LAMB3-mRNA",-0.0258,0.496,-0.998,0.947,0.982,0.501,1.93,0.959,1,"lm.nb","NM_000228.2:3350"
"HIF1A-mRNA",-0.0303,0.581,-1.17,1.11,0.979,0.445,2.16,0.959,1,"lm.nb","NM_181054.2:930"
"IFIT2-mRNA",0.0218,0.441,-0.842,0.885,1.02,0.558,1.85,0.961,1,"lm.nb","NM_001547.4:1995"
"ITGAE-mRNA",-0.0113,0.317,-0.632,0.61,0.992,0.645,1.53,0.972,1,"lm.nb","NM_002208.4:3647"
"CCNB1-mRNA",0.0136,0.529,-1.02,1.05,1.01,0.492,2.07,0.98,1,"lm.nb","NM_031966.2:710"
"POLD1-mRNA",-0.00702,0.307,-0.608,0.594,0.995,0.656,1.51,0.982,1,"lm.nb","NM_001256849.1:1356"
"CASP3-mRNA",-0.0059,0.292,-0.578,0.566,0.996,0.67,1.48,0.984,1,"lm.nb","NM_032991.2:1002"
"TWF1-mRNA",0.00418,0.243,-0.473,0.481,1,0.72,1.4,0.986,1,"lm.nb","NM_002822.4:1574"
"PSMB5-mRNA",0.00659,0.415,-0.806,0.819,1,0.572,1.76,0.987,1,"lm.nb","NM_001130725.1:426"
"SLC1A5-mRNA",-0.00538,0.412,-0.814,0.803,0.996,0.569,1.74,0.99,1,"lm.nb","NM_001145144.1:648"
"PKM-mRNA",0.00176,0.457,-0.894,0.897,1,0.538,1.86,0.997,1,"lm.nb","NM_001206796.2:1533"
"DNMT1-mRNA",0.000871,0.378,-0.74,0.741,1,0.599,1.67,0.998,1,"lm.nb","NM_001130823.2:2500"
"CXCL6-mRNA",-0.00116,0.51,-1,0.998,0.999,0.5,2,0.998,1,"lm.nb","NM_002993.3:308"
