ID,Description,GeneRatio,BgRatio,pvalue,p.adjust,qvalue,geneID,Count,Regulation,Cell_Population,Treatment
mmu04658,Th1 and Th2 cell differentiation - Mus musculus (house mouse),6/60,88/9771,1.5230743042034e-05,0.00275676449060816,0.0023246923590473,17132/16184/18761/19664/270118/15978,6,UPREGULATED,CD8_EM,0034
mmu04660,T cell receptor signaling pathway - Mus musculus (house mouse),6/60,122/9771,9.66803912657656e-05,0.00874957540955178,0.00737824038607158,17444/12477/18761/18707/54167/15978,6,UPREGULATED,CD8_EM,0034
mmu04062,Chemokine signaling pathway - Mus musculus (house mouse),6/60,193/9771,0.00113393811363431,0.0684142661892701,0.0576915882375351,277360/94176/12772/20304/18707/140580,6,UPREGULATED,CD8_EM,0034
mmu05202,Transcriptional misregulation in cancer - Mus musculus (house mouse),6/60,226/9771,0.0025300967821307,0.0813767888155394,0.0686224738485211,17132/70122/14247/58208/12394/12393,6,UPREGULATED,CD8_EM,0034
mmu04060,Cytokine-cytokine receptor interaction - Mus musculus (house mouse),6/60,294/9771,0.00903591331787369,0.125714393598716,0.106010974538028,16184/12772/20304/16182/16197/15978,6,UPREGULATED,CD8_EM,0034
mmu05165,Human papillomavirus infection - Mus musculus (house mouse),6/60,359/9771,0.0222718102371038,0.161247906116631,0.135975262500213,109700/18707/19664/16401/270118/12445,6,UPREGULATED,CD8_EM,0034
mmu04151,PI3K-Akt signaling pathway - Mus musculus (house mouse),6/60,367/9771,0.0245065026123362,0.163119937823913,0.137553887667737,16184/109700/18707/16401/12445/16197,6,UPREGULATED,CD8_EM,0034
mmu04630,JAK-STAT signaling pathway - Mus musculus (house mouse),5/60,171/9771,0.00388937406626856,0.0879970882493262,0.0742051631064397,16184/18707/12445/16197/15978,5,UPREGULATED,CD8_EM,0034
mmu04810,Regulation of actin cytoskeleton - Mus musculus (house mouse),5/60,232/9771,0.0136805148991861,0.151128150679359,0.127441592605449,109700/18718/18707/544963/16401,5,UPREGULATED,CD8_EM,0034
mmu05132,Salmonella infection - Mus musculus (house mouse),5/60,252/9771,0.0189227272785698,0.161247906116631,0.135975262500213,66395/18707/140580/19157/16842,5,UPREGULATED,CD8_EM,0034
mmu04640,Hematopoietic cell lineage - Mus musculus (house mouse),4/60,94/9771,0.00259577040525053,0.0813767888155394,0.0686224738485211,16184/109700/16401/16197,4,UPREGULATED,CD8_EM,0034
mmu04061,Viral protein interaction with cytokine and cytokine receptor - Mus musculus (house mouse),4/60,95/9771,0.00269757310990738,0.0813767888155394,0.0686224738485211,16184/12772/20304/16182,4,UPREGULATED,CD8_EM,0034
mmu04659,Th17 cell differentiation - Mus musculus (house mouse),4/60,105/9771,0.00387055193709275,0.0879970882493262,0.0742051631064397,16184/18761/12394/15978,4,UPREGULATED,CD8_EM,0034
mmu05162,Measles - Mus musculus (house mouse),4/60,145/9771,0.0119340893666203,0.144004678357218,0.121434593555084,16184/18707/12445/27218,4,UPREGULATED,CD8_EM,0034
mmu05164,Influenza A - Mus musculus (house mouse),4/60,174/9771,0.0218676475016108,0.161247906116631,0.135975262500213,20304/18707/12445/15978,4,UPREGULATED,CD8_EM,0034
mmu04514,Cell adhesion molecules - Mus musculus (house mouse),4/60,179/9771,0.023970776876474,0.163119937823913,0.137553887667737,18613/12477/16401/54167,4,UPREGULATED,CD8_EM,0034
mmu04510,Focal adhesion - Mus musculus (house mouse),4/60,202/9771,0.0352017175725185,0.198367401234888,0.167276959459487,109700/18707/16401/12445,4,UPREGULATED,CD8_EM,0034
mmu05144,Malaria - Mus musculus (house mouse),3/60,57/9771,0.00509042903496263,0.10237418392536,0.0863289134584306,18613/27007/15978,3,UPREGULATED,CD8_EM,0034
mmu05321,Inflammatory bowel disease - Mus musculus (house mouse),3/60,62/9771,0.006438666940245,0.110762146249776,0.0934022169596832,17132/16182/15978,3,UPREGULATED,CD8_EM,0034
mmu04330,Notch signaling pathway - Mus musculus (house mouse),3/60,63/9771,0.00673140115330131,0.110762146249776,0.0934022169596832,20238/19664/270118,3,UPREGULATED,CD8_EM,0034
mmu05221,Acute myeloid leukemia - Mus musculus (house mouse),3/60,70/9771,0.00900230096857168,0.125714393598716,0.106010974538028,18707/12394/16842,3,UPREGULATED,CD8_EM,0034
mmu00562,Inositol phosphate metabolism - Mus musculus (house mouse),3/60,72/9771,0.00972376525072943,0.125714393598716,0.106010974538028,18718/18707/16331,3,UPREGULATED,CD8_EM,0034
mmu04662,B cell receptor signaling pathway - Mus musculus (house mouse),3/60,84/9771,0.0147517599658943,0.151128150679359,0.127441592605449,68713/18707/16331,3,UPREGULATED,CD8_EM,0034
mmu05412,Arrhythmogenic right ventricular cardiomyopathy - Mus musculus (house mouse),3/60,86/9771,0.015708338105311,0.151128150679359,0.127441592605449,109700/16401/16842,3,UPREGULATED,CD8_EM,0034
mmu05323,Rheumatoid arthritis - Mus musculus (house mouse),3/60,87/9771,0.0161994918337434,0.151128150679359,0.127441592605449,20304/12477/15978,3,UPREGULATED,CD8_EM,0034
mmu05235,PD-L1 expression and PD-1 checkpoint pathway in cancer - Mus musculus (house mouse),3/60,88/9771,0.0166992431689899,0.151128150679359,0.127441592605449,18761/18707/15978,3,UPREGULATED,CD8_EM,0034
mmu04070,Phosphatidylinositol signaling system - Mus musculus (house mouse),3/60,96/9771,0.021008217938643,0.161247906116631,0.135975262500213,18718/18707/16331,3,UPREGULATED,CD8_EM,0034
mmu05142,Chagas disease - Mus musculus (house mouse),3/60,103/9771,0.0252340235307711,0.163119937823913,0.137553887667737,20304/18707/15978,3,UPREGULATED,CD8_EM,0034
mmu04668,TNF signaling pathway - Mus musculus (house mouse),3/60,118/9771,0.0357184638861404,0.198367401234888,0.167276959459487,20304/18707/16182,3,UPREGULATED,CD8_EM,0034
mmu04670,Leukocyte transendothelial migration - Mus musculus (house mouse),3/60,119/9771,0.0364861683410406,0.198367401234888,0.167276959459487,18613/18707/16401,3,UPREGULATED,CD8_EM,0034
mmu04919,Thyroid hormone signaling pathway - Mus musculus (house mouse),3/60,120/9771,0.0372623847623547,0.198367401234888,0.167276959459487,18707/17978/76199,3,UPREGULATED,CD8_EM,0034
mmu04650,Natural killer cell mediated cytotoxicity - Mus musculus (house mouse),3/60,122/9771,0.0388402811949288,0.200859739893775,0.169378669872622,18707/27007/15978,3,UPREGULATED,CD8_EM,0034
mmu05340,Primary immunodeficiency - Mus musculus (house mouse),2/60,36/9771,0.02043437892252,0.161247906116631,0.135975262500213,16197/54167,2,UPREGULATED,CD8_EM,0034
mmu00514,Other types of O-glycan biosynthesis - Mus musculus (house mouse),2/60,43/9771,0.0284999558940131,0.171949733893879,0.144999775601119,171212/20440,2,UPREGULATED,CD8_EM,0034
mmu04672,Intestinal immune network for IgA production - Mus musculus (house mouse),2/60,43/9771,0.0284999558940131,0.171949733893879,0.144999775601119,16401/54167,2,UPREGULATED,CD8_EM,0034
mmu05030,Cocaine addiction - Mus musculus (house mouse),1/3,48/9771,0.0146667029425332,0.0716164699525969,0.0242311364501268,16476,1,DOWNREGULATED,CD8_EM,0034
mmu05321,Inflammatory bowel disease - Mus musculus (house mouse),1/3,62/9771,0.0189173132134289,0.0716164699525969,0.0242311364501268,16476,1,DOWNREGULATED,CD8_EM,0034
mmu05031,Amphetamine addiction - Mus musculus (house mouse),1/3,69/9771,0.0210380264846169,0.0716164699525969,0.0242311364501268,16476,1,DOWNREGULATED,CD8_EM,0034
mmu05140,Leishmaniasis - Mus musculus (house mouse),1/3,70/9771,0.0213407358147084,0.0716164699525969,0.0242311364501268,16476,1,DOWNREGULATED,CD8_EM,0034
mmu05211,Renal cell carcinoma - Mus musculus (house mouse),1/3,70/9771,0.0213407358147084,0.0716164699525969,0.0242311364501268,16476,1,DOWNREGULATED,CD8_EM,0034
mmu05133,Pertussis - Mus musculus (house mouse),1/3,77/9771,0.0234579540655309,0.0716164699525969,0.0242311364501268,16476,1,DOWNREGULATED,CD8_EM,0034
mmu04012,ErbB signaling pathway - Mus musculus (house mouse),1/3,84/9771,0.0255721165379544,0.0716164699525969,0.0242311364501268,16476,1,DOWNREGULATED,CD8_EM,0034
mmu04662,B cell receptor signaling pathway - Mus musculus (house mouse),1/3,84/9771,0.0255721165379544,0.0716164699525969,0.0242311364501268,16476,1,DOWNREGULATED,CD8_EM,0034
mmu05323,Rheumatoid arthritis - Mus musculus (house mouse),1/3,87/9771,0.0264772512734993,0.0716164699525969,0.0242311364501268,16476,1,DOWNREGULATED,CD8_EM,0034
mmu04658,Th1 and Th2 cell differentiation - Mus musculus (house mouse),1/3,88/9771,0.026778838246463,0.0716164699525969,0.0242311364501268,16476,1,DOWNREGULATED,CD8_EM,0034
mmu05210,Colorectal cancer - Mus musculus (house mouse),1/3,88/9771,0.026778838246463,0.0716164699525969,0.0242311364501268,16476,1,DOWNREGULATED,CD8_EM,0034
mmu05235,PD-L1 expression and PD-1 checkpoint pathway in cancer - Mus musculus (house mouse),1/3,88/9771,0.026778838246463,0.0716164699525969,0.0242311364501268,16476,1,DOWNREGULATED,CD8_EM,0034
mmu04912,GnRH signaling pathway - Mus musculus (house mouse),1/3,90/9771,0.0273818253226658,0.0716164699525969,0.0242311364501268,16476,1,DOWNREGULATED,CD8_EM,0034
mmu01522,Endocrine resistance - Mus musculus (house mouse),1/3,93/9771,0.028285838859167,0.0716164699525969,0.0242311364501268,16476,1,DOWNREGULATED,CD8_EM,0034
mmu04657,IL-17 signaling pathway - Mus musculus (house mouse),1/3,93/9771,0.028285838859167,0.0716164699525969,0.0242311364501268,16476,1,DOWNREGULATED,CD8_EM,0034
mmu04061,Viral protein interaction with cytokine and cytokine receptor - Mus musculus (house mouse),1/3,95/9771,0.0288882032400262,0.0716164699525969,0.0242311364501268,16963,1,DOWNREGULATED,CD8_EM,0034
mmu05231,Choline metabolism in cancer - Mus musculus (house mouse),1/3,98/9771,0.0297912829747794,0.0716164699525969,0.0242311364501268,16476,1,DOWNREGULATED,CD8_EM,0034
mmu04137,Mitophagy - animal - Mus musculus (house mouse),1/3,101/9771,0.0306938026601006,0.0716164699525969,0.0242311364501268,16476,1,DOWNREGULATED,CD8_EM,0034
mmu04933,AGE-RAGE signaling pathway in diabetic complications - Mus musculus (house mouse),1/3,101/9771,0.0306938026601006,0.0716164699525969,0.0242311364501268,16476,1,DOWNREGULATED,CD8_EM,0034
mmu05142,Chagas disease - Mus musculus (house mouse),1/3,103/9771,0.0312951713975255,0.0716164699525969,0.0242311364501268,16476,1,DOWNREGULATED,CD8_EM,0034
mmu04620,Toll-like receptor signaling pathway - Mus musculus (house mouse),1/3,104/9771,0.0315957624697025,0.0716164699525969,0.0242311364501268,16476,1,DOWNREGULATED,CD8_EM,0034
mmu04659,Th17 cell differentiation - Mus musculus (house mouse),1/3,105/9771,0.0318962913527678,0.0716164699525969,0.0242311364501268,16476,1,DOWNREGULATED,CD8_EM,0034
mmu05146,Amoebiasis - Mus musculus (house mouse),1/3,108/9771,0.0327975049316299,0.0716164699525969,0.0242311364501268,20723,1,DOWNREGULATED,CD8_EM,0034
mmu04625,C-type lectin receptor signaling pathway - Mus musculus (house mouse),1/3,112/9771,0.0339982527795307,0.0716164699525969,0.0242311364501268,16476,1,DOWNREGULATED,CD8_EM,0034
mmu04668,TNF signaling pathway - Mus musculus (house mouse),1/3,118/9771,0.0357975105508145,0.0716164699525969,0.0242311364501268,16476,1,DOWNREGULATED,CD8_EM,0034
mmu04722,Neurotrophin signaling pathway - Mus musculus (house mouse),1/3,121/9771,0.0366963010125781,0.0716164699525969,0.0242311364501268,16476,1,DOWNREGULATED,CD8_EM,0034
mmu04660,T cell receptor signaling pathway - Mus musculus (house mouse),1/3,122/9771,0.036995773665113,0.0716164699525969,0.0242311364501268,16476,1,DOWNREGULATED,CD8_EM,0034
mmu04926,Relaxin signaling pathway - Mus musculus (house mouse),1/3,130/9771,0.0393893207869073,0.0716164699525969,0.0242311364501268,16476,1,DOWNREGULATED,CD8_EM,0034
mmu04915,Estrogen signaling pathway - Mus musculus (house mouse),1/3,134/9771,0.0405846056179293,0.0716164699525969,0.0242311364501268,16476,1,DOWNREGULATED,CD8_EM,0034
mmu04210,Apoptosis - Mus musculus (house mouse),1/3,135/9771,0.0408832718193559,0.0716164699525969,0.0242311364501268,16476,1,DOWNREGULATED,CD8_EM,0034
mmu04380,Osteoclast differentiation - Mus musculus (house mouse),1/3,136/9771,0.041181876031118,0.0716164699525969,0.0242311364501268,16476,1,DOWNREGULATED,CD8_EM,0034
mmu05135,Yersinia infection - Mus musculus (house mouse),1/3,136/9771,0.041181876031118,0.0716164699525969,0.0242311364501268,16476,1,DOWNREGULATED,CD8_EM,0034
mmu05162,Measles - Mus musculus (house mouse),1/3,145/9771,0.0438665254636736,0.0716164699525969,0.0242311364501268,16476,1,DOWNREGULATED,CD8_EM,0034
mmu05224,Breast cancer - Mus musculus (house mouse),1/3,147/9771,0.0444624328827429,0.0716164699525969,0.0242311364501268,16476,1,DOWNREGULATED,CD8_EM,0034
mmu05418,Fluid shear stress and atherosclerosis - Mus musculus (house mouse),1/3,148/9771,0.044760293720373,0.0716164699525969,0.0242311364501268,16476,1,DOWNREGULATED,CD8_EM,0034
mmu04921,Oxytocin signaling pathway - Mus musculus (house mouse),1/3,153/9771,0.0462486694468295,0.0719423746950681,0.0243414049720155,16476,1,DOWNREGULATED,CD8_EM,0034
mmu04932,Non-alcoholic fatty liver disease - Mus musculus (house mouse),1/3,162/9771,0.0489238482419843,0.0729733823045463,0.0246902421331172,16476,1,DOWNREGULATED,CD8_EM,0034
mmu05161,Hepatitis B - Mus musculus (house mouse),1/3,164/9771,0.049517652278085,0.0729733823045463,0.0246902421331172,16476,1,DOWNREGULATED,CD8_EM,0034
mmu04530,Tight junction - Mus musculus (house mouse),1/3,169/9771,0.0510010809269612,0.0732323213310212,0.0247778530819245,16476,1,DOWNREGULATED,CD8_EM,0034
mmu04310,Wnt signaling pathway - Mus musculus (house mouse),1/3,175/9771,0.0527791569361941,0.0738908197106717,0.0250006532855656,16476,1,DOWNREGULATED,CD8_EM,0034
mmu04062,Chemokine signaling pathway - Mus musculus (house mouse),1/3,193/9771,0.0581000563432934,0.0769238416104089,0.0260268637027699,16963,1,DOWNREGULATED,CD8_EM,0034
mmu04510,Focal adhesion - Mus musculus (house mouse),1/3,202/9771,0.0607530172965292,0.0769238416104089,0.0260268637027699,16476,1,DOWNREGULATED,CD8_EM,0034
mmu04621,NOD-like receptor signaling pathway - Mus musculus (house mouse),1/3,216/9771,0.0648699362378986,0.0769238416104089,0.0260268637027699,16476,1,DOWNREGULATED,CD8_EM,0034
mmu05417,Lipid and atherosclerosis - Mus musculus (house mouse),1/3,217/9771,0.0651635406535228,0.0769238416104089,0.0260268637027699,16476,1,DOWNREGULATED,CD8_EM,0034
mmu05167,Kaposi sarcoma-associated herpesvirus infection - Mus musculus (house mouse),1/3,223/9771,0.0669238766685077,0.0769238416104089,0.0260268637027699,16476,1,DOWNREGULATED,CD8_EM,0034
mmu04024,cAMP signaling pathway - Mus musculus (house mouse),1/3,224/9771,0.0672170509845943,0.0769238416104089,0.0260268637027699,16476,1,DOWNREGULATED,CD8_EM,0034
mmu05169,Epstein-Barr virus infection - Mus musculus (house mouse),1/3,228/9771,0.0683891341427201,0.0769238416104089,0.0260268637027699,16476,1,DOWNREGULATED,CD8_EM,0034
mmu05203,Viral carcinogenesis - Mus musculus (house mouse),1/3,228/9771,0.0683891341427201,0.0769238416104089,0.0260268637027699,16476,1,DOWNREGULATED,CD8_EM,0034
mmu05207,Chemical carcinogenesis - receptor activation - Mus musculus (house mouse),1/3,228/9771,0.0683891341427201,0.0769238416104089,0.0260268637027699,16476,1,DOWNREGULATED,CD8_EM,0034
mmu05208,Chemical carcinogenesis - reactive oxygen species - Mus musculus (house mouse),1/3,229/9771,0.0686820014378651,0.0769238416104089,0.0260268637027699,16476,1,DOWNREGULATED,CD8_EM,0034
mmu05170,Human immunodeficiency virus 1 infection - Mus musculus (house mouse),1/3,241/9771,0.0721916227985021,0.0792692328767866,0.0268204171387624,16476,1,DOWNREGULATED,CD8_EM,0034
mmu05166,Human T-cell leukemia virus 1 infection - Mus musculus (house mouse),1/3,247/9771,0.0739431221691826,0.0796310546437351,0.026942838037354,16476,1,DOWNREGULATED,CD8_EM,0034
mmu05132,Salmonella infection - Mus musculus (house mouse),1/3,252/9771,0.0754010200194496,0.0796690022847015,0.0269556774647486,16476,1,DOWNREGULATED,CD8_EM,0034
mmu04060,Cytokine-cytokine receptor interaction - Mus musculus (house mouse),1/3,294/9771,0.0875869994507186,0.0906492754394891,0.0306708074795264,16963,1,DOWNREGULATED,CD8_EM,0034
mmu04010,MAPK signaling pathway - Mus musculus (house mouse),1/3,299/9771,0.0890305383780696,0.0906492754394891,0.0306708074795264,16476,1,DOWNREGULATED,CD8_EM,0034
mmu05171,Coronavirus disease - COVID-19 - Mus musculus (house mouse),1/3,334/9771,0.0990927017415398,0.0990927017415398,0.0335276058524007,16476,1,DOWNREGULATED,CD8_EM,0034
mmu05171,Coronavirus disease - COVID-19 - Mus musculus (house mouse),47/232,334/9771,7.53254622196727e-24,8.96373000414105e-22,7.41361128162042e-22,22121/269261/20054/18751/268449/100503670/75617/20068/20044/56040/67891/20104/67115/18707/319195/20055/16451/19941/76846/20042/67186/22186/65019/19921/19933/26451/66475/114641/67097/68052/19946/20084/19942/20085/76808/20088/19951/20091/20115/22031/16785/66481/270106/19989/19899/19982/57294,47,UPREGULATED,CD8_Naive,0034
mmu03010,Ribosome - Mus musculus (house mouse),43/232,265/9771,2.34446717662071e-24,5.5798318803573e-22,4.61489854766393e-22,22121/269261/20054/268449/100503670/75617/20068/20044/56040/67891/20104/67115/319195/20055/19941/76846/20042/67186/22186/65019/19921/19933/26451/66475/114641/67097/68052/19946/20084/19942/20085/76808/20088/19951/20091/20115/16785/66481/270106/19989/19899/19982/57294,43,UPREGULATED,CD8_Naive,0034
mmu04660,T cell receptor signaling pathway - Mus musculus (house mouse),16/232,122/9771,2.68287020638979e-08,2.1284103637359e-06,1.76033939857856e-06,17444/18761/12503/12526/12525/19264/18707/14360/16818/26931/16822/108723/56637/19419/19055/224105,16,UPREGULATED,CD8_Naive,0034
mmu05135,Yersinia infection - Mus musculus (house mouse),13/232,136/9771,1.98816648887556e-05,0.000946367248704766,0.000782709754567851,140580/12526/12525/23880/74117/18707/110651/16801/16818/242687/16822/56637/19229,13,UPREGULATED,CD8_Naive,0034
mmu04015,Rap1 signaling pathway - Mus musculus (house mouse),13/232,214/9771,0.00175896740671584,0.0465149158664854,0.0384709830474692,78473/18751/11513/14026/56508/54519/192786/23880/18707/16822/107746/217692/101540,13,UPREGULATED,CD8_Naive,0034
mmu04810,Regulation of actin cytoskeleton - Mus musculus (house mouse),13/232,232/9771,0.00355875661221316,0.0705820061422276,0.0583760953056018,109711/17886/74117/18707/18718/544963/16801/242687/16421/29875/224105/16407/54004,13,UPREGULATED,CD8_Naive,0034
mmu04310,Wnt signaling pathway - Mus musculus (house mouse),12/232,175/9771,0.000934558162234114,0.0370708071019532,0.0306600660241718,12445/18751/16842/68339/12914/407821/21414/18099/56637/19055/81004/21372,12,UPREGULATED,CD8_Naive,0034
mmu05167,Kaposi sarcoma-associated herpesvirus infection - Mus musculus (house mouse),12/232,223/9771,0.00689404955151384,0.0866227514053728,0.071642877102188,16842/16439/12914/21414/18707/16451/15018/22186/277360/22031/56637/19055,12,UPREGULATED,CD8_Naive,0034
mmu05202,Transcriptional misregulation in cancer - Mus musculus (house mouse),12/232,226/9771,0.00763802493889974,0.0877127988362286,0.0725444200901139,58208/56458/21417/14247/20185/12394/70122/16421/21813/108829/22289/109115,12,UPREGULATED,CD8_Naive,0034
mmu04520,Adherens junction - Mus musculus (house mouse),11/232,92/9771,1.05556055119735e-05,0.000628058527962424,0.000519446902826065,16842/216527/109711/12914/21414/18099/14360/242687/21813/29875/66313,11,UPREGULATED,CD8_Naive,0034
mmu05203,Viral carcinogenesis - Mus musculus (house mouse),11/232,228/9771,0.0200704909184981,0.149274276206329,0.123459927689445,12445/109711/12914/18707/16451/15018/20684/208727/56463/22031/70315,11,UPREGULATED,CD8_Naive,0034
mmu05163,Human cytomegalovirus infection - Mus musculus (house mouse),11/232,254/9771,0.0397763103665707,0.221124478364842,0.18288490691829,18751/11513/16439/75547/18707/16451/15018/16801/56637/19229/19055,11,UPREGULATED,CD8_Naive,0034
mmu04110,Cell cycle - Mus musculus (house mouse),10/232,157/9771,0.004185586543775,0.0707291922789725,0.0584978282006539,12445/12914/71175/20842/100710/26931/56637/22589/71521/70315,10,UPREGULATED,CD8_Naive,0034
mmu04919,Thyroid hormone signaling pathway - Mus musculus (house mouse),9/232,120/9771,0.00218575365577009,0.0520209370073282,0.0430248351188429,18751/17978/56458/12914/18707/20185/11933/76199/56637,9,UPREGULATED,CD8_Naive,0034
mmu04611,Platelet activation - Mus musculus (house mouse),9/232,125/9771,0.00288657240191666,0.0624549301505605,0.0516544535079824,11513/16439/54519/20866/18707/14360/16801/16822/19419,9,UPREGULATED,CD8_Naive,0034
mmu04380,Osteoclast differentiation - Mus musculus (house mouse),9/232,136/9771,0.00505208516278375,0.0707291922789725,0.0584978282006539,16439/18707/16451/12326/14360/16818/21813/16822/19055,9,UPREGULATED,CD8_Naive,0034
mmu04120,Ubiquitin mediated proteolysis - Mus musculus (house mouse),9/232,154/9771,0.011089241954297,0.105127188722481,0.086947298943405,12402/22186/22214/83814/56469/56550/14897/73998/66313,9,UPREGULATED,CD8_Naive,0034
mmu05225,Hepatocellular carcinoma - Mus musculus (house mouse),9/232,175/9771,0.0236252822681249,0.16438728615988,0.135959409605916,18751/16842/239985/21414/18707/67155/93760/21813/56637,9,UPREGULATED,CD8_Naive,0034
mmu04062,Chemokine signaling pathway - Mus musculus (house mouse),9/232,193/9771,0.0405541292719696,0.221124478364842,0.18288490691829,18751/140580/11513/94176/18707/12769/277360/56637/19229,9,UPREGULATED,CD8_Naive,0034
mmu04510,Focal adhesion - Mus musculus (house mouse),9/232,202/9771,0.0515155336326938,0.234066370782562,0.193588727714901,12445/18751/109711/18707/14360/16421/56637/107746/224105,9,UPREGULATED,CD8_Naive,0034
mmu04658,Th1 and Th2 cell differentiation - Mus musculus (house mouse),8/232,88/9771,0.00112303525897014,0.0381831988049847,0.0315800892372054,18761/270118/12503/16451/16818/19055/20849/433586,8,UPREGULATED,CD8_Naive,0034
mmu04650,Natural killer cell mediated cytotoxicity - Mus musculus (house mouse),8/232,122/9771,0.00847701258981887,0.0917058634716768,0.0758469547510109,18751/12503/18707/14360/16818/16822/19229/19055,8,UPREGULATED,CD8_Naive,0034
mmu03082,ATP-dependent chromatin remodeling - Mus musculus (house mouse),8/232,136/9771,0.0156561458537447,0.124290999295305,0.102797067086343,239985/116871/67155/93760/17191/207165/229542/243842,8,UPREGULATED,CD8_Naive,0034
mmu04072,Phospholipase D signaling pathway - Mus musculus (house mouse),8/232,149/9771,0.0255560066719141,0.16438728615988,0.135959409605916,13139/11513/56508/19157/18707/14360/13430/19229,8,UPREGULATED,CD8_Naive,0034
mmu05161,Hepatitis B - Mus musculus (house mouse),8/232,164/9771,0.0416267609440286,0.221124478364842,0.18288490691829,18751/12914/18707/16451/21813/22031/19229/20849,8,UPREGULATED,CD8_Naive,0034
mmu03083,Polycomb repressive complex - Mus musculus (house mouse),7/232,87/9771,0.004536680139736,0.0707291922789725,0.0584978282006539,12914/108155/56550/75302/212391/109241/319974,7,UPREGULATED,CD8_Naive,0034
mmu05235,PD-L1 expression and PD-1 checkpoint pathway in cancer - Mus musculus (house mouse),7/232,88/9771,0.0048316864874565,0.0707291922789725,0.0584978282006539,18761/12503/18707/16451/16818/19419/19055,7,UPREGULATED,CD8_Naive,0034
mmu04666,Fc gamma R-mediated phagocytosis - Mus musculus (house mouse),7/232,94/9771,0.00691526166681547,0.0866227514053728,0.071642877102188,18751/74117/19264/18707/13196/242687/13430,7,UPREGULATED,CD8_Naive,0034
mmu04070,Phosphatidylinositol signaling system - Mus musculus (house mouse),7/232,96/9771,0.00773936460319664,0.0877127988362286,0.0725444200901139,234515/13139/18751/16439/18707/18718/320404,7,UPREGULATED,CD8_Naive,0034
mmu05215,Prostate cancer - Mus musculus (house mouse),7/232,100/9771,0.00960224225758671,0.0971196506533371,0.080324523096745,16842/56458/12914/21417/21414/18707/56637,7,UPREGULATED,CD8_Naive,0034
mmu03015,mRNA surveillance pathway - Mus musculus (house mouse),7/232,104/9771,0.0117737150858424,0.105127188722481,0.086947298943405,76626/26931/74320/103677/18789/24018/228410,7,UPREGULATED,CD8_Naive,0034
mmu04659,Th17 cell differentiation - Mus musculus (house mouse),7/232,105/9771,0.012367904555586,0.105127188722481,0.086947298943405,18761/12503/16451/12394/16818/21813/19055,7,UPREGULATED,CD8_Naive,0034
mmu04931,Insulin resistance - Mus musculus (house mouse),7/232,110/9771,0.0156669326842822,0.124290999295305,0.102797067086343,18761/18751/56458/18707/108155/110651/56637,7,UPREGULATED,CD8_Naive,0034
mmu04670,Leukocyte transendothelial migration - Mus musculus (house mouse),7/232,119/9771,0.0231034297418832,0.16438728615988,0.135959409605916,18751/56508/109711/74734/18613/18707/19229,7,UPREGULATED,CD8_Naive,0034
mmu04722,Neurotrophin signaling pathway - Mus musculus (house mouse),7/232,121/9771,0.0250385864085156,0.16438728615988,0.135959409605916,11857/18707/12326/110651/56637/107746/18213,7,UPREGULATED,CD8_Naive,0034
mmu04068,FoxO signaling pathway - Mus musculus (house mouse),7/232,133/9771,0.0390063533224979,0.221124478364842,0.18288490691829,56458/12914/58231/16197/18707/18099/21813,7,UPREGULATED,CD8_Naive,0034
mmu04371,Apelin signaling pathway - Mus musculus (house mouse),7/232,139/9771,0.0475944592939337,0.229730729814236,0.190002859244856,11513/16439/20104/18576/12326/208727/18181,7,UPREGULATED,CD8_Naive,0034
mmu04910,Insulin signaling pathway - Mus musculus (house mouse),7/232,140/9771,0.049134184288995,0.229730729814236,0.190002859244856,56458/12402/20104/18707/18576/56637/107746,7,UPREGULATED,CD8_Naive,0034
mmu04720,Long-term potentiation - Mus musculus (house mouse),6/232,67/9771,0.00501052955597292,0.0707291922789725,0.0584978282006539,18751/16439/12914/12326/110651/19055,6,UPREGULATED,CD8_Naive,0034
mmu05100,Bacterial invasion of epithelial cells - Mus musculus (house mouse),6/232,77/9771,0.00979357821714324,0.0971196506533371,0.080324523096745,140580/12402/74117/18707/242687/13430,6,UPREGULATED,CD8_Naive,0034
mmu04916,Melanogenesis - Mus musculus (house mouse),6/232,100/9771,0.0315501386820163,0.197603500166313,0.163431466302965,18751/16842/11513/12914/21414/56637,6,UPREGULATED,CD8_Naive,0034
mmu04925,Aldosterone synthesis and secretion - Mus musculus (house mouse),6/232,103/9771,0.0357234641154995,0.218004729730484,0.180304663686867,18751/11513/16439/12326/11933/101540,6,UPREGULATED,CD8_Naive,0034
mmu04064,NF-kappa B signaling pathway - Mus musculus (house mouse),6/232,107/9771,0.0418179250230554,0.221124478364842,0.18288490691829,18761/18751/16994/16818/108723/22031,6,UPREGULATED,CD8_Naive,0034
mmu04725,Cholinergic synapse - Mus musculus (house mouse),6/232,113/9771,0.0521240237456967,0.234066370782562,0.193588727714901,18751/11513/16439/18707/12326/14360,6,UPREGULATED,CD8_Naive,0034
mmu05340,Primary immunodeficiency - Mus musculus (house mouse),5/232,36/9771,0.00149396688075152,0.0444455147023577,0.0367594482500702,12526/12525/19264/16197/16818,5,UPREGULATED,CD8_Naive,0034
mmu00310,Lysine degradation - Mus musculus (house mouse),5/232,64/9771,0.0177046842696335,0.135926285682993,0.112420236279167,192195/69726/18193/234135/231051,5,UPREGULATED,CD8_Naive,0034
mmu05211,Renal cell carcinoma - Mus musculus (house mouse),5/232,70/9771,0.0250936157378581,0.16438728615988,0.135959409605916,12914/18707/23871/107746/224105,5,UPREGULATED,CD8_Naive,0034
mmu01521,EGFR tyrosine kinase inhibitor resistance - Mus musculus (house mouse),5/232,80/9771,0.0413089262473909,0.221124478364842,0.18288490691829,18751/20104/18707/16451/56637,5,UPREGULATED,CD8_Naive,0034
mmu04012,ErbB signaling pathway - Mus musculus (house mouse),5/232,84/9771,0.0492280135316219,0.229730729814236,0.190002859244856,18751/12402/18707/56637/224105,5,UPREGULATED,CD8_Naive,0034
mmu04662,B cell receptor signaling pathway - Mus musculus (house mouse),5/232,84/9771,0.0492280135316219,0.229730729814236,0.190002859244856,18751/18707/108723/56637/19055,5,UPREGULATED,CD8_Naive,0034
mmu04960,Aldosterone-regulated sodium reabsorption - Mus musculus (house mouse),4/232,38/9771,0.0121454980702288,0.105127188722481,0.086947298943405,18751/18707/11933/83814,4,UPREGULATED,CD8_Naive,0034
mmu05213,Endometrial cancer - Mus musculus (house mouse),4/232,58/9771,0.0485099377265524,0.229730729814236,0.190002859244856,16842/21414/18707/56637,4,UPREGULATED,CD8_Naive,0034
mmu04130,SNARE interactions in vesicular transport - Mus musculus (house mouse),3/232,33/9771,0.0427383445579106,0.221124478364842,0.18288490691829,67023/53611/55943,3,UPREGULATED,CD8_Naive,0034
mmu04935,Growth hormone synthesis| secretion and action - Mus musculus (house mouse),1/1,117/9771,0.0119742093951487,0.0139187391259852,NA,16477,1,DOWNREGULATED,CD8_Naive,0034
mmu04668,TNF signaling pathway - Mus musculus (house mouse),1/1,118/9771,0.0120765530651928,0.0139187391259852,NA,16477,1,DOWNREGULATED,CD8_Naive,0034
mmu04380,Osteoclast differentiation - Mus musculus (house mouse),1/1,136/9771,0.0139187391259852,0.0139187391259852,NA,16477,1,DOWNREGULATED,CD8_Naive,0034
mmu04061,Viral protein interaction with cytokine and cytokine receptor - Mus musculus (house mouse),4/10,95/9771,1.68410086718561e-06,9.43096485623944e-05,8.50914122367468e-05,12772/20304/16182/16184,4,UPREGULATED,CD8_Exhausted_2,0034
mmu04060,Cytokine-cytokine receptor interaction - Mus musculus (house mouse),4/10,294/9771,0.000146125581604655,0.00409151628493035,0.00369159364053866,12772/20304/16182/16184,4,UPREGULATED,CD8_Exhausted_2,0034
mmu05412,Arrhythmogenic right ventricular cardiomyopathy - Mus musculus (house mouse),2/10,86/9771,0.00329130293136387,0.0614376547187922,0.0554324704229704,16421/16842,2,UPREGULATED,CD8_Exhausted_2,0034
mmu04668,TNF signaling pathway - Mus musculus (house mouse),2/10,118/9771,0.00610834293151566,0.0855168010412193,0.07715801597704,20304/16182,2,UPREGULATED,CD8_Exhausted_2,0034
mmu04062,Chemokine signaling pathway - Mus musculus (house mouse),2/10,193/9771,0.0157364915705087,0.176248705589697,0.159021388501983,12772/20304,2,UPREGULATED,CD8_Exhausted_2,0034
mmu04151,PI3K-Akt signaling pathway - Mus musculus (house mouse),2/10,367/9771,0.0518640958867295,0.197844927831958,0.17850670180327,16421/16184,2,UPREGULATED,CD8_Exhausted_2,0034
mmu05216,Thyroid cancer - Mus musculus (house mouse),1/10,37/9771,0.0372452309834117,0.197844927831958,0.17850670180327,16842,1,UPREGULATED,CD8_Exhausted_2,0034
mmu00514,Other types of O-glycan biosynthesis - Mus musculus (house mouse),1/10,43/9771,0.0431659105687389,0.197844927831958,0.17850670180327,20440,1,UPREGULATED,CD8_Exhausted_2,0034
mmu04672,Intestinal immune network for IgA production - Mus musculus (house mouse),1/10,43/9771,0.0431659105687389,0.197844927831958,0.17850670180327,16421,1,UPREGULATED,CD8_Exhausted_2,0034
mmu00510,N-Glycan biosynthesis - Mus musculus (house mouse),1/10,53/9771,0.0529609236991322,0.197844927831958,0.17850670180327,20440,1,UPREGULATED,CD8_Exhausted_2,0034
mmu05213,Endometrial cancer - Mus musculus (house mouse),1/10,58/9771,0.0578245077839975,0.197844927831958,0.17850670180327,16842,1,UPREGULATED,CD8_Exhausted_2,0034
mmu05321,Inflammatory bowel disease - Mus musculus (house mouse),1/10,62/9771,0.0616991770164822,0.197844927831958,0.17850670180327,16182,1,UPREGULATED,CD8_Exhausted_2,0034
mmu05217,Basal cell carcinoma - Mus musculus (house mouse),1/10,63/9771,0.0626656007707137,0.197844927831958,0.17850670180327,16842,1,UPREGULATED,CD8_Exhausted_2,0034
mmu05221,Acute myeloid leukemia - Mus musculus (house mouse),1/10,70/9771,0.0694055219613368,0.197844927831958,0.17850670180327,16842,1,UPREGULATED,CD8_Exhausted_2,0034
mmu04623,Cytosolic DNA-sensing pathway - Mus musculus (house mouse),1/10,82/9771,0.0808582621364723,0.197844927831958,0.17850670180327,20304,1,UPREGULATED,CD8_Exhausted_2,0034
mmu04662,B cell receptor signaling pathway - Mus musculus (house mouse),1/10,84/9771,0.0827546700294163,0.197844927831958,0.17850670180327,68713,1,UPREGULATED,CD8_Exhausted_2,0034
mmu05323,Rheumatoid arthritis - Mus musculus (house mouse),1/10,87/9771,0.0855926795746978,0.197844927831958,0.17850670180327,20304,1,UPREGULATED,CD8_Exhausted_2,0034
mmu04658,Th1 and Th2 cell differentiation - Mus musculus (house mouse),1/10,88/9771,0.086536925052213,0.197844927831958,0.17850670180327,16184,1,UPREGULATED,CD8_Exhausted_2,0034
mmu05210,Colorectal cancer - Mus musculus (house mouse),1/10,88/9771,0.086536925052213,0.197844927831958,0.17850670180327,16842,1,UPREGULATED,CD8_Exhausted_2,0034
mmu04512,ECM-receptor interaction - Mus musculus (house mouse),1/10,89/9771,0.0874802928875402,0.197844927831958,0.17850670180327,16421,1,UPREGULATED,CD8_Exhausted_2,0034
mmu04520,Adherens junction - Mus musculus (house mouse),1/10,92/9771,0.0903051377895222,0.197844927831958,0.17850670180327,16842,1,UPREGULATED,CD8_Exhausted_2,0034
mmu04640,Hematopoietic cell lineage - Mus musculus (house mouse),1/10,94/9771,0.0921839927941274,0.197844927831958,0.17850670180327,16184,1,UPREGULATED,CD8_Exhausted_2,0034
mmu04916,Melanogenesis - Mus musculus (house mouse),1/10,100/9771,0.0977996217171528,0.197844927831958,0.17850670180327,16842,1,UPREGULATED,CD8_Exhausted_2,0034
mmu05215,Prostate cancer - Mus musculus (house mouse),1/10,100/9771,0.0977996217171528,0.197844927831958,0.17850670180327,16842,1,UPREGULATED,CD8_Exhausted_2,0034
mmu05410,Hypertrophic cardiomyopathy - Mus musculus (house mouse),1/10,100/9771,0.0977996217171528,0.197844927831958,0.17850670180327,16421,1,UPREGULATED,CD8_Exhausted_2,0034
mmu05142,Chagas disease - Mus musculus (house mouse),1/10,103/9771,0.10059569529719,0.197844927831958,0.17850670180327,20304,1,UPREGULATED,CD8_Exhausted_2,0034
mmu05414,Dilated cardiomyopathy - Mus musculus (house mouse),1/10,103/9771,0.10059569529719,0.197844927831958,0.17850670180327,16421,1,UPREGULATED,CD8_Exhausted_2,0034
mmu04620,Toll-like receptor signaling pathway - Mus musculus (house mouse),1/10,104/9771,0.101525985227582,0.197844927831958,0.17850670180327,20304,1,UPREGULATED,CD8_Exhausted_2,0034
mmu04659,Th17 cell differentiation - Mus musculus (house mouse),1/10,105/9771,0.102455409055835,0.197844927831958,0.17850670180327,16184,1,UPREGULATED,CD8_Exhausted_2,0034
mmu04919,Thyroid hormone signaling pathway - Mus musculus (house mouse),1/10,120/9771,0.116293320429439,0.217080864801619,0.195862434407476,76199,1,UPREGULATED,CD8_Exhausted_2,0034
mmu04215,Apoptosis - multiple species - Mus musculus (house mouse),1/2,32/9771,0.00653960338632853,0.0517171267051299,0.00640459773438142,11797,1,DOWNREGULATED,CD8_Exhausted_2,0034
mmu01524,Platinum drug resistance - Mus musculus (house mouse),1/2,81/9771,0.0165117946103958,0.0517171267051299,0.00640459773438142,11797,1,DOWNREGULATED,CD8_Exhausted_2,0034
mmu05222,Small cell lung cancer - Mus musculus (house mouse),1/2,94/9771,0.0191490349054765,0.0517171267051299,0.00640459773438142,11797,1,DOWNREGULATED,CD8_Exhausted_2,0034
mmu04064,NF-kappa B signaling pathway - Mus musculus (house mouse),1/2,107/9771,0.0217827345495365,0.0517171267051299,0.00640459773438142,11797,1,DOWNREGULATED,CD8_Exhausted_2,0034
mmu05145,Toxoplasmosis - Mus musculus (house mouse),1/2,109/9771,0.0221876048511945,0.0517171267051299,0.00640459773438142,11797,1,DOWNREGULATED,CD8_Exhausted_2,0034
mmu04668,TNF signaling pathway - Mus musculus (house mouse),1/2,118/9771,0.0240084841540679,0.0517171267051299,0.00640459773438142,11797,1,DOWNREGULATED,CD8_Exhausted_2,0034
mmu04722,Neurotrophin signaling pathway - Mus musculus (house mouse),1/2,121/9771,0.0246150668109322,0.0517171267051299,0.00640459773438142,108960,1,DOWNREGULATED,CD8_Exhausted_2,0034
mmu04210,Apoptosis - Mus musculus (house mouse),1/2,135/9771,0.0274432927551681,0.0517171267051299,0.00640459773438142,11797,1,DOWNREGULATED,CD8_Exhausted_2,0034
mmu04120,Ubiquitin mediated proteolysis - Mus musculus (house mouse),1/2,154/9771,0.0312750313813768,0.0517171267051299,0.00640459773438142,11797,1,DOWNREGULATED,CD8_Exhausted_2,0034
mmu04390,Hippo signaling pathway - Mus musculus (house mouse),1/2,158/9771,0.0320807494699236,0.0517171267051299,0.00640459773438142,11797,1,DOWNREGULATED,CD8_Exhausted_2,0034
mmu04217,Necroptosis - Mus musculus (house mouse),1/2,177/9771,0.0359033326849121,0.0517171267051299,0.00640459773438142,11797,1,DOWNREGULATED,CD8_Exhausted_2,0034
mmu05152,Tuberculosis - Mus musculus (house mouse),1/2,180/9771,0.0365062070859741,0.0517171267051299,0.00640459773438142,108960,1,DOWNREGULATED,CD8_Exhausted_2,0034
mmu04510,Focal adhesion - Mus musculus (house mouse),1/2,202/9771,0.0409215246127096,0.0518235592335028,0.00641777823325112,11797,1,DOWNREGULATED,CD8_Exhausted_2,0034
mmu04621,NOD-like receptor signaling pathway - Mus musculus (house mouse),1/2,216/9771,0.0437259925790886,0.0518235592335028,0.00641777823325112,11797,1,DOWNREGULATED,CD8_Exhausted_2,0034
mmu05202,Transcriptional misregulation in cancer - Mus musculus (house mouse),1/2,226/9771,0.0457266699119142,0.0518235592335028,0.00641777823325112,11797,1,DOWNREGULATED,CD8_Exhausted_2,0034
mmu05132,Salmonella infection - Mus musculus (house mouse),1/2,252/9771,0.0509186260975101,0.0541010402286045,0.00669981922335659,11797,1,DOWNREGULATED,CD8_Exhausted_2,0034
mmu05168,Herpes simplex virus 1 infection - Mus musculus (house mouse),1/2,464/9771,0.0927244963921499,0.0927244963921499,0.0114829097699257,11797,1,DOWNREGULATED,CD8_Exhausted_2,0034
mmu04658,Th1 and Th2 cell differentiation - Mus musculus (house mouse),4/32,88/9771,0.000182192715716578,0.0174214137896783,0.0155025060309671,16184/19057/18761/12503,4,UPREGULATED,CD8_Effector,0034
mmu04659,Th17 cell differentiation - Mus musculus (house mouse),4/32,105/9771,0.000359204408034603,0.0174214137896783,0.0155025060309671,16184/19057/18761/12503,4,UPREGULATED,CD8_Effector,0034
mmu04660,T cell receptor signaling pathway - Mus musculus (house mouse),4/32,122/9771,0.000634790195876149,0.0205248829999955,0.0182641389690681,17444/19057/18761/12503,4,UPREGULATED,CD8_Effector,0034
mmu05235,PD-L1 expression and PD-1 checkpoint pathway in cancer - Mus musculus (house mouse),3/32,88/9771,0.00289903072432598,0.0703014950649049,0.0625580314196658,19057/18761/12503,3,UPREGULATED,CD8_Effector,0034
mmu04650,Natural killer cell mediated cytotoxicity - Mus musculus (house mouse),3/32,122/9771,0.00723449310862573,0.140349166307339,0.124890196822591,19057/12503/27007,3,UPREGULATED,CD8_Effector,0034
mmu04148,Efferocytosis - Mus musculus (house mouse),3/32,161/9771,0.0153483717263398,0.212684579636424,0.1892581175278,140580/171285/18613,3,UPREGULATED,CD8_Effector,0034
mmu05144,Malaria - Mus musculus (house mouse),2/32,57/9771,0.0148252147544661,0.212684579636424,0.1892581175278,27007/18613,2,UPREGULATED,CD8_Effector,0034
mmu04668,TNF signaling pathway - Mus musculus (house mouse),3/9,118/9771,0.00013678566066248,0.00437714114119937,0.00359962264901264,15945/16477/21929,3,DOWNREGULATED,CD8_Effector,0034
mmu04657,IL-17 signaling pathway - Mus musculus (house mouse),2/9,93/9771,0.003089171076665,0.0433890119543623,0.0356817532519427,15945/21929,2,DOWNREGULATED,CD8_Effector,0034
mmu04064,NF-kappa B signaling pathway - Mus musculus (house mouse),2/9,107/9771,0.00406771987072147,0.0433890119543623,0.0356817532519427,21929/12045,2,DOWNREGULATED,CD8_Effector,0034
mmu04621,NOD-like receptor signaling pathway - Mus musculus (house mouse),2/9,216/9771,0.0158080421507969,0.112105786739153,0.0921922588315402,21929/12363,2,DOWNREGULATED,CD8_Effector,0034
mmu05169,Epstein-Barr virus infection - Mus musculus (house mouse),2/9,228/9771,0.0175165291779926,0.112105786739153,0.0921922588315402,15945/21929,2,DOWNREGULATED,CD8_Effector,0034
mmu02010,ABC transporters - Mus musculus (house mouse),1/9,52/9771,0.0469085941215834,0.195948735896549,0.161142052546504,18669,1,DOWNREGULATED,CD8_Effector,0034
mmu00330,Arginine and proline metabolism - Mus musculus (house mouse),1/9,54/9771,0.0486730332528227,0.195948735896549,0.161142052546504,18263,1,DOWNREGULATED,CD8_Effector,0034
mmu05221,Acute myeloid leukemia - Mus musculus (house mouse),1/9,70/9771,0.062684348471582,0.195948735896549,0.161142052546504,12045,1,DOWNREGULATED,CD8_Effector,0034
mmu00480,Glutathione metabolism - Mus musculus (house mouse),1/9,73/9771,0.0652909514433379,0.195948735896549,0.161142052546504,18263,1,DOWNREGULATED,CD8_Effector,0034
mmu04622,RIG-I-like receptor signaling pathway - Mus musculus (house mouse),1/9,73/9771,0.0652909514433379,0.195948735896549,0.161142052546504,15945,1,DOWNREGULATED,CD8_Effector,0034
mmu04623,Cytosolic DNA-sensing pathway - Mus musculus (house mouse),1/9,82/9771,0.0730721441091162,0.195948735896549,0.161142052546504,15945,1,DOWNREGULATED,CD8_Effector,0034
mmu03018,RNA degradation - Mus musculus (house mouse),1/9,83/9771,0.0739331566700634,0.195948735896549,0.161142052546504,12226,1,DOWNREGULATED,CD8_Effector,0034
mmu04061,Viral protein interaction with cytokine and cytokine receptor - Mus musculus (house mouse),1/9,95/9771,0.0842099966576703,0.195948735896549,0.161142052546504,15945,1,DOWNREGULATED,CD8_Effector,0034
mmu04976,Bile secretion - Mus musculus (house mouse),1/9,101/9771,0.0893102995763467,0.195948735896549,0.161142052546504,18669,1,DOWNREGULATED,CD8_Effector,0034
mmu04620,Toll-like receptor signaling pathway - Mus musculus (house mouse),1/9,104/9771,0.0918509699515073,0.195948735896549,0.161142052546504,15945,1,DOWNREGULATED,CD8_Effector,0034
mmu04935,Growth hormone synthesis| secretion and action - Mus musculus (house mouse),1/9,117/9771,0.102787888943826,0.196293936579708,0.16142593468726,16477,1,DOWNREGULATED,CD8_Effector,0034
mmu04210,Apoptosis - Mus musculus (house mouse),1/9,135/9771,0.117738004441951,0.196293936579708,0.16142593468726,12045,1,DOWNREGULATED,CD8_Effector,0034
mmu04380,Osteoclast differentiation - Mus musculus (house mouse),1/9,136/9771,0.118562034948387,0.196293936579708,0.16142593468726,16477,1,DOWNREGULATED,CD8_Effector,0034
mmu05162,Measles - Mus musculus (house mouse),1/9,145/9771,0.125947580204522,0.196293936579708,0.16142593468726,21929,1,DOWNREGULATED,CD8_Effector,0034
mmu05226,Gastric cancer - Mus musculus (house mouse),1/9,150/9771,0.130026847062109,0.196293936579708,0.16142593468726,18669,1,DOWNREGULATED,CD8_Effector,0034
mmu04148,Efferocytosis - Mus musculus (house mouse),1/9,161/9771,0.138941721311642,0.196293936579708,0.16142593468726,18263,1,DOWNREGULATED,CD8_Effector,0034
mmu05160,Hepatitis C - Mus musculus (house mouse),1/9,167/9771,0.143770073308538,0.196293936579708,0.16142593468726,15945,1,DOWNREGULATED,CD8_Effector,0034
mmu05164,Influenza A - Mus musculus (house mouse),1/9,174/9771,0.149372721683967,0.196293936579708,0.16142593468726,15945,1,DOWNREGULATED,CD8_Effector,0034
mmu04217,Necroptosis - Mus musculus (house mouse),1/9,177/9771,0.151763864132549,0.196293936579708,0.16142593468726,21929,1,DOWNREGULATED,CD8_Effector,0034
mmu04514,Cell adhesion molecules - Mus musculus (house mouse),1/9,179/9771,0.153354637952897,0.196293936579708,0.16142593468726,12511,1,DOWNREGULATED,CD8_Effector,0034
mmu04062,Chemokine signaling pathway - Mus musculus (house mouse),1/9,193/9771,0.164416004062206,0.202358158845792,0.166412959577132,15945,1,DOWNREGULATED,CD8_Effector,0034
mmu04613,Neutrophil extracellular trap formation - Mus musculus (house mouse),1/9,209/9771,0.17690011662053,0.209659397476184,0.172417267661335,12363,1,DOWNREGULATED,CD8_Effector,0034
mmu05202,Transcriptional misregulation in cancer - Mus musculus (house mouse),1/9,226/9771,0.189982565388579,0.217122931872662,0.178555042658439,12045,1,DOWNREGULATED,CD8_Effector,0034
mmu05132,Salmonella infection - Mus musculus (house mouse),1/9,252/9771,0.209633659087815,0.231319899683106,0.190230180660449,12363,1,DOWNREGULATED,CD8_Effector,0034
mmu04151,PI3K-Akt signaling pathway - Mus musculus (house mouse),4/13,367/9771,0.00106895988986019,0.0352138966931962,0.0287062236596692,109700/18707/12445/16184,4,UPREGULATED,CD8_CM1,0034
mmu04658,Th1 and Th2 cell differentiation - Mus musculus (house mouse),3/13,88/9771,0.000189143745306454,0.0212073490605741,0.0172881436742313,18761/17132/16184,3,UPREGULATED,CD8_CM1,0034
mmu04659,Th17 cell differentiation - Mus musculus (house mouse),3/13,105/9771,0.000318907504670287,0.0212073490605741,0.0172881436742313,18761/12394/16184,3,UPREGULATED,CD8_CM1,0034
mmu05162,Measles - Mus musculus (house mouse),3/13,145/9771,0.00082088037821948,0.0352138966931962,0.0287062236596692,18707/12445/16184,3,UPREGULATED,CD8_CM1,0034
mmu04630,JAK-STAT signaling pathway - Mus musculus (house mouse),3/13,171/9771,0.00132383070275174,0.0352138966931962,0.0287062236596692,18707/12445/16184,3,UPREGULATED,CD8_CM1,0034
mmu04510,Focal adhesion - Mus musculus (house mouse),3/13,202/9771,0.00213639617177848,0.0473567818077563,0.0386050536303831,109700/18707/12445,3,UPREGULATED,CD8_CM1,0034
mmu05166,Human T-cell leukemia virus 1 infection - Mus musculus (house mouse),3/13,247/9771,0.00378264431658806,0.0628864617632765,0.0512647848169171,18707/12445/16184,3,UPREGULATED,CD8_CM1,0034
mmu05165,Human papillomavirus infection - Mus musculus (house mouse),3/13,359/9771,0.0106897342324069,0.102396232541619,0.0834729873509044,109700/18707/12445,3,UPREGULATED,CD8_CM1,0034
mmu05221,Acute myeloid leukemia - Mus musculus (house mouse),2/13,70/9771,0.00375011213094894,0.0628864617632765,0.0512647848169171,18707/12394,2,UPREGULATED,CD8_CM1,0034
mmu05220,Chronic myeloid leukemia - Mus musculus (house mouse),2/13,76/9771,0.00440572823924105,0.0651068728687844,0.0530748548119097,18707/12394,2,UPREGULATED,CD8_CM1,0034
mmu05235,PD-L1 expression and PD-1 checkpoint pathway in cancer - Mus musculus (house mouse),2/13,88/9771,0.00586458017186767,0.07799891628584,0.0635843955476179,18707/18761,2,UPREGULATED,CD8_CM1,0034
mmu04640,Hematopoietic cell lineage - Mus musculus (house mouse),2/13,94/9771,0.00666641333873478,0.080602997641066,0.0657072319511658,109700/16184,2,UPREGULATED,CD8_CM1,0034
mmu04931,Insulin resistance - Mus musculus (house mouse),2/13,110/9771,0.00903425386108246,0.100129646960331,0.0816252761132889,18707/18761,2,UPREGULATED,CD8_CM1,0034
mmu04660,T cell receptor signaling pathway - Mus musculus (house mouse),2/13,122/9771,0.0110233403037218,0.102396232541619,0.0834729873509044,18707/18761,2,UPREGULATED,CD8_CM1,0034
mmu04611,Platelet activation - Mus musculus (house mouse),2/13,125/9771,0.01154844727913,0.102396232541619,0.0834729873509044,18707/54519,2,UPREGULATED,CD8_CM1,0034
mmu04750,Inflammatory mediator regulation of TRP channels - Mus musculus (house mouse),2/13,130/9771,0.0124479616619532,0.103473681314986,0.0843513191566566,18707/18761,2,UPREGULATED,CD8_CM1,0034
mmu04140,Autophagy - animal - Mus musculus (house mouse),2/13,167/9771,0.0200150953445931,0.147889315601716,0.120558761432344,18707/18761,2,UPREGULATED,CD8_CM1,0034
mmu05164,Influenza A - Mus musculus (house mouse),2/13,174/9771,0.0216198793533555,0.14893974351156,0.121415065941359,18707/12445,2,UPREGULATED,CD8_CM1,0034
mmu04218,Cellular senescence - Mus musculus (house mouse),2/13,182/9771,0.0235184189133136,0.148949986450986,0.121423415943424,18707/12445,2,UPREGULATED,CD8_CM1,0034
mmu04015,Rap1 signaling pathway - Mus musculus (house mouse),2/13,214/9771,0.0317729509846571,0.175071232203855,0.142717347977816,18707/54519,2,UPREGULATED,CD8_CM1,0034
mmu05202,Transcriptional misregulation in cancer - Mus musculus (house mouse),2/13,226/9771,0.0351284935831969,0.175071232203855,0.142717347977816,17132/12394,2,UPREGULATED,CD8_CM1,0034
mmu05169,Epstein-Barr virus infection - Mus musculus (house mouse),2/13,228/9771,0.0357009786602817,0.175071232203855,0.142717347977816,18707/12445,2,UPREGULATED,CD8_CM1,0034
mmu05203,Viral carcinogenesis - Mus musculus (house mouse),2/13,228/9771,0.0357009786602817,0.175071232203855,0.142717347977816,18707/12445,2,UPREGULATED,CD8_CM1,0034
mmu05207,Chemical carcinogenesis - receptor activation - Mus musculus (house mouse),2/13,228/9771,0.0357009786602817,0.175071232203855,0.142717347977816,18707/12445,2,UPREGULATED,CD8_CM1,0034
mmu04810,Regulation of actin cytoskeleton - Mus musculus (house mouse),2/13,232/9771,0.036857101516601,0.175071232203855,0.142717347977816,109700/18707,2,UPREGULATED,CD8_CM1,0034
mmu00604,Glycosphingolipid biosynthesis - ganglio series - Mus musculus (house mouse),1/13,15/9771,0.0197862649272166,0.147889315601716,0.120558761432344,20449,1,UPREGULATED,CD8_CM1,0034
mmu00603,Glycosphingolipid biosynthesis - globo and isoglobo series - Mus musculus (house mouse),1/13,17/9771,0.0223969539115128,0.14893974351156,0.121415065941359,20449,1,UPREGULATED,CD8_CM1,0034
mmu00601,Glycosphingolipid biosynthesis - lacto and neolacto series - Mus musculus (house mouse),1/13,27/9771,0.0353543919950764,0.175071232203855,0.142717347977816,20449,1,UPREGULATED,CD8_CM1,0034
mmu00512,Mucin type O-glycan biosynthesis - Mus musculus (house mouse),1/13,32/9771,0.0417734893516504,0.191581864957569,0.156176747848275,171212,1,UPREGULATED,CD8_CM1,0034
mmu04960,Aldosterone-regulated sodium reabsorption - Mus musculus (house mouse),1/13,38/9771,0.0494243525449823,0.219114629616088,0.178621344285375,18707,1,UPREGULATED,CD8_CM1,0034
mmu00514,Other types of O-glycan biosynthesis - Mus musculus (house mouse),1/13,43/9771,0.0557569546031197,0.239215321361772,0.195007345471013,171212,1,UPREGULATED,CD8_CM1,0034
mmu04930,Type II diabetes mellitus - Mus musculus (house mouse),1/13,48/9771,0.062050594921188,0.240033101776242,0.195673996699272,18707,1,UPREGULATED,CD8_CM1,0034
mmu04973,Carbohydrate digestion and absorption - Mus musculus (house mouse),1/13,49/9771,0.0633046669427889,0.240033101776242,0.195673996699272,18707,1,UPREGULATED,CD8_CM1,0034
mmu04923,Regulation of lipolysis in adipocytes - Mus musculus (house mouse),1/13,57/9771,0.0732816649531954,0.240033101776242,0.195673996699272,18707,1,UPREGULATED,CD8_CM1,0034
mmu04370,VEGF signaling pathway - Mus musculus (house mouse),1/13,58/9771,0.074521868613439,0.240033101776242,0.195673996699272,18707,1,UPREGULATED,CD8_CM1,0034
mmu05213,Endometrial cancer - Mus musculus (house mouse),1/13,58/9771,0.074521868613439,0.240033101776242,0.195673996699272,18707,1,UPREGULATED,CD8_CM1,0034
mmu04213,Longevity regulating pathway - multiple species - Mus musculus (house mouse),1/13,61/9771,0.0782332932195891,0.240033101776242,0.195673996699272,18707,1,UPREGULATED,CD8_CM1,0034
mmu05321,Inflammatory bowel disease - Mus musculus (house mouse),1/13,62/9771,0.0794673784088934,0.240033101776242,0.195673996699272,17132,1,UPREGULATED,CD8_CM1,0034
mmu04929,GnRH secretion - Mus musculus (house mouse),1/13,63/9771,0.0806999383100866,0.240033101776242,0.195673996699272,18707,1,UPREGULATED,CD8_CM1,0034
mmu04664,Fc epsilon RI signaling pathway - Mus musculus (house mouse),1/13,66/9771,0.0843884835589256,0.240033101776242,0.195673996699272,18707,1,UPREGULATED,CD8_CM1,0034
mmu05230,Central carbon metabolism in cancer - Mus musculus (house mouse),1/13,69/9771,0.0880633633262066,0.240033101776242,0.195673996699272,18707,1,UPREGULATED,CD8_CM1,0034
mmu05211,Renal cell carcinoma - Mus musculus (house mouse),1/13,70/9771,0.0892852945029499,0.240033101776242,0.195673996699272,18707,1,UPREGULATED,CD8_CM1,0034
mmu00562,Inositol phosphate metabolism - Mus musculus (house mouse),1/13,72/9771,0.091724624035693,0.240033101776242,0.195673996699272,18707,1,UPREGULATED,CD8_CM1,0034
mmu04920,Adipocytokine signaling pathway - Mus musculus (house mouse),1/13,72/9771,0.091724624035693,0.240033101776242,0.195673996699272,18761,1,UPREGULATED,CD8_CM1,0034
mmu05218,Melanoma - Mus musculus (house mouse),1/13,72/9771,0.091724624035693,0.240033101776242,0.195673996699272,18707,1,UPREGULATED,CD8_CM1,0034
mmu05223,Non-small cell lung cancer - Mus musculus (house mouse),1/13,72/9771,0.091724624035693,0.240033101776242,0.195673996699272,18707,1,UPREGULATED,CD8_CM1,0034
mmu04917,Prolactin signaling pathway - Mus musculus (house mouse),1/13,74/9771,0.0941579212258475,0.240033101776242,0.195673996699272,18707,1,UPREGULATED,CD8_CM1,0034
mmu05214,Glioma - Mus musculus (house mouse),1/13,74/9771,0.0941579212258475,0.240033101776242,0.195673996699272,18707,1,UPREGULATED,CD8_CM1,0034
mmu04115,p53 signaling pathway - Mus musculus (house mouse),1/13,75/9771,0.0953723119677329,0.240033101776242,0.195673996699272,12445,1,UPREGULATED,CD8_CM1,0034
mmu05212,Pancreatic cancer - Mus musculus (house mouse),1/13,76/9771,0.0965851997507793,0.240033101776242,0.195673996699272,18707,1,UPREGULATED,CD8_CM1,0034
mmu05100,Bacterial invasion of epithelial cells - Mus musculus (house mouse),1/13,77/9771,0.0977965862802522,0.240033101776242,0.195673996699272,18707,1,UPREGULATED,CD8_CM1,0034
mmu01521,EGFR tyrosine kinase inhibitor resistance - Mus musculus (house mouse),1/13,80/9771,0.101421755373506,0.240033101776242,0.195673996699272,18707,1,UPREGULATED,CD8_CM1,0034
mmu01524,Platinum drug resistance - Mus musculus (house mouse),1/13,81/9771,0.10262715390618,0.240033101776242,0.195673996699272,18707,1,UPREGULATED,CD8_CM1,0034
mmu04012,ErbB signaling pathway - Mus musculus (house mouse),1/13,84/9771,0.106234399759789,0.240033101776242,0.195673996699272,18707,1,UPREGULATED,CD8_CM1,0034
mmu04662,B cell receptor signaling pathway - Mus musculus (house mouse),1/13,84/9771,0.106234399759789,0.240033101776242,0.195673996699272,18707,1,UPREGULATED,CD8_CM1,0034
mmu05412,Arrhythmogenic right ventricular cardiomyopathy - Mus musculus (house mouse),1/13,86/9771,0.108631789134013,0.240033101776242,0.195673996699272,109700,1,UPREGULATED,CD8_CM1,0034
mmu05210,Colorectal cancer - Mus musculus (house mouse),1/13,88/9771,0.111023241316887,0.240033101776242,0.195673996699272,18707,1,UPREGULATED,CD8_CM1,0034
mmu04512,ECM-receptor interaction - Mus musculus (house mouse),1/13,89/9771,0.112216745175493,0.240033101776242,0.195673996699272,109700,1,UPREGULATED,CD8_CM1,0034
mmu04211,Longevity regulating pathway - Mus musculus (house mouse),1/13,90/9771,0.11340876978949,0.240033101776242,0.195673996699272,18707,1,UPREGULATED,CD8_CM1,0034
mmu01522,Endocrine resistance - Mus musculus (house mouse),1/13,93/9771,0.116975984963009,0.240033101776242,0.195673996699272,18707,1,UPREGULATED,CD8_CM1,0034
mmu04914,Progesterone-mediated oocyte maturation - Mus musculus (house mouse),1/13,93/9771,0.116975984963009,0.240033101776242,0.195673996699272,18707,1,UPREGULATED,CD8_CM1,0034
mmu04666,Fc gamma R-mediated phagocytosis - Mus musculus (house mouse),1/13,94/9771,0.118162109389076,0.240033101776242,0.195673996699272,18707,1,UPREGULATED,CD8_CM1,0034
mmu05222,Small cell lung cancer - Mus musculus (house mouse),1/13,94/9771,0.118162109389076,0.240033101776242,0.195673996699272,18707,1,UPREGULATED,CD8_CM1,0034
mmu04061,Viral protein interaction with cytokine and cytokine receptor - Mus musculus (house mouse),1/13,95/9771,0.119346762957118,0.240033101776242,0.195673996699272,16184,1,UPREGULATED,CD8_CM1,0034
mmu04070,Phosphatidylinositol signaling system - Mus musculus (house mouse),1/13,96/9771,0.120529947339255,0.240033101776242,0.195673996699272,18707,1,UPREGULATED,CD8_CM1,0034
mmu05231,Choline metabolism in cancer - Mus musculus (house mouse),1/13,98/9771,0.122891915225656,0.240033101776242,0.195673996699272,18707,1,UPREGULATED,CD8_CM1,0034
mmu05215,Prostate cancer - Mus musculus (house mouse),1/13,100/9771,0.125248026390708,0.240033101776242,0.195673996699272,18707,1,UPREGULATED,CD8_CM1,0034
mmu05410,Hypertrophic cardiomyopathy - Mus musculus (house mouse),1/13,100/9771,0.125248026390708,0.240033101776242,0.195673996699272,109700,1,UPREGULATED,CD8_CM1,0034
mmu04933,AGE-RAGE signaling pathway in diabetic complications - Mus musculus (house mouse),1/13,101/9771,0.126423889864694,0.240033101776242,0.195673996699272,18707,1,UPREGULATED,CD8_CM1,0034
mmu05142,Chagas disease - Mus musculus (house mouse),1/13,103/9771,0.128771240904463,0.240033101776242,0.195673996699272,18707,1,UPREGULATED,CD8_CM1,0034
mmu05414,Dilated cardiomyopathy - Mus musculus (house mouse),1/13,103/9771,0.128771240904463,0.240033101776242,0.195673996699272,109700,1,UPREGULATED,CD8_CM1,0034
mmu04620,Toll-like receptor signaling pathway - Mus musculus (house mouse),1/13,104/9771,0.129942731788642,0.240033101776242,0.195673996699272,18707,1,UPREGULATED,CD8_CM1,0034
mmu04064,NF-kappa B signaling pathway - Mus musculus (house mouse),1/13,107/9771,0.133448485772703,0.241615321760097,0.196963815918401,18761,1,UPREGULATED,CD8_CM1,0034
mmu05146,Amoebiasis - Mus musculus (house mouse),1/13,108/9771,0.134614169721891,0.241615321760097,0.196963815918401,18707,1,UPREGULATED,CD8_CM1,0034
mmu04625,C-type lectin receptor signaling pathway - Mus musculus (house mouse),1/13,112/9771,0.139262445940534,0.241615321760097,0.196963815918401,18707,1,UPREGULATED,CD8_CM1,0034
mmu04725,Cholinergic synapse - Mus musculus (house mouse),1/13,113/9771,0.140420908328232,0.241615321760097,0.196963815918401,18707,1,UPREGULATED,CD8_CM1,0034
mmu04066,HIF-1 signaling pathway - Mus musculus (house mouse),1/13,116/9771,0.143887665757534,0.241615321760097,0.196963815918401,18707,1,UPREGULATED,CD8_CM1,0034
mmu04935,Growth hormone synthesis| secretion and action - Mus musculus (house mouse),1/13,117/9771,0.145040380448901,0.241615321760097,0.196963815918401,18707,1,UPREGULATED,CD8_CM1,0034
mmu04668,TNF signaling pathway - Mus musculus (house mouse),1/13,118/9771,0.146191662306594,0.241615321760097,0.196963815918401,18707,1,UPREGULATED,CD8_CM1,0034
mmu04670,Leukocyte transendothelial migration - Mus musculus (house mouse),1/13,119/9771,0.147341512963386,0.241615321760097,0.196963815918401,18707,1,UPREGULATED,CD8_CM1,0034
mmu04919,Thyroid hormone signaling pathway - Mus musculus (house mouse),1/13,120/9771,0.14848993405036,0.241615321760097,0.196963815918401,18707,1,UPREGULATED,CD8_CM1,0034
mmu04722,Neurotrophin signaling pathway - Mus musculus (house mouse),1/13,121/9771,0.149636927196909,0.241615321760097,0.196963815918401,18707,1,UPREGULATED,CD8_CM1,0034
mmu04650,Natural killer cell mediated cytotoxicity - Mus musculus (house mouse),1/13,122/9771,0.150782494030737,0.241615321760097,0.196963815918401,18707,1,UPREGULATED,CD8_CM1,0034
mmu04071,Sphingolipid signaling pathway - Mus musculus (house mouse),1/13,126/9771,0.155350530733912,0.243596916398295,0.198579203712105,18707,1,UPREGULATED,CD8_CM1,0034
mmu04152,AMPK signaling pathway - Mus musculus (house mouse),1/13,127/9771,0.156488990360709,0.243596916398295,0.198579203712105,18707,1,UPREGULATED,CD8_CM1,0034
mmu04926,Relaxin signaling pathway - Mus musculus (house mouse),1/13,130/9771,0.15989587621194,0.243596916398295,0.198579203712105,18707,1,UPREGULATED,CD8_CM1,0034
mmu04068,FoxO signaling pathway - Mus musculus (house mouse),1/13,133/9771,0.163290056401174,0.243596916398295,0.198579203712105,18707,1,UPREGULATED,CD8_CM1,0034
mmu04915,Estrogen signaling pathway - Mus musculus (house mouse),1/13,134/9771,0.164418633830805,0.243596916398295,0.198579203712105,18707,1,UPREGULATED,CD8_CM1,0034
mmu04210,Apoptosis - Mus musculus (house mouse),1/13,135/9771,0.16554580595493,0.243596916398295,0.198579203712105,18707,1,UPREGULATED,CD8_CM1,0034
mmu04380,Osteoclast differentiation - Mus musculus (house mouse),1/13,136/9771,0.166671574377781,0.243596916398295,0.198579203712105,18707,1,UPREGULATED,CD8_CM1,0034
mmu05135,Yersinia infection - Mus musculus (house mouse),1/13,136/9771,0.166671574377781,0.243596916398295,0.198579203712105,18707,1,UPREGULATED,CD8_CM1,0034
mmu04550,Signaling pathways regulating pluripotency of stem cells - Mus musculus (house mouse),1/13,140/9771,0.171160643082786,0.243757047463799,0.198709741897676,18707,1,UPREGULATED,CD8_CM1,0034
mmu04910,Insulin signaling pathway - Mus musculus (house mouse),1/13,140/9771,0.171160643082786,0.243757047463799,0.198709741897676,18707,1,UPREGULATED,CD8_CM1,0034
mmu05017,Spinocerebellar ataxia - Mus musculus (house mouse),1/13,141/9771,0.17227941700449,0.243757047463799,0.198709741897676,18707,1,UPREGULATED,CD8_CM1,0034
mmu04270,Vascular smooth muscle contraction - Mus musculus (house mouse),1/13,144/9771,0.175627380473541,0.244889055197699,0.199632549943514,18761,1,UPREGULATED,CD8_CM1,0034
mmu05224,Breast cancer - Mus musculus (house mouse),1/13,147/9771,0.178962839891191,0.244889055197699,0.199632549943514,18707,1,UPREGULATED,CD8_CM1,0034
mmu05418,Fluid shear stress and atherosclerosis - Mus musculus (house mouse),1/13,148/9771,0.180071888424172,0.244889055197699,0.199632549943514,18707,1,UPREGULATED,CD8_CM1,0034
mmu04072,Phospholipase D signaling pathway - Mus musculus (house mouse),1/13,149/9771,0.181179553959918,0.244889055197699,0.199632549943514,18707,1,UPREGULATED,CD8_CM1,0034
mmu05226,Gastric cancer - Mus musculus (house mouse),1/13,150/9771,0.18228583807949,0.244889055197699,0.199632549943514,18707,1,UPREGULATED,CD8_CM1,0034
mmu04061,Viral protein interaction with cytokine and cytokine receptor - Mus musculus (house mouse),1/1,95/9771,0.00972264865418071,0.0291679459625421,NA,16963,1,DOWNREGULATED,CD8_CM1,0034
mmu04062,Chemokine signaling pathway - Mus musculus (house mouse),1/1,193/9771,0.0197523283184935,0.0296284924777402,NA,16963,1,DOWNREGULATED,CD8_CM1,0034
mmu04060,Cytokine-cytokine receptor interaction - Mus musculus (house mouse),1/1,294/9771,0.0300890389929382,0.0300890389929382,NA,16963,1,DOWNREGULATED,CD8_CM1,0034
mmu04062,Chemokine signaling pathway - Mus musculus (house mouse),5/28,193/9771,0.000193857155198641,0.0158962867262886,0.0144882715990564,140580/19229/14702/94176/277360,5,UPREGULATED,CD4_TH1_Helper,0034
mmu00330,Arginine and proline metabolism - Mus musculus (house mouse),1/4,54/9771,0.0219269883998651,0.0671053777681623,0.0353186198779801,18263,1,DOWNREGULATED,CD4_TH1_Helper,0034
mmu00480,Glutathione metabolism - Mus musculus (house mouse),1/4,73/9771,0.0295556003863157,0.0671053777681623,0.0353186198779801,18263,1,DOWNREGULATED,CD4_TH1_Helper,0034
mmu03018,RNA degradation - Mus musculus (house mouse),1/4,83/9771,0.0335526888840811,0.0671053777681623,0.0353186198779801,12226,1,DOWNREGULATED,CD4_TH1_Helper,0034
mmu04148,Efferocytosis - Mus musculus (house mouse),1/4,161/9771,0.0643077581496183,0.0799712774221953,0.0420901460116817,18263,1,DOWNREGULATED,CD4_TH1_Helper,0034
mmu05160,Hepatitis C - Mus musculus (house mouse),1/4,167/9771,0.0666427311851627,0.0799712774221953,0.0420901460116817,15957,1,DOWNREGULATED,CD4_TH1_Helper,0034
mmu04060,Cytokine-cytokine receptor interaction - Mus musculus (house mouse),1/4,294/9771,0.115049061506563,0.115049061506563,0.0605521376350332,22163,1,DOWNREGULATED,CD4_TH1_Helper,0034
