"","20201204_30102534581221-01_P0094 D0 2 _08.RCC","20201204_30102534581221-01_P0094 D0 3_09.RCC","20201209_30102534211221-01_P0094 D3 17 nmc2 100_02.RCC","20201209_30102534211221-01_P0094 D3 18 nmc2 30_03.RCC","20201208_30102534591221-01_P0094 D3 9 nmc2 30_06.RCC","20201208_30102534591221-01_P0094 D3 10 IgG 250_07.RCC","20201209_30102534211221-01_P0094 D3 16 IFN_01.RCC","20201209_30102534211221-01_P0094 D3 26 nmc2 100_11.RCC","20201209_30102534211221-01_P0094 D3 27 nmc2 30_12.RCC","20201208_30102534591221-01_P0094 D3 14 PD1 250_11.RCC","20201209_30102534211221-01_P0094 D3 23 PD1 250_08.RCC","20201208_30102534591221-01_P0094 D3 8 nmc2 100_05.RCC","20201204_30102534581221-01_P0094 IgG 250 D3 1_10.RCC","20201209_30102534211221-01_P0094 D3 19 IgG 250_04.RCC","20201209_30102534211221-01_P0094 D3 25 IFN_10.RCC","20201204_30102534581221-01_P0094 D0 1_07.RCC","20201208_30102534591221-01_P0094 D3 7 IFN_04.RCC"
"POS_A(128) - mRNA",41182,39572,36730,36161,35066,37358,44688,41458,41598,46154,44943,41854,40277,42230,41644,30908,37799
"POS_B(32) - mRNA",15098,14499,13090,13596,12662,13407,15608,14582,14054,16293,16264,14599,14521,15248,14718,11363,13288
"SPP1 - mRNA",16560,11472,565,452,1402,1539,439,670,251,1476,1003,1357,1541,1447,1680,7310,2250
"RPL23 - mRNA",13092,9037,1563,1372,4013,4447,1373,1740,585,3629,2934,4116,5308,4264,4932,5730,7276
"B2M - mRNA",13110,10301,1436,1010,3114,2912,948,1404,411,2545,2152,3235,3802,3415,2852,6407,5142
"UBB - mRNA",11472,8660,1177,1033,3116,3360,1031,1242,456,2410,2137,2825,3857,3638,3637,5264,5347
"HLA-E - mRNA",3542,3004,344,244,639,664,312,359,140,680,451,698,778,722,691,1878,1111
"APOE - mRNA",2393,1878,138,107,364,433,136,195,62,370,292,384,485,456,428,1123,699
"MLANA - mRNA",2316,1826,203,159,401,624,200,224,79,369,347,485,815,693,687,1113,1010
"LDHA - mRNA",3368,2402,601,473,1292,1657,493,671,249,1469,956,1489,1754,1782,1612,1512,2218
"ALDOA - mRNA",3276,2440,564,463,961,1380,517,609,269,1180,689,1076,1512,1404,1578,1548,2045
"GLUL - mRNA",2652,1911,356,318,880,855,296,421,158,837,656,882,1009,855,936,1196,1529
"IFI16 - mRNA",2628,2067,306,245,597,837,276,428,131,859,532,803,1064,955,976,1205,1284
"A2M - mRNA",2420,1946,271,178,575,1025,311,460,108,804,443,597,1431,1103,966,1190,2098
"LDHB - mRNA",2266,1679,329,265,736,1223,402,426,162,753,665,879,1473,1296,1264,993,1972
"CXCL10 - mRNA",1149,1059,36,23,102,61,41,38,15,57,52,80,52,82,88,630,63
"DUSP1 - mRNA",1450,1232,61,69,135,102,71,69,38,117,114,142,162,117,111,743,220
"VEGFA - mRNA",1159,799,95,80,149,171,95,105,55,248,161,186,225,187,202,513,293
"FLNB - mRNA",1089,698,75,70,168,166,80,92,41,183,155,156,254,153,193,493,276
"EGR1 - mRNA",1338,962,64,73,292,154,70,137,46,198,121,195,190,252,202,659,370
"TAP1 - mRNA",1133,1021,102,68,258,171,69,122,43,129,160,195,228,224,190,579,271
"IFITM1 - mRNA",1237,962,97,110,194,197,96,133,53,209,198,217,230,212,202,606,294
"MYC - mRNA",1255,1029,137,111,305,386,188,175,55,282,251,425,648,512,572,623,874
"MFGE8 - mRNA",1091,916,227,159,380,501,161,220,81,411,314,389,608,523,573,510,831
"IFI27 - mRNA",1498,1205,234,209,507,483,129,219,97,428,407,532,552,472,542,746,726
"STAT1 - mRNA",1632,1467,233,182,504,347,158,236,104,329,328,453,524,424,374,879,634
"ATF3 - mRNA",1620,1058,133,134,352,228,96,145,64,290,214,383,411,245,256,685,551
"NFKBIA - mRNA",1343,1258,123,116,373,319,130,205,86,325,407,372,509,503,432,710,659
"SGK1 - mRNA",1360,1144,110,147,301,319,152,193,92,232,273,380,548,455,448,638,791
"CSF1 - mRNA",121,105,37,54,91,60,36,43,30,68,88,68,65,80,71,53,89
"MKI67 - mRNA",114,89,25,37,44,48,36,26,17,30,67,50,90,52,79,55,113
"MXI1 - mRNA",103,75,29,24,50,69,27,33,15,50,58,64,75,54,72,49,74
"KIF2C - mRNA",98,77,19,28,50,43,38,35,16,39,56,43,67,51,54,49,101
"TMEM140 - mRNA",82,88,32,36,46,42,29,47,22,41,69,53,56,57,73,37,93
"MELK - mRNA",80,80,29,21,33,72,48,34,27,50,44,60,100,69,70,57,132
"IL6R - mRNA",103,76,35,21,41,78,39,49,26,52,56,53,106,103,103,47,122
"RELB - mRNA",108,71,38,17,72,88,34,42,33,98,49,53,87,84,66,44,101
"IRF3 - mRNA",116,91,48,27,77,85,29,48,25,74,59,62,94,83,94,57,117
"CASP8 - mRNA",118,93,41,28,48,82,23,48,15,80,65,73,85,104,82,62,106
"ITGA4 - mRNA",87,58,39,19,62,36,27,37,10,61,29,74,111,53,44,40,112
"TYMP - mRNA",89,93,44,38,78,52,33,41,23,96,70,99,73,74,60,65,117
"CSF1R - mRNA",85,65,27,27,60,56,39,62,21,65,44,67,78,66,55,58,114
"SBNO2 - mRNA",100,63,40,36,54,54,33,43,19,68,55,62,78,78,69,46,106
"HLA-DQA1 - mRNA",109,92,44,27,76,41,28,33,21,45,56,77,57,58,54,59,108
"CD96 - mRNA",88,75,32,28,73,57,38,39,28,56,73,90,64,66,71,52,124
"VCAN - mRNA",54,52,24,7,17,68,27,23,6,41,17,46,64,70,71,40,139
"PC - mRNA",34,30,22,28,36,53,25,23,20,34,58,48,78,58,58,14,58
"PIK3R2 - mRNA",52,47,36,25,41,60,24,37,24,42,56,50,70,60,49,20,92
"AXIN1 - mRNA",53,45,25,32,58,60,27,35,23,38,58,56,68,60,58,27,83
"HDAC5 - mRNA",61,48,25,11,31,48,29,31,14,41,24,36,58,50,56,31,64
"FANCA - mRNA",49,46,19,11,14,51,21,29,13,27,35,29,57,56,46,30,54
"BRCA1 - mRNA",77,57,25,23,31,45,47,22,24,40,39,26,57,46,58,44,74
"GUSB - mRNA",76,48,28,18,30,34,34,30,14,42,34,29,46,56,50,40,68
"HDAC4 - mRNA",54,32,25,21,25,48,32,31,22,42,30,38,51,60,38,40,77
"ZEB1 - mRNA",57,43,26,25,46,43,24,28,24,36,45,38,43,40,51,42,77
"ITGA1 - mRNA",52,38,21,21,38,38,34,31,21,50,37,50,48,36,45,26,75
"KIT - mRNA",100,72,25,7,10,33,33,17,15,24,23,15,67,54,51,50,78
"CXCL13 - mRNA",109,100,29,15,24,21,25,25,8,21,38,29,40,28,28,52,49
"UBA7 - mRNA",98,93,19,22,34,42,25,31,26,53,48,38,68,51,48,51,53
"TLR3 - mRNA",96,80,38,11,49,48,26,22,16,34,28,43,45,45,43,42,61
"MB21D1 - mRNA",100,64,25,14,27,37,34,32,19,33,25,33,40,45,50,33,50
"CDC20 - mRNA",75,55,30,37,42,39,34,30,25,40,88,46,61,52,64,37,70
"OAS3 - mRNA",60,67,25,50,56,57,41,40,39,43,82,61,58,63,69,46,71
"ENTPD1 - mRNA",60,67,34,36,63,50,34,51,30,38,74,61,70,45,58,37,64
"FCGR2A - mRNA",58,57,36,43,57,38,37,42,25,52,85,67,58,43,54,41,65
"HDAC11 - mRNA",55,39,31,53,38,39,22,33,19,44,81,60,59,53,61,21,94
"ISG15 - mRNA",61,54,36,43,56,44,34,29,23,50,63,50,41,59,47,34,87
"PPARGC1B - mRNA",46,48,40,44,41,53,42,34,22,52,74,65,45,55,62,34,67
"FADD - mRNA",42,43,30,27,49,43,32,28,17,43,57,56,49,52,65,26,81
"OAS1 - mRNA",44,54,21,31,82,53,19,28,22,46,71,52,80,35,68,41,72
"CX3CL1 - mRNA",48,45,31,49,59,41,34,37,32,33,94,67,67,37,64,34,99
"NKG7 - mRNA",59,38,22,34,61,40,27,23,26,35,71,69,63,34,55,40,94
"PRR5 - mRNA",48,40,19,29,45,38,30,19,14,35,76,45,50,27,50,25,80
"IL6 - mRNA",45,27,34,30,49,44,32,39,31,34,87,58,57,25,59,20,80
"IL2RG - mRNA",77,65,25,21,66,32,13,23,26,44,63,65,41,38,54,47,71
"MAGEB2 - mRNA",55,51,34,27,68,40,23,36,14,46,74,72,53,34,45,30,74
"IFIH1 - mRNA",75,74,32,31,90,47,35,38,18,42,69,90,49,34,83,51,82
"OAS2 - mRNA",88,78,22,29,77,45,27,37,24,44,94,78,62,45,74,47,64
"PFKFB3 - mRNA",76,56,28,24,51,37,28,36,24,45,48,43,50,38,62,31,53
"IFI35 - mRNA",86,64,46,35,55,40,42,43,20,49,41,57,52,33,63,38,54
"POLD1 - mRNA",68,61,25,44,45,44,37,38,21,41,49,51,68,51,70,39,66
"EOMES - mRNA",57,48,27,34,58,45,21,49,37,36,57,59,56,47,65,39,65
"IL11RA - mRNA",50,43,33,37,62,42,37,35,26,44,64,48,58,49,63,33,61
"BBS1 - mRNA",85,47,41,40,67,59,35,37,30,43,54,41,69,50,65,43,80
"PIK3CD - mRNA",71,56,44,42,51,57,30,38,31,48,49,62,59,42,50,47,71
"NLRC5 - mRNA",75,47,39,47,46,51,25,37,33,60,53,56,58,45,53,36,64
"TNFRSF10D - mRNA",62,35,35,33,59,48,30,34,23,66,43,77,59,39,53,26,71
"VCAM1 - mRNA",64,56,17,24,67,35,28,27,27,38,62,54,63,31,69,27,56
"TICAM1 - mRNA",63,40,29,29,56,44,27,32,19,36,67,39,59,39,56,28,66
"STC1 - mRNA",59,36,37,37,54,38,34,32,18,31,59,41,47,30,60,26,57
"IL10RA - mRNA",59,63,50,53,68,52,40,57,38,48,63,69,70,59,63,46,75
"CD3D - mRNA",82,80,44,50,54,37,41,54,29,57,55,58,65,53,54,48,62
"TRIM21 - mRNA",66,58,29,27,64,52,30,36,15,35,71,74,57,61,70,36,85
"CCL5 - mRNA",71,61,41,45,70,40,35,42,25,43,59,66,46,57,87,39,88
"ITGB2 - mRNA",68,52,35,29,67,41,36,57,31,47,39,47,56,51,54,39,94
"ERBB2 - mRNA",74,60,37,23,53,53,36,48,21,60,44,61,70,61,80,35,92
"JAK2 - mRNA",76,56,33,26,65,53,30,49,30,50,61,54,59,63,76,43,85
"CD69 - mRNA",80,76,51,46,36,48,42,46,41,67,45,47,39,40,57,51,47
"NFKB2 - mRNA",83,63,35,46,64,54,43,37,37,82,77,65,43,51,58,55,64
"CXCL11 - mRNA",72,90,20,33,81,40,13,19,22,39,65,65,45,13,34,64,74
"MARCO - mRNA",105,85,20,31,51,38,27,30,29,26,73,57,54,28,49,53,68
"CDKN1C - mRNA",92,70,34,27,72,34,23,25,18,35,49,36,48,50,45,60,81
"NDUFA4L2 - mRNA",92,69,31,29,54,27,25,28,20,50,62,37,46,33,39,55,49
"TPSAB1/B2 - mRNA",22,13,22,65,57,33,22,27,33,27,78,67,58,40,68,19,70
"MAPK10 - mRNA",14,14,32,51,58,38,21,35,29,33,82,58,49,40,59,12,83
"CD8B - mRNA",21,26,23,50,54,26,26,19,22,43,96,57,54,46,48,17,61
"RAD51C - mRNA",24,27,29,45,67,30,25,27,26,40,76,55,41,50,47,12,61
"ICAM5 - mRNA",26,20,38,48,58,21,30,23,25,41,74,62,27,47,53,18,72
"RASAL1 - mRNA",21,37,37,49,66,39,35,30,37,47,80,51,68,48,58,15,78
"SLAMF7 - mRNA",32,29,39,37,62,42,35,48,35,49,82,56,62,53,56,26,72
"PECAM1 - mRNA",50,39,29,49,66,36,33,39,21,33,70,69,62,41,58,22,75
"CTLA4 - mRNA",30,37,30,35,72,41,28,38,28,29,72,68,65,49,71,24,86
"ROR2 - mRNA",17,20,35,34,70,38,27,32,16,31,78,58,71,35,56,9,64
"PF4 - mRNA",13,18,38,30,59,31,28,27,17,44,73,57,61,28,51,12,68
"OLFML2B - mRNA",28,26,39,31,68,43,27,32,22,38,73,44,69,39,57,24,57
"CD28 - mRNA",27,21,32,33,50,36,33,26,20,29,76,51,64,30,60,20,63
"RNLS - mRNA",35,35,23,35,51,40,19,25,15,33,67,53,54,42,49,15,57
"CD58 - mRNA",37,25,30,42,60,39,26,19,18,38,68,56,66,42,49,26,72
"FUT4 - mRNA",35,28,20,37,61,47,23,29,21,45,72,48,58,49,57,23,73
"HCK - mRNA",42,27,33,36,60,26,29,32,19,41,63,58,53,40,46,31,73
"CXCL1 - mRNA",44,23,32,36,60,25,29,29,18,41,77,72,53,44,53,23,58
"LILRA5 - mRNA",27,26,27,41,54,29,31,36,30,39,74,63,47,26,62,20,69
"LRRC32 - mRNA",32,23,34,42,47,37,19,31,32,36,81,64,39,33,55,21,62
"CCR2 - mRNA",25,16,24,35,60,40,33,32,28,40,71,65,57,31,52,21,55
"CLEC4E - mRNA",26,21,34,45,60,40,34,38,37,42,72,61,57,34,63,23,60
"CDH1 - mRNA",33,33,20,39,52,40,33,31,28,42,66,58,54,27,45,22,61
"SH2D1A - mRNA",42,21,31,42,61,40,24,31,27,39,70,61,56,30,46,23,55
"CCNA1 - mRNA",22,7,27,25,82,34,18,37,18,39,95,96,61,15,56,10,70
"EIF5AL1 - mRNA",19,13,26,35,73,25,17,36,24,39,107,87,56,27,76,13,67
"SIGLEC5 - mRNA",27,21,35,39,68,43,30,31,25,36,78,81,80,33,77,25,46
"CXorf36 - mRNA",26,14,22,35,55,37,33,31,24,31,90,77,62,30,66,13,60
"BCAT1 - mRNA",33,23,32,39,69,36,33,31,25,31,92,74,64,35,85,19,72
"CXCL6 - mRNA",24,19,22,40,72,40,23,28,32,32,75,79,51,23,69,17,70
"IL17A - mRNA",19,11,10,32,78,50,19,31,26,30,76,82,67,30,62,11,66
"IL2 - mRNA",20,19,21,30,88,48,34,38,22,38,78,94,65,26,67,19,62
"TNFRSF11B - mRNA",19,16,35,43,85,44,29,43,30,30,89,81,63,30,79,8,59
"VEGFC - mRNA",18,17,30,34,93,43,29,33,31,29,92,89,73,30,80,16,60
"DPP4 - mRNA",13,28,17,29,77,50,34,26,23,34,80,61,52,20,53,12,69
"CLECL1 - mRNA",26,19,26,27,75,37,27,25,25,39,80,73,50,40,61,18,58
"WNT2B - mRNA",30,21,34,32,75,43,28,36,21,39,81,63,48,35,63,13,60
"CCL8 - mRNA",26,33,30,26,70,45,32,31,18,39,81,62,57,33,64,15,61
"IFNA1 - mRNA",12,14,23,34,71,34,25,21,27,22,86,82,55,23,57,7,57
"NLRP3 - mRNA",12,11,22,28,60,32,29,16,17,28,87,71,45,24,54,14,63
"S100A12 - mRNA",15,7,26,29,68,38,31,41,18,28,79,76,48,20,56,14,68
"NFAM1 - mRNA",20,6,30,40,62,34,26,33,20,32,81,71,45,26,46,13,57
"FAM30A - mRNA",18,12,26,42,57,38,23,41,24,31,81,66,38,30,52,10,60
"TIGIT - mRNA",15,19,24,29,62,35,12,27,13,29,75,61,47,37,50,19,62
"LY9 - mRNA",17,16,22,35,74,40,20,34,21,30,79,68,43,32,49,20,69
"PRKAA2 - mRNA",18,23,27,41,55,36,21,30,18,38,65,71,54,31,63,13,64
"WNT2 - mRNA",9,17,21,40,60,39,18,27,25,29,72,76,53,31,44,12,55
"CLEC7A - mRNA",28,21,32,32,70,37,25,25,23,54,74,68,60,47,52,17,91
"GHR - mRNA",25,11,26,21,82,51,22,29,24,42,84,83,64,31,54,15,86
"BMP2 - mRNA",29,24,40,25,77,55,21,29,29,39,74,78,61,45,60,20,81
"AQP9 - mRNA",35,28,41,34,86,33,35,29,34,42,94,63,52,28,68,18,69
"IL1A - mRNA",34,29,14,33,73,41,35,49,30,34,98,74,52,40,62,21,61
"GPC4 - mRNA",29,26,32,49,62,49,31,38,28,42,91,65,52,44,68,17,63
"CD8A - mRNA",44,30,26,28,65,51,27,41,26,39,88,62,54,43,68,31,63
"CLEC5A - mRNA",14,18,31,35,38,29,22,48,25,54,45,39,46,57,37,9,87
"ITGAX - mRNA",40,43,35,50,44,44,29,45,30,43,72,42,51,39,59,29,64
"PVR - mRNA",37,42,30,44,50,54,23,36,21,52,65,51,55,49,65,22,70
"PNOC - mRNA",39,33,47,50,56,40,39,42,28,42,70,53,51,47,45,28,55
"PVRIG - mRNA",29,33,33,58,44,32,39,39,31,61,59,66,53,55,53,18,49
"CASP9 - mRNA",52,25,34,29,47,30,30,36,14,63,54,43,40,36,45,35,55
"IRF7 - mRNA",43,36,23,32,43,42,26,30,24,59,57,55,53,50,52,28,60
"FZD9 - mRNA",44,41,20,32,44,32,26,31,18,46,60,32,58,45,50,27,58
"LOXL2 - mRNA",47,38,37,27,43,28,31,37,26,35,57,51,54,29,51,37,63
"FZD8 - mRNA",29,33,35,42,47,40,35,36,26,33,49,58,61,35,48,28,48
"LAMB3 - mRNA",35,34,32,35,34,39,33,27,16,43,42,37,45,50,57,19,46
"ADAM12 - mRNA",38,24,29,24,31,42,33,35,16,37,34,36,58,49,51,19,49
"CD3E - mRNA",46,36,30,21,52,31,24,26,14,34,46,54,44,39,60,23,57
"TWIST1 - mRNA",35,20,24,31,35,31,19,21,18,32,45,49,50,33,52,15,56
"TAPBPL - mRNA",39,33,25,31,64,22,24,28,13,25,68,64,27,44,43,31,71
"COL4A5 - mRNA",25,21,29,38,60,38,22,21,15,41,54,64,56,26,35,25,69
"TNFAIP6 - mRNA",20,21,29,29,81,39,19,18,22,33,50,52,37,32,35,15,51
"GPR160 - mRNA",22,17,18,31,67,40,17,20,18,26,58,68,33,22,52,11,85
"PIK3R5 - mRNA",20,17,19,24,59,26,22,42,27,31,57,45,44,30,57,14,67
"CMKLR1 - mRNA",16,28,20,30,51,32,19,26,23,27,69,50,36,33,55,16,66
"WNT5A - mRNA",33,30,22,33,68,34,33,29,20,41,65,48,38,25,64,21,75
"CCND2 - mRNA",27,20,26,26,64,34,28,27,19,30,64,67,45,31,57,10,69
"STAT4 - mRNA",34,31,19,24,67,29,21,15,26,29,65,61,53,35,60,13,67
"WNT5B - mRNA",15,12,29,27,61,27,12,31,20,22,52,42,37,30,41,7,39
"CXCL5 - mRNA",16,9,28,30,54,20,17,22,19,34,55,58,34,33,49,10,37
"F2RL1 - mRNA",16,15,24,22,48,27,23,31,23,19,65,65,33,18,42,13,50
"IL1B - mRNA",20,14,31,23,52,20,17,29,26,23,59,57,42,24,40,15,49
"PPARG - mRNA",11,11,20,24,73,29,24,21,24,23,70,62,36,23,48,13,52
"DEFB134 - mRNA",13,19,18,22,65,31,21,21,24,30,62,59,42,33,43,13,57
"CCNO - mRNA",16,13,19,27,24,28,28,22,20,22,56,57,32,24,44,10,47
"C5 - mRNA",15,12,19,28,32,30,16,19,10,25,54,59,31,27,33,13,42
"GZMM - mRNA",18,10,20,41,42,30,16,23,14,27,53,57,34,33,44,14,56
"CXCR6 - mRNA",17,15,16,32,43,36,20,30,23,19,58,50,44,33,36,12,54
"PDCD1 - mRNA",20,16,26,29,40,29,16,31,19,20,68,49,34,30,42,10,53
"PDZK1IP1 - mRNA",18,19,21,31,47,31,27,23,16,21,70,64,47,27,33,9,44
"KIR3DL2 - mRNA",17,13,22,35,41,29,25,30,27,24,74,53,55,27,35,8,44
"WNT4 - mRNA",12,10,18,40,34,25,21,20,21,16,66,46,41,27,44,9,42
"CX3CR1 - mRNA",17,7,12,38,40,32,24,24,19,28,64,50,41,28,40,12,45
"TNFRSF11A - mRNA",12,21,16,30,47,18,23,28,31,27,68,42,41,30,37,10,47
"SIRPB2 - mRNA",19,16,18,30,43,21,14,28,20,34,57,48,36,24,42,9,47
"APLNR - mRNA",19,10,24,23,34,22,24,18,24,26,67,42,39,44,45,17,49
"FCAR - mRNA",20,23,33,29,32,27,31,34,26,38,71,39,36,40,43,19,62
"TIE1 - mRNA",30,26,29,34,41,22,23,25,24,33,76,48,36,31,44,19,54
"WNT3A - mRNA",24,12,32,48,56,22,28,20,22,28,64,38,49,33,44,8,64
"OASL - mRNA",32,23,31,39,45,23,23,25,20,32,67,40,48,44,51,17,50
"GAS1 - mRNA",26,30,30,41,41,21,30,21,16,33,52,45,51,40,44,13,56
"TLR9 - mRNA",23,28,28,48,42,31,28,29,15,27,58,66,43,33,49,8,53
"WNT10A - mRNA",32,27,31,44,40,35,26,34,29,35,62,65,53,36,52,17,56
"RUNX3 - mRNA",23,25,27,39,50,28,26,27,21,28,62,56,47,23,43,23,63
"CXCL14 - mRNA",22,32,26,25,54,29,30,29,27,33,63,51,54,34,45,18,52
"FPR1 - mRNA",23,23,31,43,54,27,29,28,26,36,65,55,51,40,42,12,57
"BATF3 - mRNA",34,18,19,32,53,37,34,28,23,37,65,49,51,29,53,10,52
"NOD2 - mRNA",30,19,23,40,56,30,24,23,27,35,64,56,41,35,61,11,48
"CD86 - mRNA",23,21,20,30,56,37,17,24,23,39,58,54,47,39,48,22,47
"ITGAL - mRNA",19,13,25,37,54,38,20,21,17,30,58,53,52,33,48,7,56
"CXCR3 - mRNA",13,23,24,36,41,29,19,32,28,34,65,54,60,46,35,24,46
"IL1R2 - mRNA",35,23,28,35,57,27,30,33,26,34,72,51,42,50,37,28,44
"TBX21 - mRNA",23,18,26,42,58,35,30,34,23,39,64,38,48,31,45,24,49
"MMRN2 - mRNA",25,22,16,36,58,31,29,29,27,37,54,44,37,31,35,24,45
"IL22RA1 - mRNA",16,20,22,50,61,34,27,28,23,24,67,51,36,45,50,12,46
"C7 - mRNA",13,12,25,42,69,32,30,24,26,31,58,56,33,36,54,14,47
"IFIT2 - mRNA",24,25,18,32,65,30,16,39,19,22,49,59,35,28,48,21,54
"TLR7 - mRNA",20,19,32,31,48,26,26,26,26,25,50,49,36,29,45,13,47
"TNFSF8 - mRNA",23,27,29,37,48,26,30,43,26,25,50,53,36,41,40,13,44
"MAGEA4 - mRNA",16,21,20,41,62,37,40,40,31,49,73,55,47,28,39,11,58
"LAMA1 - mRNA",20,11,31,26,66,28,49,26,33,40,48,51,50,35,57,13,53
"TWIST2 - mRNA",18,16,13,13,14,6,14,17,12,17,25,12,21,14,18,13,9
"IL21R - mRNA",15,16,12,15,11,8,14,15,13,22,18,12,22,9,28,13,12
"HLA-DQA2 - mRNA",11,9,15,9,8,13,14,15,16,15,18,14,21,9,13,14,5
"CD7 - mRNA",17,18,16,17,11,15,18,19,19,13,17,9,28,13,14,10,6
"REN - mRNA",15,8,12,5,12,10,18,14,11,21,18,14,15,17,12,7,10
"RELN - mRNA",8,11,11,7,12,8,16,13,6,18,12,17,13,13,17,12,12
"HLA-DRB5 - mRNA",9,18,22,13,13,8,10,10,12,20,22,9,17,18,13,11,10
"TNFRSF17 - mRNA",8,17,17,8,17,20,15,10,10,21,19,15,15,12,18,9,13
"FASLG - mRNA",5,17,11,12,10,16,9,13,14,17,13,13,24,17,17,4,19
"COMP - mRNA",7,11,18,7,9,12,9,7,13,10,15,17,8,15,11,5,18
"IL4 - mRNA",7,11,14,18,20,11,12,8,12,12,28,18,22,5,21,7,22
"CSF3 - mRNA",5,8,9,9,16,17,14,16,10,15,25,18,14,15,17,7,22
"GMIP - mRNA",13,11,7,14,10,12,6,19,8,15,19,14,14,10,14,4,12
"NEG_H(0) - mRNA",8,9,10,16,9,9,12,19,17,16,21,19,9,9,16,14,17
"GZMB - mRNA",9,12,8,8,7,3,6,10,2,5,11,8,11,9,6,9,10
"NEG_G(0) - mRNA",7,18,9,6,10,12,13,13,11,11,9,13,18,9,14,7,9
"TCL1A - mRNA",11,12,12,8,18,10,12,21,10,12,14,12,13,5,13,9,11
"NEG_D(0) - mRNA",11,15,14,8,10,9,17,15,9,11,13,6,11,9,14,12,13
"SHC2 - mRNA",16,9,16,9,6,10,11,15,13,10,8,14,6,9,7,10,8
"PRKX - mRNA",15,10,13,12,10,15,9,11,13,7,13,6,12,14,13,16,11
"CST2 - mRNA",15,5,9,10,8,9,11,9,6,14,13,7,14,10,11,13,12
"SFRP4 - mRNA",9,9,14,9,9,12,11,11,10,16,14,10,10,7,9,10,11
"VSIR - mRNA",30,15,8,8,16,7,13,7,8,16,10,13,12,5,10,17,14
"GZMA - mRNA",28,25,17,7,13,6,9,13,11,23,15,17,15,10,8,18,14
"CD79A - mRNA",19,14,7,9,16,7,11,10,13,8,21,15,16,14,16,8,21
"INHBA - mRNA",17,14,14,6,14,15,11,15,15,14,21,17,12,16,10,11,22
"HLA-DQB1 - mRNA",26,15,12,8,17,15,12,13,11,17,17,16,11,17,17,17,12
"CD244 - mRNA",18,18,7,9,11,11,13,22,8,13,15,15,8,11,14,14,15
"KLRB1 - mRNA",19,17,9,8,5,9,15,18,11,12,15,13,10,11,13,13,9
"COL6A3 - mRNA",33,25,21,9,10,13,14,14,8,19,15,8,18,21,20,17,17
"CDC25C - mRNA",25,24,17,6,8,14,16,15,9,5,20,14,21,16,16,11,17
"HSD11B1 - mRNA",28,19,19,12,22,15,12,25,10,11,19,14,21,13,16,17,9
"PDCD1LG2 - mRNA",28,16,27,21,20,14,16,16,12,17,18,14,23,23,23,10,15
"PDGFRB - mRNA",28,15,21,12,13,12,15,18,19,18,17,17,22,21,19,13,20
"IL18 - mRNA",38,33,14,17,24,15,19,18,13,17,17,20,33,13,22,16,17
"HERC6 - mRNA",45,37,16,14,14,22,24,21,18,18,14,17,22,19,30,15,18
"MAP3K12 - mRNA",35,28,17,13,10,22,11,18,5,13,15,19,22,22,19,22,29
"AREG - mRNA",38,24,16,14,15,11,13,23,12,25,21,14,26,13,20,23,27
"TNFRSF1B - mRNA",35,21,9,10,14,13,21,23,9,24,23,16,22,14,23,25,30
"CD247 - mRNA",29,25,27,22,25,26,24,31,29,23,30,24,26,17,21,16,19
"TNFRSF18 - mRNA",24,28,28,17,20,13,29,29,18,33,31,20,29,21,20,21,24
"THY1 - mRNA",23,28,26,11,16,15,23,18,24,30,29,22,26,27,26,20,28
"TREM1 - mRNA",28,26,24,16,17,17,20,18,16,29,25,18,27,20,22,17,18
"CCL14 - mRNA",21,16,19,16,20,11,17,21,24,18,22,20,33,28,21,14,27
"NEG_B(0) - mRNA",16,21,17,17,16,16,16,32,18,19,20,20,29,28,19,10,20
"LAMC2 - mRNA",22,14,27,17,29,13,28,23,20,20,22,21,25,18,27,11,28
"MYCT1 - mRNA",16,14,25,13,21,16,23,23,18,16,18,23,25,20,19,14,25
"ITGAM - mRNA",21,16,25,13,16,16,28,22,13,10,24,19,24,13,23,14,23
"CCL19 - mRNA",17,15,12,26,12,23,26,23,19,32,32,16,19,16,28,11,25
"SELP - mRNA",20,15,21,20,18,25,15,22,15,26,29,16,22,20,20,7,19
"DKK1 - mRNA",12,17,14,13,14,22,18,25,19,23,24,21,24,17,15,9,22
"HNF1A - mRNA",15,11,14,20,19,17,17,16,19,22,23,23,30,26,30,13,20
"SIGLEC8 - mRNA",12,10,18,19,23,14,21,19,12,23,29,21,20,21,26,7,16
"OTOA - mRNA",17,29,17,14,17,22,23,14,13,24,28,18,19,27,20,18,9
"BLK - mRNA",11,19,15,17,13,18,20,15,15,30,29,17,30,17,25,17,15
"NEG_C(0) - mRNA",18,23,13,20,22,23,24,29,13,25,20,18,33,13,22,19,15
"ICOS - mRNA",26,23,20,23,24,7,30,18,14,25,30,19,31,17,21,15,18
"IHH - mRNA",18,19,27,17,22,13,15,14,10,22,27,22,25,16,21,15,17
"SIGLEC1 - mRNA",24,17,20,16,21,13,19,19,19,24,25,23,21,17,16,18,14
"CBLC - mRNA",24,21,16,9,14,13,11,24,12,31,14,25,16,16,19,14,9
"IL15 - mRNA",13,15,14,19,26,9,14,13,11,18,9,23,21,19,24,17,16
"OLR1 - mRNA",17,22,9,19,27,12,15,27,14,22,17,26,18,19,16,11,16
"CPA3 - mRNA",15,11,10,14,26,19,27,19,8,20,21,27,20,13,27,14,14
"NEG_E(0) - mRNA",13,12,20,15,19,17,26,13,18,26,23,26,14,21,20,20,20
"PRF1 - mRNA",26,11,10,15,25,9,19,23,16,19,31,22,18,14,32,15,30
"P2RY13 - mRNA",19,13,21,13,27,16,11,16,17,12,22,23,13,13,27,13,23
"CXCL12 - mRNA",20,16,13,17,19,14,14,20,14,13,33,18,15,17,28,17,17
"GZMK - mRNA",27,26,16,18,21,19,14,15,17,23,18,19,24,19,36,12,18
"RIPK3 - mRNA",28,19,18,15,16,16,24,11,18,15,24,21,24,20,31,8,26
"HLA-DOB - mRNA",19,15,16,15,14,12,21,17,15,17,22,25,19,14,18,10,13
"NEG_A(0) - mRNA",18,20,11,17,15,14,24,20,14,17,18,16,22,17,16,15,19
"SLC11A1 - mRNA",23,14,17,13,12,21,14,14,8,17,24,17,17,19,18,7,20
"NID2 - mRNA",21,11,21,14,16,14,25,16,7,24,18,16,24,22,22,8,22
"CD84 - mRNA",25,27,22,14,27,22,11,27,18,27,21,26,24,21,22,13,42
"CD2 - mRNA",27,23,17,8,21,20,15,18,17,15,32,28,33,22,26,12,30
"CXCL16 - mRNA",18,27,16,16,26,18,18,29,21,24,26,32,29,28,25,19,25
"TDO2 - mRNA",25,24,14,10,30,27,19,21,17,29,28,27,26,21,32,21,31
"CD5 - mRNA",26,27,23,21,22,25,21,19,20,30,18,22,32,32,31,14,25
"TNFSF12 - mRNA",30,37,24,9,38,27,16,17,21,35,27,17,35,31,33,18,31
"CD45RA - mRNA",34,20,37,18,27,22,34,27,19,27,27,23,24,23,24,35,24
"MGMT - mRNA",36,27,37,19,22,24,32,30,18,31,39,31,29,20,24,28,27
"SERPINB5 - mRNA",29,40,32,20,31,24,29,23,14,31,23,22,26,22,27,14,23
"CD38 - mRNA",28,46,22,19,20,15,25,24,15,27,21,22,23,22,26,20,20
"IFNG - mRNA",51,49,26,14,18,11,16,19,15,25,35,18,21,22,22,30,23
"FSTL3 - mRNA",38,40,19,13,17,12,19,14,6,23,18,23,24,19,14,26,27
"CD48 - mRNA",49,31,25,15,21,14,16,20,11,25,17,14,23,20,17,23,20
"CD79B - mRNA",48,39,16,21,20,22,11,19,9,15,37,25,31,27,34,24,30
"CD45RB - mRNA",46,34,24,26,26,23,26,19,25,28,35,39,28,31,37,24,28
"TNFSF9 - mRNA",41,29,22,13,18,20,16,19,21,32,36,28,21,22,29,23,27
"FCGR1A - mRNA",43,30,31,21,22,28,20,30,18,23,28,28,30,26,27,24,35
"AXL - mRNA",19,15,14,17,21,25,30,15,14,39,25,33,34,27,22,14,80
"MX1 - mRNA",25,32,10,10,20,37,21,22,8,19,23,29,27,27,34,14,46
"LTBP1 - mRNA",37,36,22,18,20,20,29,19,14,25,36,25,37,18,40,31,51
"MRC1 - mRNA",37,15,21,13,26,22,22,23,13,37,23,14,32,25,38,25,51
"KLRD1 - mRNA",28,23,14,12,33,15,22,20,14,18,43,21,26,13,36,8,24
"TSLP - mRNA",28,19,11,19,35,19,27,32,13,23,41,36,22,16,38,12,30
"IFIT1 - mRNA",37,22,15,17,37,25,18,19,15,18,42,28,33,29,33,13,38
"CD40LG - mRNA",23,16,14,22,44,18,20,16,22,18,39,30,30,17,33,11,39
"RASGRF1 - mRNA",26,11,17,14,44,20,16,23,16,15,36,33,28,17,36,12,31
"TGFB3 - mRNA",30,30,26,25,41,18,12,14,13,39,47,32,35,17,20,16,41
"PDGFB - mRNA",20,40,16,27,26,15,16,17,10,19,39,28,27,24,16,16,30
"IDO1 - mRNA",21,30,13,18,42,19,17,16,10,20,48,42,33,20,27,13,25
"CES3 - mRNA",26,30,21,28,25,23,26,20,11,29,50,35,29,29,27,15,32
"CSF3R - mRNA",22,27,13,28,36,24,16,28,24,28,50,41,21,22,25,15,28
"IL1RN - mRNA",15,15,19,39,33,22,12,15,26,15,34,30,20,29,24,11,33
"PGPEP1 - mRNA",12,7,22,27,32,32,13,17,10,22,34,25,25,26,38,7,33
"EGFR - mRNA",13,14,20,22,32,29,18,20,11,30,48,32,27,18,34,12,37
"CD3G - mRNA",16,25,20,23,38,33,18,21,19,29,43,33,21,23,32,11,37
"RORC - mRNA",19,14,12,26,33,22,13,12,19,28,40,31,28,22,37,8,39
"SYK - mRNA",15,19,14,18,40,28,10,18,16,21,38,29,29,27,34,13,37
"LAIR1 - mRNA",16,20,21,11,13,13,11,20,14,28,33,34,21,11,28,9,35
"CD274 - mRNA",17,18,21,23,28,15,11,22,16,22,26,34,25,15,33,14,25
"CNTFR - mRNA",23,15,23,15,30,20,15,16,15,15,26,29,27,15,21,12,22
"EPCAM - mRNA",22,17,21,15,30,18,13,16,13,21,25,31,27,22,30,18,25
"WNT11 - mRNA",17,16,20,18,22,13,24,18,21,24,40,34,26,22,24,13,22
"FGF18 - mRNA",23,22,23,29,20,18,21,16,20,26,27,23,28,22,26,11,24
"CD1C - mRNA",24,24,19,22,25,19,25,12,13,24,30,27,22,23,24,10,28
"THBD - mRNA",11,5,6,29,31,16,12,13,7,16,26,31,18,14,26,6,32
"TAF3 - mRNA",14,10,18,22,33,17,16,16,14,18,31,18,24,20,32,8,34
"MS4A2 - mRNA",8,10,14,15,34,16,18,19,12,11,26,23,26,13,27,8,26
"C5AR1 - mRNA",12,8,21,13,31,15,12,12,6,15,47,20,26,26,24,10,31
"DLL1 - mRNA",10,12,9,23,21,15,14,11,12,19,40,31,25,13,27,12,36
"TNFSF13 - mRNA",15,7,14,22,21,19,15,15,23,26,38,28,29,16,20,10,41
"TNFRSF8 - mRNA",10,8,18,26,23,15,11,15,15,20,41,26,18,20,23,11,37
"NOS2 - mRNA",15,7,22,29,24,19,13,12,17,18,41,27,25,19,20,8,35
"IL2RA - mRNA",27,35,30,27,49,28,22,21,15,28,58,33,54,31,38,15,38
"GIMAP6 - mRNA",20,25,26,23,43,26,20,20,27,27,51,35,43,30,37,13,36
"LILRA3 - mRNA",20,38,28,24,42,18,22,19,27,26,51,39,39,35,28,16,43
"PTGER4 - mRNA",35,32,23,20,40,24,20,28,22,30,45,38,42,31,25,18,42
"TNFRSF9 - mRNA",34,37,30,25,41,17,19,19,24,26,42,33,38,27,36,22,29
"KLRK1 - mRNA",40,27,17,21,56,28,18,16,4,16,51,38,41,24,35,25,55
"ICOSLG - mRNA",34,34,20,32,43,17,21,18,23,18,52,29,32,20,31,18,45
"CD209 - mRNA",30,22,19,31,47,23,25,20,22,24,61,46,31,29,33,19,52
"LGALS9 - mRNA",30,19,19,32,37,16,15,24,17,21,61,33,39,31,34,23,51
"GZMH - mRNA",20,16,23,36,42,21,18,12,25,18,44,39,33,22,29,13,41
"NCR1 - mRNA",20,22,25,29,45,25,30,16,24,17,49,44,38,29,26,11,38
"WNT7B - mRNA",14,7,24,28,44,24,30,14,19,26,54,29,37,22,32,12,35
"PLA2G2A - mRNA",21,13,27,23,46,26,25,26,18,20,56,37,40,20,36,14,45
"ROBO4 - mRNA",16,9,24,30,39,33,26,19,18,19,55,41,38,21,41,13,42
"CCL21 - mRNA",22,17,24,32,28,19,23,20,24,24,60,43,33,13,29,8,31
"PRLR - mRNA",14,16,18,23,40,19,13,18,20,18,50,35,28,22,39,8,38
"HDC - mRNA",19,14,24,17,35,20,13,19,21,13,59,37,36,19,38,7,42
"MAP3K5 - mRNA",22,21,21,29,42,27,20,27,24,18,41,56,32,22,41,13,31
"CD27 - mRNA",27,12,22,22,33,22,16,17,15,17,49,51,46,24,36,17,32
"TNFSF10 - mRNA",22,13,26,30,36,20,16,16,11,20,41,45,29,26,39,16,44
"ESR1 - mRNA",14,17,17,22,39,20,22,19,13,27,45,52,36,26,39,15,43
"IL2RB - mRNA",24,20,19,21,32,14,25,15,22,24,51,36,25,18,41,15,32
"SPIB - mRNA",30,22,27,22,27,19,27,22,17,31,42,37,31,26,43,20,36
"ZAP70 - mRNA",26,24,23,25,42,15,26,16,11,23,45,40,25,23,33,12,46
"IRF8 - mRNA",31,26,22,20,41,21,31,29,15,21,44,37,29,31,31,19,38
"ARG1 - mRNA",16,10,12,18,44,29,14,23,15,19,42,40,45,19,48,14,48
"CCL22 - mRNA",21,12,21,14,38,26,29,23,18,21,62,32,44,27,35,10,47
"ICAM2 - mRNA",20,14,19,21,34,22,19,26,17,20,52,43,46,23,34,12,63
"CCL13 - mRNA",14,14,21,28,32,22,18,18,14,23,29,33,34,26,20,11,46
"FOXP3 - mRNA",14,11,18,26,37,14,14,21,16,24,43,28,39,20,25,17,54
"JAG2 - mRNA",15,15,20,16,35,23,26,16,14,23,45,35,30,24,24,7,41
"BTLA - mRNA",13,13,12,21,48,23,13,16,16,22,56,36,35,23,25,9,42
"CLEC14A - mRNA",18,12,17,12,41,22,14,22,11,25,50,42,34,26,31,9,34
"LIF - mRNA",13,14,17,17,50,28,19,18,12,22,44,42,31,20,31,19,38
"STK11IP - mRNA",11,18,13,14,19,20,21,14,7,22,44,39,39,33,33,13,39
"FAS - mRNA",24,17,17,25,33,14,21,16,20,26,39,44,30,31,31,10,29
"BCL6B - mRNA",22,19,18,27,35,25,22,13,18,17,41,33,28,32,36,6,34
"CTSW - mRNA",27,21,22,24,28,26,24,19,17,23,36,28,34,27,22,21,33
"GNG4 - mRNA",25,22,22,26,35,24,27,26,20,26,35,34,42,38,31,16,36
"NEG_F(0) - mRNA",27,28,22,34,34,22,31,40,29,51,26,22,30,33,33,27,32
"CSF2RB - mRNA",13,24,27,30,23,18,25,29,25,34,41,36,27,23,37,15,41
"CD40 - mRNA",26,26,26,24,27,28,30,33,20,31,36,38,23,24,25,17,38
"IL18R1 - mRNA",22,33,30,24,27,20,26,35,24,30,30,34,29,31,38,16,30
"LAG3 - mRNA",44,46,22,31,39,22,37,38,27,37,42,38,47,26,34,37,30
"COL5A1 - mRNA",27,38,33,21,33,27,30,37,19,30,41,29,41,33,34,15,28
"COL17A1 - mRNA",33,36,31,30,32,27,25,36,26,34,38,26,43,32,36,24,26
"FAP - mRNA",51,34,21,23,23,31,27,23,16,26,33,28,42,45,26,22,30
"IKBKB - mRNA",46,32,19,24,31,30,26,29,23,43,37,34,40,46,37,22,38
"LILRB4 - mRNA",37,20,28,19,37,15,23,28,14,33,51,49,35,33,30,27,60
"TNFRSF10B - mRNA",28,36,34,25,39,24,20,28,12,50,42,42,43,33,39,16,55
"SOX2 - mRNA",33,24,26,27,58,24,16,24,16,36,43,41,35,36,37,14,56
"CD300A - mRNA",32,32,33,37,54,30,24,19,16,41,60,43,35,26,38,18,56
"TNFRSF4 - mRNA",50,24,40,39,30,27,25,27,28,38,56,40,46,29,51,18,48
"HAVCR2 - mRNA",42,29,32,31,48,28,39,29,17,32,52,42,39,33,47,25,61
"TNFRSF25 - mRNA",36,27,29,40,38,36,48,28,25,32,61,46,48,41,40,18,55
"NEIL1 - mRNA",52,26,26,33,37,23,33,23,23,31,58,37,36,24,39,31,37
"CD4 - mRNA",35,21,28,26,38,21,40,25,27,27,48,31,37,26,31,26,42
"FGFR1 - mRNA",31,33,19,24,39,33,33,36,20,39,48,38,32,27,37,19,52
"SOX11 - mRNA",52,32,16,21,36,25,28,29,20,28,46,41,34,34,42,20,49
"NOTCH1 - mRNA",38,29,20,21,31,28,34,35,25,28,51,34,37,36,47,12,47
"CD70 - mRNA",19,20,33,36,42,27,33,22,18,40,58,52,27,27,40,18,43
"CD19 - mRNA",22,19,38,28,29,32,31,19,26,31,53,49,30,32,33,10,36
"ADGRE1 - mRNA",21,20,24,22,45,32,27,21,17,28,49,52,36,23,47,22,36
"CD6 - mRNA",27,17,20,32,43,23,29,25,22,33,56,48,41,24,42,19,42
"GNLY - mRNA",30,21,17,25,46,30,34,28,24,27,54,51,29,23,40,22,41
"CDH5 - mRNA",22,18,27,33,33,38,29,25,25,25,55,40,37,23,39,13,41
"ADORA2A - mRNA",30,27,28,31,37,32,31,31,21,26,48,41,38,21,36,21,28
"MFNG - mRNA",23,24,22,34,46,32,31,33,31,40,45,49,35,47,40,29,28
"GLI1 - mRNA",27,20,18,33,33,27,26,33,28,29,60,54,45,33,35,16,45
"TNFRSF10C - mRNA",28,26,20,44,29,28,35,31,35,33,54,41,51,28,39,20,34
"CD80 - mRNA",22,25,19,33,37,25,31,27,28,32,57,28,30,41,38,15,38
"CSF2 - mRNA",14,9,20,17,31,20,23,27,20,29,53,27,31,27,34,14,42
"IL10 - mRNA",23,12,19,22,23,23,25,29,17,21,54,23,33,27,39,24,35
"CCL20 - mRNA",24,18,26,22,41,30,24,37,17,32,28,43,35,41,46,12,33
"IRF5 - mRNA",20,17,26,14,31,16,25,26,28,27,47,32,39,38,40,12,34
"PDGFA - mRNA",18,9,33,17,42,29,22,28,25,24,42,32,42,28,38,10,45
"SERPINA1 - mRNA",63,63,21,18,21,25,25,14,14,23,26,27,26,22,19,46,23
"JAK3 - mRNA",77,48,15,20,26,31,22,19,15,28,28,26,31,30,30,44,33
"DUSP2 - mRNA",65,59,14,17,27,26,17,16,16,25,35,32,27,28,34,36,46
"SAMSN1 - mRNA",43,42,11,15,31,18,14,32,10,21,30,44,31,24,35,29,53
"CEP55 - mRNA",52,29,20,25,38,29,15,26,17,28,40,35,38,36,28,31,58
"P4HA2 - mRNA",53,44,24,18,28,30,14,31,10,33,36,41,35,43,41,26,50
"TNFAIP3 - mRNA",63,54,16,17,31,25,21,22,19,22,49,36,45,33,31,27,64
"NCAM1 - mRNA",38,41,17,23,36,29,22,20,25,18,44,41,40,24,36,23,60
"CD163 - mRNA",38,43,19,21,36,36,29,31,17,27,43,37,37,31,26,33,70
"ZC3H12A - mRNA",65,66,31,28,53,31,30,30,29,31,49,49,34,22,34,29,47
"PLA1A - mRNA",54,59,28,25,40,24,28,23,26,23,42,45,36,33,38,42,39
"TBXAS1 - mRNA",66,53,26,20,33,37,38,35,23,42,41,46,49,41,44,44,60
"MAP3K8 - mRNA",65,62,29,24,44,38,32,27,11,38,52,55,48,27,50,35,65
"CD45RO - mRNA",63,57,28,19,49,43,29,27,15,44,45,45,46,35,33,29,63
"IL16 - mRNA",73,48,24,13,40,34,14,23,21,35,53,55,39,50,59,42,64
"DLL4 - mRNA",67,40,18,28,48,28,20,22,22,42,57,50,42,43,41,34,43
"IL32 - mRNA",105,122,29,24,48,22,20,26,21,38,41,48,43,38,47,79,49
"CXCL9 - mRNA",94,157,29,26,48,25,23,25,33,17,57,61,46,28,43,68,41
"C1QA - mRNA",171,137,47,37,69,33,28,27,26,52,60,71,50,47,53,91,99
"SOCS1 - mRNA",153,106,28,24,41,37,18,15,14,43,54,39,45,28,30,69,80
"PSMB9 - mRNA",225,184,37,14,51,57,36,46,22,62,60,56,63,60,57,132,104
"APOL6 - mRNA",204,148,38,24,66,74,34,46,22,64,51,62,80,68,64,115,129
"PARP9 - mRNA",197,145,44,32,61,60,27,45,20,48,47,65,75,62,55,107,91
"ANLN - mRNA",165,130,26,28,63,78,37,29,24,33,73,79,118,87,64,70,163
"UBE2C - mRNA",163,135,23,27,78,64,32,27,15,39,80,62,98,55,92,63,145
"FCGRT - mRNA",162,114,43,31,82,73,39,49,33,65,70,98,87,60,82,65,168
"PRKACB - mRNA",175,128,42,26,70,90,46,42,20,67,47,74,112,67,97,60,141
"TNKS - mRNA",166,122,41,37,69,98,49,52,24,77,55,71,100,84,89,76,155
"MSH6 - mRNA",143,110,40,31,71,87,37,46,23,75,56,78,106,70,101,70,155
"BCL2 - mRNA",162,124,41,52,93,64,39,41,26,56,86,109,113,67,112,96,139
"SREBF1 - mRNA",183,150,35,43,79,78,39,59,35,95,78,75,114,90,103,69,136
"MAML2 - mRNA",155,143,29,37,67,78,47,42,28,58,62,70,104,85,101,108,122
"PLOD2 - mRNA",174,114,32,30,69,87,30,42,11,62,66,78,115,106,92,93,139
"PIK3R1 - mRNA",174,117,37,30,71,83,32,43,23,70,60,77,106,98,112,81,146
"BIRC5 - mRNA",136,147,31,32,36,95,32,33,15,39,43,53,105,75,71,62,122
"C2 - mRNA",162,144,44,62,79,72,38,45,30,68,102,84,85,72,71,108,98
"IFI6 - mRNA",169,140,39,42,65,68,26,47,25,59,81,68,70,48,63,77,69
"IFIT3 - mRNA",152,143,32,31,78,58,40,45,30,64,102,68,84,50,73,89,88
"PSMB10 - mRNA",144,100,29,40,74,73,23,44,29,51,80,84,87,70,88,63,92
"IL33 - mRNA",166,108,33,33,72,74,48,57,27,68,82,84,84,53,79,80,85
"IRF9 - mRNA",180,131,47,28,62,59,41,54,26,66,48,78,87,78,87,75,106
"HES1 - mRNA",168,144,43,39,64,69,41,49,29,73,77,84,98,104,98,79,94
"TNFSF13B - mRNA",187,180,34,58,111,73,31,51,32,64,132,116,81,58,101,105,113
"FLT1 - mRNA",282,176,50,48,133,88,43,47,38,83,135,114,95,63,102,102,123
"PROM1 - mRNA",254,169,31,59,110,62,40,38,32,65,117,97,81,49,73,106,104
"SPRY4 - mRNA",260,153,40,40,84,88,28,60,27,78,92,86,98,87,116,129,151
"NECTIN2 - mRNA",277,186,49,41,73,103,41,47,23,83,51,84,132,96,83,113,166
"DTX3L - mRNA",248,201,57,36,99,101,51,72,27,85,66,109,122,98,111,119,149
"P4HA1 - mRNA",294,232,52,45,82,76,36,56,23,87,72,96,90,100,106,143,81
"HLA-F - mRNA",292,211,32,39,162,94,37,59,32,104,106,129,107,87,85,130,118
"GBP4 - mRNA",277,237,22,22,44,30,19,26,21,25,30,24,39,53,27,168,44
"C1QB - mRNA",345,245,40,42,88,56,26,59,23,66,70,68,52,72,68,176,148
"G6PD - mRNA",73,51,53,44,97,110,67,85,37,114,94,95,123,117,149,18,155
"GOT1 - mRNA",115,78,70,53,114,135,49,68,39,123,86,112,123,116,120,58,187
"MTOR - mRNA",90,68,53,45,118,113,54,79,47,88,100,117,127,110,137,41,183
"CHUK - mRNA",83,71,45,44,130,109,50,57,26,101,83,131,143,114,132,56,196
"EXO1 - mRNA",102,61,41,46,141,95,57,49,31,59,130,112,138,130,134,45,209
"ITGAE - mRNA",102,66,60,64,117,117,70,47,26,80,111,115,154,151,145,55,185
"BRCA2 - mRNA",127,82,53,52,124,84,64,60,33,54,121,128,118,94,142,71,176
"GLS - mRNA",133,92,55,62,106,100,51,54,30,104,115,118,120,102,114,63,170
"MLH1 - mRNA",125,95,56,62,114,123,55,64,29,83,116,114,122,101,146,50,176
"SAMD9 - mRNA",123,103,48,36,114,122,39,63,39,85,121,137,131,107,174,90,169
"NF1 - mRNA",136,102,42,51,90,102,60,63,24,86,81,117,159,110,134,81,185
"PIK3CA - mRNA",147,102,63,49,132,112,49,69,39,100,88,139,146,120,147,58,181
"SMAD5 - mRNA",135,98,63,56,121,124,66,54,36,90,114,129,151,108,142,76,162
"BBC3 - mRNA",136,80,73,62,112,100,37,96,42,156,122,141,122,119,94,59,166
"ANGPTL4 - mRNA",162,121,64,39,101,67,51,64,27,149,81,96,93,98,122,73,153
"TNFRSF1A - mRNA",145,127,53,55,91,100,37,80,39,112,91,100,126,94,131,69,165
"IFNAR1 - mRNA",172,146,60,36,80,97,63,70,27,104,96,86,158,152,126,80,192
"HK1 - mRNA",135,130,41,32,68,123,50,43,26,88,72,85,145,116,143,66,167
"IGF2R - mRNA",119,87,62,45,79,142,72,84,46,88,82,92,137,148,152,65,222
"FYN - mRNA",160,127,72,49,83,127,58,80,38,118,101,118,157,126,162,70,208
"TCF3 - mRNA",146,113,61,69,73,127,57,70,40,92,107,106,156,120,143,95,228
"IRF2 - mRNA",162,115,57,56,108,108,68,72,45,93,127,120,170,113,154,82,206
"EZH2 - mRNA",148,127,55,50,108,98,54,52,34,87,112,108,153,140,131,69,218
"TTC30A - mRNA",108,92,39,64,83,76,53,75,46,67,143,103,82,79,110,60,128
"PCK2 - mRNA",77,67,58,45,80,87,55,67,38,86,120,91,102,83,100,41,114
"PIAS4 - mRNA",70,75,51,53,87,83,56,62,32,72,109,91,90,95,97,39,122
"BRD3 - mRNA",91,79,46,38,66,104,59,52,26,78,99,91,116,94,120,50,176
"S100A9 - mRNA",99,70,31,36,71,97,44,66,23,71,62,98,81,100,104,57,156
"HELLS - mRNA",106,75,41,31,74,86,49,62,17,66,75,92,111,95,98,47,151
"HMGB1 - mRNA",121,70,43,43,97,100,48,53,34,87,120,86,107,64,99,58,136
"CRABP2 - mRNA",142,80,39,41,105,71,49,55,39,80,108,107,96,70,82,67,158
"EIF2B4 - mRNA",102,73,63,51,99,95,43,58,32,87,104,108,121,105,116,64,147
"BCL2L1 - mRNA",100,91,51,52,99,73,33,56,26,89,100,93,96,82,86,49,140
"ICAM3 - mRNA",102,74,58,59,87,86,55,48,50,68,103,101,106,86,102,54,135
"HDAC3 - mRNA",104,84,48,47,77,98,53,54,35,76,87,92,113,81,95,55,148
"TMUB2 - mRNA",112,90,43,37,81,78,49,63,37,83,90,108,115,86,93,53,144
"COL11A2 - mRNA",140,96,45,48,93,73,62,51,35,61,109,88,150,128,116,71,148
"BAMBI - mRNA",146,117,39,50,102,93,45,64,35,79,93,125,131,117,107,77,125
"PFKM - mRNA",147,103,51,49,94,88,38,38,35,67,113,97,114,91,121,65,142
"PMS2 - mRNA",143,128,51,66,89,93,56,56,32,84,114,90,116,89,128,73,146
"ARID1A - mRNA",144,102,49,30,76,98,59,52,33,82,48,60,130,108,106,59,154
"PRKCA - mRNA",103,84,32,32,60,94,67,55,31,79,70,62,119,119,106,60,145
"TGFB1 - mRNA",112,113,46,35,67,77,61,66,38,64,50,77,86,82,83,62,139
"TPM1 - mRNA",121,112,54,46,90,106,47,46,23,96,66,91,107,107,100,68,143
"JAG1 - mRNA",128,101,51,36,85,83,37,67,24,70,66,98,124,90,91,67,141
"NFKBIE - mRNA",124,73,43,37,74,77,37,58,33,78,71,85,114,102,94,65,109
"CDKN2A - mRNA",94,105,82,95,100,77,107,101,81,94,115,101,125,103,102,64,70
"POS_F(0.125) - mRNA",84,90,79,71,89,75,90,70,69,95,88,81,92,71,75,52,86
"ALDOC - mRNA",129,125,82,61,107,89,62,62,38,69,128,101,95,64,101,84,114
"TNF - mRNA",165,117,37,60,116,72,35,61,43,72,143,102,88,70,89,91,117
"CDKN2B - mRNA",150,117,49,61,76,105,39,67,55,80,109,86,82,115,127,64,112
"SNAI1 - mRNA",179,150,64,77,103,91,69,73,44,91,102,103,95,91,120,104,89
"DDB2 - mRNA",122,127,108,132,131,99,100,129,81,167,158,179,152,129,160,69,190
"BNIP3 - mRNA",120,127,93,104,106,105,98,109,68,145,142,109,157,97,128,101,122
"CXCL2 - mRNA",194,117,45,61,175,80,37,64,45,94,203,152,120,97,142,80,169
"DEPTOR - mRNA",195,120,42,62,172,89,37,52,38,69,190,123,132,88,168,94,167
"ANGPT1 - mRNA",111,79,53,62,170,108,45,68,29,85,171,160,138,88,151,57,192
"KRAS - mRNA",112,73,52,76,171,130,50,71,49,98,152,186,165,122,171,72,229
"HLA-DMB - mRNA",123,97,57,107,186,76,53,72,34,76,205,189,139,105,132,58,233
"HLA-DRB1 - mRNA",127,94,72,79,219,91,42,79,49,127,161,171,116,75,169,66,231
"IL11 - mRNA",53,33,41,61,104,115,39,38,29,95,86,91,152,108,98,34,258
"MMP9 - mRNA",33,28,81,49,124,108,68,85,24,154,68,101,90,112,109,21,281
"RPS6KB1 - mRNA",78,65,53,68,144,86,48,67,35,82,148,154,134,76,150,44,153
"DTX4 - mRNA",57,38,49,92,138,81,34,59,45,66,162,156,134,86,136,38,163
"BAD - mRNA",64,48,53,65,96,92,54,44,38,69,116,118,114,91,104,26,157
"MICB - mRNA",76,65,51,83,143,102,47,56,26,77,124,119,114,87,105,58,155
"MAGEA1 - mRNA",61,33,52,59,91,73,59,48,37,51,124,117,76,56,91,25,128
"FCGR3A/B - mRNA",79,52,36,62,102,63,58,53,38,55,141,113,97,62,99,27,118
"CCL3/L1 - mRNA",71,43,46,58,99,49,34,44,30,45,120,114,79,42,106,36,126
"TLR5 - mRNA",49,34,44,60,98,59,45,54,31,40,132,124,102,41,115,24,101
"S100A8 - mRNA",34,40,33,66,92,105,33,58,23,69,129,131,82,88,124,16,120
"FPR3 - mRNA",36,37,43,48,90,59,42,69,48,65,108,134,103,73,94,16,139
"TLR1 - mRNA",47,71,37,58,114,73,34,58,33,62,117,119,99,70,107,43,123
"CCND3 - mRNA",47,32,44,60,103,83,33,38,38,83,125,110,98,83,101,29,135
"PTGS2 - mRNA",51,41,45,52,95,64,41,44,44,54,109,100,107,71,114,31,127
"TNFSF18 - mRNA",19,17,34,39,146,82,26,34,36,45,120,126,92,46,106,21,102
"KIR3DL1 - mRNA",22,24,39,69,108,61,51,70,36,59,164,94,69,57,96,12,104
"ULBP2 - mRNA",25,24,35,63,132,76,42,47,38,47,162,140,108,66,114,16,113
"LILRA1 - mRNA",35,25,44,84,121,68,48,55,53,42,179,128,123,71,106,24,123
"FCGR2B - mRNA",46,39,36,64,94,34,29,50,42,68,102,100,72,57,88,27,125
"MS4A6A - mRNA",42,24,42,53,114,50,39,34,26,45,108,110,81,34,83,12,112
"TLR8 - mRNA",30,39,32,48,104,54,52,37,35,51,113,108,80,44,91,24,116
"LTB - mRNA",28,26,46,74,91,43,45,38,27,38,130,95,76,43,47,13,104
"BIRC3 - mRNA",20,22,42,53,112,39,36,48,31,62,114,78,70,52,73,15,85
"MMP7 - mRNA",12,13,25,44,107,43,29,25,23,80,90,113,76,34,61,14,85
"EDN1 - mRNA",22,10,20,56,102,52,28,42,38,31,101,113,68,33,83,12,87
"FGF9 - mRNA",11,15,33,58,109,47,28,38,25,33,126,109,64,38,74,12,97
"FGF13 - mRNA",25,22,26,33,125,55,25,33,31,27,116,87,75,36,85,10,94
"FCRL2 - mRNA",18,18,35,38,90,41,31,36,34,31,116,81,59,46,79,16,89
"CDH11 - mRNA",26,24,36,38,99,46,30,34,25,37,99,81,80,48,78,25,94
"SELE - mRNA",21,16,27,43,99,50,17,35,41,36,97,88,75,35,70,16,85
"FAM124B - mRNA",28,20,29,38,91,49,35,42,37,47,126,128,53,46,92,24,73
"TRAT1 - mRNA",36,23,30,34,98,50,27,39,21,49,92,102,51,24,64,19,87
"CXCR2 - mRNA",32,29,33,50,85,56,32,45,30,39,91,100,65,43,73,25,77
"CXCL3 - mRNA",36,23,36,52,76,55,26,24,28,49,105,92,66,48,78,24,75
"NT5E - mRNA",36,20,34,39,75,48,30,35,36,63,74,80,76,68,76,18,93
"MICA - mRNA",40,32,34,43,65,50,27,30,18,59,86,74,84,59,76,22,101
"BID - mRNA",31,35,32,40,70,61,32,28,22,55,89,91,73,57,78,24,87
"WDR76 - mRNA",38,32,35,49,58,55,50,42,35,62,90,85,84,67,80,31,81
"CEACAM3 - mRNA",30,35,34,53,69,72,42,36,35,58,96,88,90,84,89,24,100
"RPTOR - mRNA",43,33,34,31,54,62,32,26,27,47,81,65,82,62,83,30,120
"XCL1/2 - mRNA",47,46,32,40,69,55,27,30,34,40,74,67,82,52,90,28,97
"FBP1 - mRNA",50,37,39,51,53,47,47,41,33,55,68,58,82,62,69,21,85
"FCN1 - mRNA",31,37,32,42,56,49,31,44,37,56,54,82,76,51,87,23,96
"IL34 - mRNA",23,40,34,57,59,39,43,46,33,46,94,99,75,59,58,19,95
"LCK - mRNA",43,46,43,54,90,47,45,32,38,56,89,85,57,66,61,38,75
"LILRB2 - mRNA",53,47,31,46,62,33,45,41,40,51,87,74,52,45,57,24,82
"VTCN1 - mRNA",44,35,32,46,67,49,40,42,33,51,93,77,65,38,72,25,72
"EGF - mRNA",30,24,18,34,92,42,26,37,13,42,92,82,68,68,92,18,99
"IL7R - mRNA",33,28,24,44,94,43,26,43,31,38,87,86,54,37,85,19,111
"IKBKG - mRNA",32,16,30,69,77,44,31,36,27,38,112,74,59,55,64,15,101
"CCR5 - mRNA",22,16,26,47,63,41,30,31,30,38,99,72,53,45,57,16,80
"TNFSF4 - mRNA",33,32,30,38,67,41,29,37,31,33,97,70,55,52,58,24,84
"CCL4 - mRNA",27,27,29,43,67,40,29,34,23,37,92,81,58,42,59,24,89
"CCL7 - mRNA",13,16,24,51,82,44,31,46,36,46,98,68,60,37,66,21,78
"CCR4 - mRNA",25,21,32,46,76,48,46,38,32,38,98,72,65,35,57,14,85
"GIMAP4 - mRNA",70,41,28,52,87,45,35,37,32,45,107,89,71,54,80,36,87
"PALMD - mRNA",80,49,44,48,88,54,27,48,41,51,91,72,61,52,63,46,82
"MS4A4A - mRNA",63,40,33,33,84,48,34,44,26,38,87,74,55,24,82,39,74
"PTCD2 - mRNA",62,48,33,35,81,65,32,37,31,45,93,79,66,49,93,27,83
"APH1B - mRNA",66,50,29,39,71,55,33,42,26,54,100,79,63,53,90,36,100
"MAGEC1 - mRNA",68,54,24,33,62,50,24,42,24,52,83,72,64,45,83,39,92
"SELL - mRNA",34,15,42,54,96,65,40,35,33,52,111,92,83,33,101,19,77
"TREM2 - mRNA",29,24,38,54,96,57,50,69,37,49,110,83,79,40,93,15,91
"ACVR1C - mRNA",39,33,35,47,108,60,40,60,36,45,107,111,81,44,106,20,82
"PTPRC - mRNA",53,43,39,48,90,56,53,59,35,76,87,95,92,49,86,35,99
"RSAD2 - mRNA",38,43,42,62,76,71,51,54,35,44,100,86,94,47,83,34,101
"MS4A1 - mRNA",36,37,48,60,97,64,51,45,46,65,111,102,84,40,72,46,98
"VHL - mRNA",61,43,46,41,70,63,38,46,24,49,80,62,81,91,87,37,92
"HRAS - mRNA",63,57,48,50,65,76,46,45,34,86,79,58,77,98,75,30,96
"NGFR - mRNA",71,41,41,32,70,65,52,49,28,78,65,43,96,87,78,31,107
"SLC2A1 - mRNA",97,66,37,43,73,48,41,40,23,48,90,69,84,73,73,37,86
"BRIP1 - mRNA",81,74,30,46,65,57,57,44,20,38,75,67,93,79,97,47,122
"PARP12 - mRNA",70,44,34,50,68,66,20,37,29,54,86,86,103,60,81,42,105
"DNAJC14 - mRNA",66,55,33,42,78,63,32,40,22,50,91,81,82,81,68,38,121
"DAB2 - mRNA",72,65,41,44,56,52,44,49,29,61,79,64,73,66,81,51,99
"RAD51 - mRNA",75,45,38,32,62,53,36,36,27,46,77,54,80,59,85,27,106
"TBC1D10B - mRNA",58,59,36,34,60,66,40,35,24,54,75,59,91,62,66,36,115
"CD14 - mRNA",63,39,26,36,73,58,31,55,22,58,65,65,64,62,71,35,154
"TLR4 - mRNA",66,51,34,42,78,58,22,50,30,55,94,107,88,65,109,38,100
"PIK3CG - mRNA",70,57,34,40,87,67,34,35,27,61,84,106,100,69,93,50,137
"BLM - mRNA",77,48,35,34,76,62,47,57,23,52,98,103,89,77,92,33,136
"NRDE2 - mRNA",66,59,30,43,74,70,43,46,20,54,110,96,108,91,103,38,128
"PTEN - mRNA",86,61,52,40,92,88,38,51,20,75,92,86,108,70,108,38,144
"TBP - mRNA",89,60,41,34,73,84,29,55,25,64,76,88,114,92,89,48,121
"TLR2 - mRNA",95,69,35,35,85,71,48,40,26,64,78,89,117,78,79,57,132
"ELOB - mRNA",87,74,42,48,79,91,43,41,24,72,75,79,119,73,82,41,129
"CCNE1 - mRNA",75,56,33,49,81,87,43,29,33,43,89,77,105,97,97,41,133
"UBE2T - mRNA",90,53,32,32,76,89,44,46,21,55,105,67,97,63,98,45,116
"NECTIN1 - mRNA",80,59,36,38,70,86,46,51,26,76,80,67,85,87,96,41,128
"ITGA2 - mRNA",39,22,35,34,97,66,40,41,29,95,67,93,131,86,80,37,152
"HLA-DOA - mRNA",40,57,49,60,84,40,50,51,46,84,110,114,89,68,88,42,90
"TRAF1 - mRNA",55,40,53,57,71,71,51,66,30,100,78,113,101,96,88,54,110
"SRP54 - mRNA",180,127,69,53,116,115,47,64,34,119,98,137,128,121,117,74,204
"IFNGR1 - mRNA",209,142,51,54,131,114,46,65,27,124,112,154,161,136,163,89,221
"TGFBR2 - mRNA",206,146,71,49,102,132,68,81,23,137,81,145,171,139,135,99,229
"ROCK1 - mRNA",202,155,49,33,93,128,64,73,34,124,83,93,130,147,136,101,188
"TMEM173 - mRNA",233,165,41,48,93,113,60,60,27,104,68,82,115,120,126,120,179
"BNIP3L - mRNA",236,162,45,34,94,88,35,57,28,96,81,129,148,116,98,128,177
"VEGFB - mRNA",206,179,57,50,76,101,67,60,24,93,87,121,142,123,124,99,180
"CASP1 - mRNA",233,166,29,57,123,127,39,69,46,95,124,129,124,110,177,105,158
"HK2 - mRNA",194,163,70,65,94,132,64,76,39,95,103,114,162,119,177,97,192
"SIRPA - mRNA",181,149,62,72,111,123,59,64,51,84,134,108,174,128,152,88,180
"MRE11 - mRNA",260,185,65,45,88,123,71,67,37,118,81,119,186,197,156,103,283
"ARNT2 - mRNA",274,234,60,53,112,179,54,73,42,96,119,137,186,183,194,126,243
"MSH2 - mRNA",279,243,51,51,122,168,60,68,33,91,125,150,230,167,207,125,271
"SERPINH1 - mRNA",296,223,70,62,117,124,56,57,27,112,118,130,149,140,158,142,229
"TNFRSF14 - mRNA",315,245,66,53,98,162,58,71,34,104,124,140,174,178,142,159,239
"TAP2 - mRNA",254,198,72,62,141,128,53,61,53,103,136,146,170,127,138,101,220
"CDK6 - mRNA",230,197,71,52,136,110,88,73,47,135,111,153,184,127,164,133,266
"SF3A1 - mRNA",247,178,62,46,141,126,66,84,36,144,93,131,179,146,156,110,253
"IFNGR2 - mRNA",237,164,64,61,172,138,57,90,29,145,129,148,183,167,189,101,221
"RAD50 - mRNA",220,153,75,64,140,142,74,90,44,130,114,159,182,172,200,127,219
"COL11A1 - mRNA",259,169,83,70,157,131,83,98,47,169,100,175,231,159,167,107,259
"JAK1 - mRNA",255,181,71,79,169,169,84,93,52,152,133,150,204,179,171,146,256
"SNCA - mRNA",360,224,75,99,215,179,80,89,52,152,203,256,231,184,223,155,305
"HLA-DPA1 - mRNA",335,246,93,71,212,135,68,96,52,158,186,215,213,136,186,185,316
"EIF2AK2 - mRNA",323,271,87,78,152,176,82,97,49,145,125,188,221,204,212,166,308
"GPSM3 - mRNA",323,286,87,90,181,196,113,126,45,156,144,156,232,198,214,197,305
"CD68 - mRNA",325,227,94,66,159,132,87,115,52,156,122,171,163,154,144,180,275
"RIPK2 - mRNA",361,272,67,77,141,146,70,92,31,168,88,173,233,176,189,167,251
"ARG2 - mRNA",264,221,64,96,179,215,76,85,56,128,184,223,266,197,242,128,298
"RBL2 - mRNA",305,207,76,81,191,215,79,108,61,149,192,225,274,223,230,151,409
"SDHA - mRNA",272,170,90,110,180,204,100,90,57,174,201,205,276,229,233,139,357
"TP53 - mRNA",294,228,84,65,135,184,92,109,45,149,118,159,269,208,273,144,310
"TGFB2 - mRNA",261,190,49,55,104,171,86,102,35,113,92,146,268,270,241,134,355
"HLA-DMA - mRNA",256,208,90,68,161,168,62,102,44,188,123,170,192,183,174,133,321
"RB1 - mRNA",252,211,66,64,152,166,83,71,33,160,103,169,229,189,204,132,313
"BRD4 - mRNA",281,187,100,70,166,213,74,105,68,189,124,172,189,210,249,119,377
"NOTCH2 - mRNA",290,248,88,68,146,219,101,121,50,212,130,161,265,218,223,168,411
"CD36 - mRNA",214,112,50,42,127,112,64,50,21,83,103,140,239,107,172,76,480
"ITGA6 - mRNA",135,129,99,109,217,204,101,105,78,167,175,224,246,185,254,89,351
"NFKB1 - mRNA",232,170,90,85,222,169,70,123,51,154,193,227,249,205,235,114,334
"MRPL19 - mRNA",184,165,77,85,183,215,88,114,42,149,187,196,217,223,248,99,336
"RIPK1 - mRNA",134,94,65,61,189,146,78,99,43,160,182,165,216,180,208,90,303
"SMAP1 - mRNA",168,109,77,73,169,167,74,104,37,142,144,177,214,188,180,81,284
"RELA - mRNA",168,118,82,96,202,167,71,89,42,165,164,190,232,200,208,91,316
"PSMC4 - mRNA",160,151,73,87,171,202,81,105,38,191,137,190,239,206,220,81,279
"ITPK1 - mRNA",193,186,74,63,155,189,67,89,40,131,137,164,243,199,229,138,308
"TLK2 - mRNA",168,148,52,77,150,183,53,70,41,122,171,204,206,187,190,100,299
"SFXN1 - mRNA",143,126,59,63,109,175,81,80,45,121,130,145,184,191,175,79,227
"KDR - mRNA",112,93,60,45,80,200,62,82,36,109,107,156,268,240,233,45,329
"ITGB3 - mRNA",135,101,74,56,121,187,84,84,39,176,111,145,252,238,233,75,306
"CYBB - mRNA",83,77,89,95,287,151,75,122,66,140,205,219,201,172,203,67,302
"KIR2DL3 - mRNA",40,22,61,96,229,91,58,67,48,82,264,232,134,86,179,15,207
"CCL18 - mRNA",174,168,177,222,253,194,227,224,150,246,292,230,232,190,269,139,240
"POS_E(0.5) - mRNA",134,148,140,153,148,179,183,182,162,175,185,170,169,155,157,132,147
"ITGB8 - mRNA",83,52,120,104,208,270,93,144,59,245,179,256,321,304,292,34,404
"MMP1 - mRNA",41,17,66,91,164,280,72,82,32,189,147,202,260,172,239,13,325
"NFATC2 - mRNA",56,51,81,68,140,203,92,119,60,152,131,190,261,226,291,32,354
"SLC7A5 - mRNA",239,182,104,114,212,217,116,136,86,265,197,205,256,229,286,91,359
"APC - mRNA",250,208,99,108,209,233,118,129,61,221,199,222,301,287,299,135,369
"MYD88 - mRNA",272,219,125,100,256,262,106,126,69,197,192,276,314,250,299,121,397
"RRM2 - mRNA",220,149,60,92,151,209,74,68,35,89,159,158,283,218,262,103,422
"TFRC - mRNA",188,157,90,69,165,313,84,100,41,163,152,222,299,286,274,115,454
"CD74 - mRNA",812,633,182,77,401,156,127,197,65,311,179,293,228,206,194,389,542
"HLA-DRA - mRNA",747,546,165,107,449,173,100,185,49,311,283,389,258,233,236,330,595
"HLA-C - mRNA",931,746,138,115,314,275,108,147,74,282,268,274,321,292,270,492,446
"CDK2 - mRNA",896,719,123,136,223,353,134,122,63,226,197,284,473,352,347,409,614
"MET - mRNA",918,727,134,114,354,375,150,173,90,313,275,365,426,434,452,472,578
"CENPF - mRNA",359,259,28,37,41,96,70,38,15,53,55,59,159,135,135,159,273
"CCNB1 - mRNA",332,219,34,50,93,109,62,53,29,62,82,75,135,114,126,143,235
"PDK1 - mRNA",431,292,52,35,70,96,64,39,28,101,66,93,148,91,133,187,174
"NFIL3 - mRNA",403,251,48,52,127,122,52,59,35,100,80,155,208,99,139,161,247
"STAT2 - mRNA",349,262,55,52,136,95,56,79,39,97,95,120,141,107,135,173,181
"GBP2 - mRNA",409,418,47,37,101,82,46,71,21,112,94,96,126,118,109,259,128
"IL12RB2 - mRNA",498,386,61,70,119,127,67,84,28,89,137,158,190,211,193,242,240
"IRF1 - mRNA",471,361,83,60,172,91,87,83,45,128,119,132,149,138,112,255,201
"ICAM1 - mRNA",578,441,50,40,83,75,50,46,24,91,71,85,132,104,96,325,161
"GBP1 - mRNA",551,501,51,20,65,50,36,33,14,59,31,55,77,62,53,310,71
"H2AFX - mRNA",575,566,82,76,150,155,78,80,59,146,154,156,207,176,176,284,277
"CXCR4 - mRNA",657,519,53,63,162,83,41,81,35,125,161,153,99,119,125,314,167
"ADM - mRNA",695,558,69,62,114,100,66,66,43,99,109,125,121,113,94,323,180
"ERO1A - mRNA",724,544,104,98,241,282,118,133,60,241,209,256,368,314,321,381,427
"CTAG1B - mRNA",804,587,104,64,170,197,68,113,35,166,138,156,208,227,234,424,311
"PSMB8 - mRNA",689,546,91,104,170,200,76,92,51,169,182,223,263,222,227,344,296
"HEY1 - mRNA",653,409,73,108,243,172,86,104,58,148,248,243,261,193,248,306,323
"DUSP5 - mRNA",562,376,61,70,168,167,71,98,47,177,154,221,202,153,201,234,302
"SFRP1 - mRNA",539,395,109,77,172,152,86,121,59,220,151,183,213,193,191,253,256
"STAT3 - mRNA",592,464,118,74,225,202,89,141,53,242,125,227,274,215,223,252,403
"CD47 - mRNA",466,421,105,76,183,233,78,128,41,178,147,194,261,209,232,268,375
"NBN - mRNA",409,348,93,76,198,288,111,137,40,230,145,236,340,332,348,172,371
"PUM1 - mRNA",391,263,88,87,225,240,96,138,50,201,183,235,328,284,300,187,377
"EPM2AIP1 - mRNA",522,390,101,123,240,241,104,150,63,234,289,275,291,256,246,257,397
"IFITM2 - mRNA",497,379,115,132,245,239,87,153,78,236,284,338,306,270,338,227,460
"HLA-DPB1 - mRNA",445,394,106,102,304,237,103,153,70,181,264,291,326,252,298,223,470
"CEBPB - mRNA",443,382,137,117,292,272,99,151,83,268,233,228,298,315,370,202,432
"TAPBP - mRNA",564,460,141,105,265,243,126,139,54,208,233,238,316,305,329,295,418
"SLC16A1 - mRNA",512,404,102,86,216,290,96,107,58,204,178,215,340,249,302,263,437
"CDKN1A - mRNA",419,313,462,389,697,231,102,463,233,800,560,773,308,325,321,185,462
"CCL2 - mRNA",97,69,94,62,351,270,93,202,43,316,185,391,433,334,217,51,720
"IL24 - mRNA",17,16,86,93,265,276,122,134,44,280,165,286,399,322,302,17,865
"ANGPT2 - mRNA",120,76,87,71,237,345,105,126,56,288,171,277,297,323,352,70,595
"E2F3 - mRNA",206,157,96,123,284,244,142,142,75,155,322,338,410,333,388,97,580
"CDH2 - mRNA",155,121,168,129,344,305,140,175,61,324,213,370,437,278,390,92,571
"DNMT1 - mRNA",329,233,115,102,254,371,158,152,63,245,228,254,491,404,396,190,596
"CD276 - mRNA",309,234,166,146,283,459,182,189,75,293,211,257,467,443,488,140,673
"EIF4EBP1 - mRNA",246,215,149,139,282,406,158,154,70,316,258,305,502,458,463,141,558
"TWF1 - mRNA",259,185,147,171,396,392,145,180,104,284,317,477,492,355,406,134,665
"PSMB5 - mRNA",408,287,162,137,349,426,125,171,95,334,298,407,520,466,406,176,616
"IRF4 - mRNA",351,228,154,146,333,351,139,245,79,341,298,377,482,506,442,173,649
"BAX - mRNA",235,189,188,175,326,277,116,200,97,382,274,359,304,297,285,129,385
"POLR2A - mRNA",261,188,150,129,331,284,129,173,98,308,214,242,288,284,282,138,440
"CASP3 - mRNA",238,212,123,123,271,287,104,163,79,259,266,364,353,299,342,143,488
"MAP3K7 - mRNA",307,242,117,111,281,307,113,143,80,223,253,284,314,295,332,155,484
"GLUD1 - mRNA",325,237,118,114,287,258,109,125,57,200,253,272,294,247,317,162,408
"THBS1 - mRNA",312,241,170,121,410,217,193,204,75,354,190,385,483,215,267,132,580
"API5 - mRNA",351,290,134,135,364,349,136,176,82,274,332,361,375,304,376,182,567
"RICTOR - mRNA",386,267,120,101,295,258,98,161,53,255,237,319,358,298,330,188,469
"MAGEA12 - mRNA",386,305,121,139,311,336,112,149,54,298,264,361,395,319,352,167,518
"ERCC3 - mRNA",413,338,140,155,304,287,129,147,78,290,247,295,408,332,356,209,493
"CCND1 - mRNA",591,435,233,195,418,558,222,253,135,499,373,438,641,643,728,303,826
"HIF1A - mRNA",579,457,150,119,404,568,169,247,83,397,297,418,714,721,593,262,885
"GOT2 - mRNA",354,284,218,212,464,538,204,228,130,354,399,477,638,537,621,200,753
"PTPN11 - mRNA",401,308,213,213,479,525,220,205,110,423,430,491,630,504,597,197,873
"FOSL1 - mRNA",469,268,236,174,484,468,232,289,163,490,339,503,679,528,591,199,1011
"KAT2B - mRNA",408,277,217,159,429,616,187,304,101,491,319,480,699,612,650,199,1007
"CXCL8 - mRNA",489,322,149,135,708,423,102,217,88,513,377,483,420,581,375,213,560
"PARP4 - mRNA",448,348,125,91,208,311,133,170,53,301,202,244,387,381,361,218,523
"TYMS - mRNA",463,332,125,113,245,319,160,140,45,253,192,244,484,399,401,203,631
"ID4 - mRNA",543,365,115,103,346,330,156,140,67,216,282,349,500,413,440,261,631
"TGFBR1 - mRNA",571,427,119,105,267,352,126,165,59,249,197,271,453,335,371,302,569
"ABCF1 - mRNA",424,318,178,117,306,421,184,216,63,354,227,356,553,464,454,220,720
"SLC1A5 - mRNA",498,366,170,137,316,405,167,190,82,358,259,332,465,381,486,219,653
"ITGAV - mRNA",445,351,169,140,357,370,117,190,63,362,263,360,483,410,392,229,631
"AKT1 - mRNA",532,408,178,141,281,442,175,218,78,307,256,332,532,526,527,246,761
"NRAS - mRNA",478,358,196,169,360,464,173,207,78,417,319,445,545,476,502,254,739
"ATM - mRNA",710,510,142,112,284,417,154,180,64,315,264,324,437,484,463,351,583
"LY96 - mRNA",593,466,158,185,446,424,134,210,78,305,415,415,448,415,474,285,644
"CTSS - mRNA",623,519,237,151,460,299,168,268,116,387,344,491,400,426,351,363,649
"POS_D(2) - mRNA",838,820,682,675,719,689,801,823,817,931,899,803,817,851,844,661,800
"CD44 - mRNA",1361,1011,237,212,481,762,281,329,132,462,357,585,924,865,895,686,1122
"TPI1 - mRNA",1727,1206,321,308,874,845,287,377,166,756,624,769,923,865,828,745,1266
"ZEB2 - mRNA",1518,1168,305,237,639,762,277,440,141,692,504,861,1139,830,933,744,1546
"MAGEA3/A6 - mRNA",778,576,321,325,698,846,260,321,162,607,551,776,940,766,824,362,1214
"IER3 - mRNA",932,771,187,152,454,496,150,314,120,472,316,511,608,709,589,445,911
"MAGEC2 - mRNA",719,543,245,227,600,656,196,310,108,583,436,570,636,641,669,311,941
"SOX10 - mRNA",712,587,229,151,436,578,242,296,103,596,367,508,725,662,739,364,1074
"LYZ - mRNA",216,172,582,487,1361,907,459,829,303,1063,960,1405,1513,1427,1235,131,2640
"HMGA1 - mRNA",831,635,430,349,818,1021,463,471,176,1097,661,819,1150,1146,1187,378,1822
"OAZ1 - mRNA",1607,1209,512,438,1072,1542,401,538,236,1037,834,1190,1553,1437,1534,686,2093
"HLA-A - mRNA",6580,5388,768,495,1520,1328,480,708,211,1316,990,1441,1721,1584,1393,3165,2283
"HLA-B - mRNA",5521,4609,491,354,1021,811,302,483,187,935,666,986,1059,901,786,2826,1550
"ENO1 - mRNA",6337,4808,866,743,1807,2808,854,1018,416,2082,1381,1896,2988,2918,3010,2994,3958
"RPL7A - mRNA",4822,3542,868,888,2128,2389,771,959,392,1762,1896,2372,2915,2164,2640,2139,3694
"CTNNB1 - mRNA",4093,3141,993,734,1931,2628,875,1157,408,1972,1435,2196,2953,2563,2746,1991,4073
"PKM - mRNA",3661,2687,1607,1291,3246,5063,1566,1821,828,3344,2335,3330,5215,4942,4995,1706,6571
"POS_C(8) - mRNA",3760,3699,3130,3330,3267,3403,3742,3608,3368,4160,3992,3738,3700,3671,3647,2784,3422
