"","< 25","25 - 50","50 - 100","> 100"
"NM_001783.3:618",1,0,0,0
"NM_001166663.1:1037",1,0,0,0
"NM_001327.2:285",1,0,0,0
"NM_001322.2:201",1,0,0,0
"NM_004131.4:621",1,0,0,0
"NM_006301.3:2680",1,0,0,0
"NM_020056.4:90",1,0,0,0
"NM_001098725.1:370",1,0,0,0
"NM_001790.4:1056",1,0,0,0
"NM_005860.2:255",0.966666666666667,0.0333333333333333,0,0
"NM_001033667.2:339",0.966666666666667,0.0333333333333333,0,0
"NM_001192.2:305",0.966666666666667,0.0333333333333333,0,0
"NM_001085357.1:382",0.966666666666667,0.0333333333333333,0,0
"NM_001288998.1:1706",0.966666666666667,0.0333333333333333,0,0
"NM_001039933.1:884",0.933333333333333,0.0666666666666667,0,0
"NM_022153.1:185",0.933333333333333,0.0666666666666667,0,0
"NM_001185176.1:916",0.933333333333333,0.0666666666666667,0,0
"NM_003106.2:151",0.933333333333333,0.0666666666666667,0,0
"NM_001008541.1:2037",0.933333333333333,0.0666666666666667,0,0
"NM_003014.2:1060",0.933333333333333,0.0666666666666667,0,0
"NM_004460.2:236",0.933333333333333,0.0666666666666667,0,0
"NM_002192.2:1914",0.933333333333333,0.0666666666666667,0,0
"NM_012242.2:525",0.933333333333333,0.0666666666666667,0,0
"NM_002190.2:183",0.933333333333333,0.0666666666666667,0,0
"ERCC_00098.1:785",0.933333333333333,0.0666666666666667,0,0
"NM_000885.5:1019",0.9,0,0.0333333333333333,0.0666666666666667
"NM_001145648.1:2843",0.9,0.1,0,0
"NM_001778.3:413",0.9,0.0666666666666667,0.0333333333333333,0
"NM_006144.3:215",0.9,0.1,0,0
"NM_172004.3:357",0.9,0.1,0,0
"NM_000615.6:1134",0.9,0.1,0,0
"NM_001100122.1:1686",0.9,0.1,0,0
"NM_001111045.1:892",0.9,0.1,0,0
"NM_006564.1:97",0.9,0.1,0,0
"NM_006941.3:2601",0.9,0.1,0,0
"NM_005045.3:988",0.9,0.1,0,0
"ERCC_00076.1:355",0.9,0.1,0,0
"ERCC_00096.1:230",0.9,0.1,0,0
"NM_002253.2:336",0.866666666666667,0.0333333333333333,0,0.1
"NM_004369.3:3293",0.866666666666667,0.133333333333333,0,0
"NM_002104.2:634",0.866666666666667,0.1,0.0333333333333333,0
"NM_000247.1:550",0.866666666666667,0.133333333333333,0,0
"NM_006845.2:1020",0.866666666666667,0.133333333333333,0,0
"NM_147164.2:1151",0.866666666666667,0.133333333333333,0,0
"NM_001015053.1:2169",0.866666666666667,0.133333333333333,0,0
"NM_000537.3:356",0.866666666666667,0.0333333333333333,0,0.1
"NM_001243.3:549",0.866666666666667,0.133333333333333,0,0
"NM_006737.2:884",0.866666666666667,0.1,0.0333333333333333,0
"NM_002364.4:1026",0.866666666666667,0.133333333333333,0,0
"NM_001228.4:762",0.866666666666667,0.133333333333333,0,0
"NM_018131.3:570",0.866666666666667,0.133333333333333,0,0
"NM_012435.2:681",0.866666666666667,0.133333333333333,0,0
"NM_014862.3:1133",0.866666666666667,0.0666666666666667,0.0666666666666667,0
"ERCC_00144.1:15",0.866666666666667,0.1,0.0333333333333333,0
"NM_015366.3:1635",0.833333333333333,0.166666666666667,0,0
"NM_005408.2:129",0.833333333333333,0.133333333333333,0.0333333333333333,0
"NM_000639.2:605",0.833333333333333,0.166666666666667,0,0
"NM_172348.1:535",0.833333333333333,0.166666666666667,0,0
"NM_001001523.1:2839",0.833333333333333,0.166666666666667,0,0
"NM_000267.3:1260",0.833333333333333,0.166666666666667,0,0
"NM_000578.3:1679",0.833333333333333,0.166666666666667,0,0
"NM_000214.2:3509",0.833333333333333,0.0666666666666667,0,0.1
"NM_003745.1:1022",0.833333333333333,0.166666666666667,0,0
"NM_001079821.2:3335",0.833333333333333,0.133333333333333,0.0333333333333333,0
"NM_003747.2:1948",0.833333333333333,0.166666666666667,0,0
"NM_002112.3:1646",0.833333333333333,0.166666666666667,0,0
"NM_005618.3:1520",0.833333333333333,0.133333333333333,0.0333333333333333,0
"NM_001289023.2:864",0.833333333333333,0.1,0.0666666666666667,0
"NM_001079.3:1175",0.833333333333333,0.166666666666667,0,0
"NM_001330465.1:780",0.833333333333333,0.166666666666667,0,0
"NM_001190720.2:1891",0.833333333333333,0.166666666666667,0,0
"NM_001165136.1:883",0.833333333333333,0.166666666666667,0,0
"NM_001130852.1:657",0.833333333333333,0.166666666666667,0,0
"ERCC_00041.1:440",0.833333333333333,0.166666666666667,0,0
"NM_001178130.2:2167",0.8,0.166666666666667,0.0333333333333333,0
"NM_001128128.2:2292",0.8,0.1,0.0333333333333333,0.0666666666666667
"NM_004513.4:1262",0.8,0.166666666666667,0.0333333333333333,0
"NM_000300.2:715",0.8,0.166666666666667,0.0333333333333333,0
"NM_025239.3:235",0.8,0.2,0,0
"NM_000949.5:990",0.8,0.166666666666667,0.0333333333333333,0
"NM_001066.2:596",0.8,0.1,0.1,0
"NM_182948.2:805",0.8,0.166666666666667,0.0333333333333333,0
"NM_007360.3:522",0.8,0.2,0,0
"NM_001083116.1:631",0.8,0.2,0,0
"NM_006015.4:1670",0.8,0.166666666666667,0.0333333333333333,0
"NM_001144925.2:1369",0.8,0.2,0,0
"NM_001184879.1:1015",0.8,0.1,0.1,0
"NM_016249.3:327",0.8,0.2,0,0
"NM_002639.4:90",0.8,0.2,0,0
"NM_001546.3:2048",0.8,0.1,0.0333333333333333,0.0666666666666667
"NM_001242.4:326",0.8,0.2,0,0
"NM_002123.3:384",0.8,0.1,0,0.1
"NM_019055.5:3080",0.8,0.2,0,0
"NM_000045.3:744",0.8,0.2,0,0
"NM_080921.3:258",0.8,0.1,0,0.1
"NM_000625.4:1005",0.8,0.2,0,0
"NM_002417.2:2005",0.8,0.133333333333333,0.0666666666666667,0
"NM_007019.2:445",0.8,0.1,0.1,0
"NM_001271893.3:617",0.8,0.2,0,0
"NM_003121.3:1029",0.8,0.2,0,0
"NM_014442.2:1672",0.8,0.2,0,0
"NM_012092.3:591",0.8,0.166666666666667,0.0333333333333333,0
"NM_021798.3:744",0.8,0.2,0,0
"NM_002608.2:1941",0.8,0.2,0,0
"ERCC_00154.1:115",0.8,0.2,0,0
"NM_001126336.2:394",0.766666666666667,0.1,0.0333333333333333,0.1
"NM_001166386.1:567",0.766666666666667,0.233333333333333,0,0
"NM_002226.4:5480",0.766666666666667,0.2,0.0333333333333333,0
"NM_001317163.1:2212",0.766666666666667,0.233333333333333,0,0
"NM_000215.2:1715",0.766666666666667,0.2,0.0333333333333333,0
"NM_030641.3:289",0.766666666666667,0.133333333333333,0.0666666666666667,0.0333333333333333
"NM_022168.3:3250",0.766666666666667,0.1,0.133333333333333,0
"NM_001099856.4:1719",0.766666666666667,0.133333333333333,0.1,0
"NM_001565.3:122",0.766666666666667,0.0666666666666667,0.1,0.0666666666666667
"NM_001330636.1:865",0.766666666666667,0.166666666666667,0.0666666666666667,0
"NM_014308.3:3275",0.766666666666667,0.2,0.0333333333333333,0
"NM_000633.2:1525",0.766666666666667,0.2,0.0333333333333333,0
"NM_001302695.1:191",0.766666666666667,0.166666666666667,0.0666666666666667,0
"NM_000495.4:1714",0.766666666666667,0.233333333333333,0,0
"NM_001197122.1:607",0.766666666666667,0.233333333333333,0,0
"NM_033423.3:705",0.766666666666667,0.233333333333333,0,0
"NM_001270508.1:3240",0.766666666666667,0.133333333333333,0,0.1
"NM_001767.3:683",0.766666666666667,0.233333333333333,0,0
"NM_001285439.1:117",0.766666666666667,0.1,0.133333333333333,0
"NM_003200.3:276",0.766666666666667,0.233333333333333,0,0
"NM_002163.2:1245",0.766666666666667,0.133333333333333,0,0.1
"NM_030775.2:254",0.766666666666667,0.2,0.0333333333333333,0
"NM_000163.2:1835",0.766666666666667,0.233333333333333,0,0
"NM_000139.3:126",0.766666666666667,0.233333333333333,0,0
"NM_000474.3:293",0.766666666666667,0.233333333333333,0,0
"NM_024013.1:667",0.733333333333333,0.233333333333333,0.0333333333333333,0
"NM_001329938.1:262",0.733333333333333,0.233333333333333,0.0333333333333333,0
"NM_018685.2:240",0.733333333333333,0.233333333333333,0.0333333333333333,0
"NM_031923.3:869",0.733333333333333,0.266666666666667,0,0
"NM_001335.3:1075",0.733333333333333,0.266666666666667,0,0
"NM_001256252.1:1130",0.733333333333333,0.233333333333333,0.0333333333333333,0
"NM_001159488.1:132",0.733333333333333,0.233333333333333,0.0333333333333333,0
"NM_001270949.1:1940",0.733333333333333,0.266666666666667,0,0
"NM_002838.4:258",0.733333333333333,0.266666666666667,0,0
"NM_173799.2:1968",0.733333333333333,0.266666666666667,0,0
"NM_030964.3:1900",0.733333333333333,0.0666666666666667,0.2,0
"NM_000095.2:1271",0.733333333333333,0.266666666666667,0,0
"NM_014143.3:1243",0.733333333333333,0.233333333333333,0.0333333333333333,0
"NM_014009.3:1230",0.733333333333333,0.266666666666667,0,0
"NM_001146103.1:1188",0.733333333333333,0.166666666666667,0.0333333333333333,0.0666666666666667
"NM_001278426.3:591",0.733333333333333,0.2,0.0666666666666667,0
"NM_138636.4:2210",0.733333333333333,0.266666666666667,0,0
"NM_003508.2:1446",0.733333333333333,0.266666666666667,0,0
"NM_000206.1:595",0.733333333333333,0.2,0.0666666666666667,0
"NM_002989.2:155",0.733333333333333,0.266666666666667,0,0
"NM_001243835.1:808",0.733333333333333,0.266666666666667,0,0
"NM_001278.4:3263",0.733333333333333,0.166666666666667,0.1,0
"NM_006419.2:209",0.733333333333333,0.2,0.0666666666666667,0
"NM_000222.2:802",0.733333333333333,0.233333333333333,0.0333333333333333,0
"NM_001018112.1:580",0.733333333333333,0.266666666666667,0,0
"NM_002258.2:85",0.733333333333333,0.266666666666667,0,0
"NM_032962.4:253",0.733333333333333,0.266666666666667,0,0
"NM_004418.3:1235",0.733333333333333,0.166666666666667,0.1,0
"NR_026800.2:9125",0.733333333333333,0.233333333333333,0.0333333333333333,0
"NM_001765.2:564",0.733333333333333,0.266666666666667,0,0
"NM_006037.3:3742",0.733333333333333,0.266666666666667,0,0
"NM_001243211.1:392",0.7,0.2,0.1,0
"NM_001139498.1:975",0.7,0.3,0,0
"NM_001300927.1:6607",0.7,0.233333333333333,0.0666666666666667,0
"NM_000627.3:1970",0.7,0.3,0,0
"NM_000074.2:1225",0.7,0.3,0,0
"NM_003005.3:120",0.7,0.3,0,0
"NM_182919.3:2552",0.7,0.266666666666667,0.0333333333333333,0
"NM_197954.2:55",0.7,0.233333333333333,0.0666666666666667,0
"NM_001042724.1:1120",0.7,0.2,0.0666666666666667,0.0333333333333333
"NM_001330384.1:2083",0.7,0.2,0.1,0
"NM_000361.2:1674",0.7,0.2,0.1,0
"NM_002010.2:4170",0.7,0.233333333333333,0.0666666666666667,0
"NM_001736.3:546",0.7,0.3,0,0
"NM_005211.3:958",0.7,0.2,0,0.1
"NM_003177.5:808",0.7,0.233333333333333,0.0666666666666667,0
"NM_005462.4:338",0.7,0.3,0,0
"NM_001001548.2:705",0.7,0.166666666666667,0.0333333333333333,0.1
"NM_181050.1:2742",0.7,0.3,0,0
"NM_005317.2:669",0.7,0.2,0.1,0
"NM_016388.3:578",0.7,0.266666666666667,0.0333333333333333,0
"NM_003263.3:696",0.7,0.2,0.1,0
"NM_004072.2:762",0.7,0.2,0.1,0
"NM_024689.2:131",0.7,0.233333333333333,0.0333333333333333,0.0333333333333333
"NM_003842.3:565",0.7,0.266666666666667,0.0333333333333333,0
"NM_003862.2:1030",0.7,0.3,0,0
"NM_005228.3:2760",0.7,0.266666666666667,0.0333333333333333,0
"NM_000759.3:851",0.7,0.3,0,0
"NM_001256370.1:1094",0.7,0.2,0,0.1
"NM_003809.2:339",0.7,0.2,0.1,0
"NM_000587.2:1488",0.7,0.266666666666667,0.0333333333333333,0
"NM_005877.4:1485",0.7,0.166666666666667,0.133333333333333,0
"NM_001172085.1:587",0.7,0.266666666666667,0.0333333333333333,0
"NM_015527.3:2915",0.7,0.3,0,0
"NM_001759.2:5825",0.666666666666667,0.133333333333333,0.1,0.1
"NM_175060.1:1930",0.666666666666667,0.233333333333333,0,0.1
"NM_001163034.1:3139",0.666666666666667,0.266666666666667,0.0666666666666667,0
"NM_000575.3:2001",0.666666666666667,0.333333333333333,0,0
"NM_005092.3:350",0.666666666666667,0.266666666666667,0.0666666666666667,0
"NM_000545.6:1158",0.666666666666667,0.333333333333333,0,0
"NM_003141.3:1190",0.666666666666667,0.233333333333333,0.1,0
"NM_002037.5:2125",0.666666666666667,0.166666666666667,0.166666666666667,0
"NM_001005291.1:1392",0.666666666666667,0.3,0.0333333333333333,0
"NM_007371.3:2621",0.666666666666667,0.266666666666667,0.0666666666666667,0
"NM_000876.2:7820",0.666666666666667,0.333333333333333,0,0
"NM_003883.3:1464",0.666666666666667,0.266666666666667,0.0666666666666667,0
"NM_003392.3:987",0.666666666666667,0.266666666666667,0.0666666666666667,0
"NM_005732.3:1357",0.666666666666667,0.0666666666666667,0.166666666666667,0.1
"NM_016343.3:9260",0.666666666666667,0.3,0.0333333333333333,0
"NM_000655.4:1872",0.666666666666667,0.233333333333333,0.1,0
"NM_002421.2:700",0.666666666666667,0.166666666666667,0.133333333333333,0.0333333333333333
"NM_000366.5:830",0.666666666666667,0.0666666666666667,0.133333333333333,0.133333333333333
"NM_005161.4:629",0.666666666666667,0.266666666666667,0.0666666666666667,0
"NM_003808.3:810",0.666666666666667,0.3,0.0333333333333333,0
"NM_001134836.1:600",0.666666666666667,0.3,0.0333333333333333,0
"NM_000958.2:975",0.666666666666667,0.2,0.133333333333333,0
"NM_001207014.1:1850",0.666666666666667,0.166666666666667,0.166666666666667,0
"NM_001561.5:567",0.666666666666667,0.266666666666667,0.0666666666666667,0
"NM_001161683.1:1693",0.666666666666667,0.3,0.0333333333333333,0
"NM_005406.2:3796",0.666666666666667,0.233333333333333,0.1,0
"NM_001242466.1:889",0.666666666666667,0.233333333333333,0.0666666666666667,0.0333333333333333
"NM_007108.2:800",0.666666666666667,0.3,0.0333333333333333,0
"NM_001243077.1:438",0.666666666666667,0.333333333333333,0,0
"NM_005191.3:674",0.666666666666667,0.266666666666667,0.0666666666666667,0
"XM_011545241.2:1015",0.666666666666667,0.333333333333333,0,0
"NM_004107.4:1260",0.666666666666667,0.333333333333333,0,0
"NM_003391.2:2014",0.666666666666667,0.3,0.0333333333333333,0
"NM_000577.3:480",0.666666666666667,0.3,0.0333333333333333,0
"ERCC_00019.1:140",0.666666666666667,0.333333333333333,0,0
"NM_018009.4:1425",0.633333333333333,0.3,0.0666666666666667,0
"NM_002128.5:3400",0.633333333333333,0.3,0.0666666666666667,0
"NM_000395.2:1547",0.633333333333333,0.366666666666667,0,0
"NM_021155.2:1532",0.633333333333333,0.266666666666667,0.1,0
"NM_001284403.1:326",0.633333333333333,0.3,0.0666666666666667,0
"NM_001168.2:1215",0.633333333333333,0.333333333333333,0.0333333333333333,0
"NM_002800.4:394",0.633333333333333,0.233333333333333,0.1,0.0333333333333333
"NM_005242.4:1388",0.633333333333333,0.233333333333333,0.133333333333333,0
"NM_001147.2:1775",0.633333333333333,0.233333333333333,0.0333333333333333,0.1
"NM_001144822.1:42",0.633333333333333,0.266666666666667,0.1,0
"NM_005037.5:434",0.633333333333333,0.266666666666667,0.1,0
"NM_003804.3:1304",0.633333333333333,0.2,0.166666666666667,0
"NM_001319233.1:880",0.633333333333333,0.3,0.0666666666666667,0
"NM_002416.2:2012",0.633333333333333,0.233333333333333,0.133333333333333,0
"NM_000576.2:1122",0.633333333333333,0.2,0.0666666666666667,0.1
"NM_000873.3:415",0.633333333333333,0.3,0.0666666666666667,0
"NM_000059.3:1373",0.633333333333333,0.333333333333333,0.0333333333333333,0
"NM_001284244.1:241",0.633333333333333,0.333333333333333,0.0333333333333333,0
"NM_000546.2:1330",0.633333333333333,0.333333333333333,0.0333333333333333,0
"NM_002185.3:1355",0.633333333333333,0.166666666666667,0.2,0
"NM_000619.2:450",0.633333333333333,0.266666666666667,0.1,0
"NM_002120.3:124",0.633333333333333,0.333333333333333,0.0333333333333333,0
"NM_006137.6:440",0.633333333333333,0.333333333333333,0.0333333333333333,0
"NM_001775.2:280",0.633333333333333,0.366666666666667,0,0
"NM_032043.2:1570",0.633333333333333,0.333333333333333,0.0333333333333333,0
"NM_002964.4:365",0.633333333333333,0.266666666666667,0.1,0
"NM_005621.1:260",0.633333333333333,0.333333333333333,0.0333333333333333,0
"NM_002438.2:525",0.633333333333333,0.266666666666667,0.0666666666666667,0.0333333333333333
"NM_181755.2:590",0.633333333333333,0.333333333333333,0.0333333333333333,0
"NM_002855.4:357",0.633333333333333,0.333333333333333,0.0333333333333333,0
"NM_015900.2:1250",0.633333333333333,0.366666666666667,0,0
"NM_052902.2:565",0.633333333333333,0.333333333333333,0.0333333333333333,0
"NM_021147.4:1129",0.6,0.366666666666667,0.0333333333333333,0
"NM_002467.3:1615",0.6,0.233333333333333,0.0666666666666667,0.1
"NM_002090.2:467",0.6,0.166666666666667,0.0666666666666667,0.166666666666667
"NM_001031709.2:726",0.6,0.266666666666667,0.133333333333333,0
"NM_004029.2:1705",0.6,0.266666666666667,0.133333333333333,0
"NM_001031680.2:3786",0.6,0.266666666666667,0.133333333333333,0
"NM_002122.3:258",0.6,0.166666666666667,0.133333333333333,0.1
"NM_001955.2:770",0.6,0.266666666666667,0.133333333333333,0
"NM_001282426.1:1805",0.6,0.3,0.1,0
"NM_004958.3:3444",0.6,0.333333333333333,0.0666666666666667,0
"NM_001206924.1:1685",0.6,0.266666666666667,0.133333333333333,0
"NM_145912.5:5290",0.6,0.3,0.1,0
"NM_000314.6:6696",0.6,0.366666666666667,0.0333333333333333,0
"NM_005409.4:333",0.6,0.366666666666667,0.0333333333333333,0
"NM_001127510.2:462",0.6,0.266666666666667,0.133333333333333,0
"NM_005362.3:866",0.6,0.2,0.2,0
"NM_001195797.1:135",0.6,0.2,0.133333333333333,0.0666666666666667
"NM_000878.2:1980",0.6,0.366666666666667,0.0333333333333333,0
"NM_002990.3:797",0.6,0.266666666666667,0.133333333333333,0
"NM_001171171.1:2625",0.6,0.4,0,0
"NM_003830.3:2082",0.6,0.3,0.1,0
"NM_001032409.1:805",0.6,0.2,0.166666666666667,0.0333333333333333
"NM_000076.2:1605",0.6,0.3,0.1,0
"NM_007115.3:165",0.6,0.1,0.133333333333333,0.166666666666667
"NM_002994.4:475",0.6,0.0666666666666667,0.1,0.233333333333333
"NM_003811.3:239",0.6,0.366666666666667,0.0333333333333333,0
"NM_000179.2:1015",0.6,0.366666666666667,0.0333333333333333,0
"NM_002341.1:330",0.6,0.4,0,0
"NM_006509.3:956",0.6,0.333333333333333,0.0666666666666667,0
"NM_001699.4:1535",0.6,0.3,0.1,0
"NM_002609.3:460",0.6,0.266666666666667,0.1,0.0333333333333333
"NM_003824.3:810",0.6,0.4,0,0
"NM_001270930.1:1675",0.6,0.266666666666667,0.133333333333333,0
"NM_001171653.1:1879",0.6,0.166666666666667,0.133333333333333,0.1
"NM_000616.4:1524",0.6,0.333333333333333,0.0666666666666667,0
"NR_024115.1:2175",0.6,0.366666666666667,0.0333333333333333,0
"NM_002048.2:948",0.6,0.333333333333333,0.0666666666666667,0
"NM_005923.3:3371",0.6,0.266666666666667,0.133333333333333,0
"NM_000733.3:233",0.6,0.4,0,0
"NM_012483.3:540",0.6,0.2,0.166666666666667,0.0333333333333333
"NM_007361.3:1995",0.6,0.3,0.1,0
"NM_001350234.1:664",0.6,0.4,0,0
"NM_001277163.2:807",0.6,0.3,0.1,0
"NM_006871.3:1072",0.6,0.4,0,0
"NM_001020658.1:640",0.6,0.166666666666667,0.233333333333333,0
"NM_032364.5:787",0.6,0.3,0.1,0
"NM_017970.3:3233",0.6,0.3,0.1,0
"NM_004448.2:2405",0.566666666666667,0.433333333333333,0,0
"NM_002801.3:249",0.566666666666667,0.166666666666667,0.266666666666667,0
"NM_001024736.1:2119",0.566666666666667,0.233333333333333,0.0666666666666667,0.133333333333333
"NM_001797.2:152",0.566666666666667,0.233333333333333,0.166666666666667,0.0333333333333333
"NM_001657.3:717",0.566666666666667,0.0333333333333333,0.266666666666667,0.133333333333333
"NM_002993.3:308",0.566666666666667,0.2,0.166666666666667,0.0666666666666667
"NM_001145646.1:541",0.566666666666667,0.4,0.0333333333333333,0
"NM_001330491.1:2559",0.566666666666667,0.166666666666667,0.1,0.166666666666667
"NM_030761.4:2935",0.566666666666667,0.366666666666667,0.0666666666666667,0
"NM_002125.3:135",0.566666666666667,0.1,0.0333333333333333,0.3
"NM_001547.4:1995",0.566666666666667,0.333333333333333,0.1,0
"NM_002053.2:1838",0.566666666666667,0.233333333333333,0.0333333333333333,0.166666666666667
"NM_002029.3:625",0.566666666666667,0.233333333333333,0.133333333333333,0.0666666666666667
"NM_016817.2:380",0.566666666666667,0.2,0.2,0.0333333333333333
"NM_133278.2:750",0.566666666666667,0.433333333333333,0,0
"NM_001323611.1:1085",0.566666666666667,0.233333333333333,0.166666666666667,0.0333333333333333
"NM_001781.2:88",0.566666666666667,0.3,0.0666666666666667,0.0666666666666667
"NM_002203.3:903",0.566666666666667,0.366666666666667,0.0666666666666667,0
"NM_002214.2:2609",0.566666666666667,0.233333333333333,0.0666666666666667,0.133333333333333
"NM_000442.4:2492",0.566666666666667,0.233333333333333,0.1,0.1
"NM_003150.3:2936",0.566666666666667,0.233333333333333,0.1,0.1
"NM_001164319.1:8980",0.566666666666667,0.366666666666667,0.0666666666666667,0
"NM_000416.2:1025",0.566666666666667,0.2,0.133333333333333,0.1
"NM_002262.3:393",0.566666666666667,0.366666666666667,0.0666666666666667,0
"NM_001255.1:915",0.566666666666667,0.366666666666667,0.0666666666666667,0
"NM_023914.2:2350",0.566666666666667,0.4,0.0333333333333333,0
"NM_006027.3:820",0.566666666666667,0.366666666666667,0.0666666666666667,0
"NM_001099692.1:2210",0.566666666666667,0.333333333333333,0.1,0
"NM_199168.3:72",0.566666666666667,0.4,0.0333333333333333,0
"NM_148901.1:282",0.566666666666667,0.366666666666667,0.0666666666666667,0
"NM_000675.5:951",0.566666666666667,0.333333333333333,0.1,0
"NM_000321.2:2769",0.566666666666667,0.3,0.0333333333333333,0.1
"NM_033131.3:430",0.566666666666667,0.333333333333333,0.1,0
"NM_000125.2:1595",0.566666666666667,0.4,0.0333333333333333,0
"NM_000585.4:715",0.566666666666667,0.433333333333333,0,0
"NM_001098721.1:2350",0.566666666666667,0.433333333333333,0,0
"NM_000073.2:404",0.566666666666667,0.433333333333333,0,0
"NM_019074.2:893",0.566666666666667,0.333333333333333,0.1,0
"NM_002543.3:254",0.566666666666667,0.3,0.0333333333333333,0.1
"NM_000051.3:393",0.566666666666667,0.3,0.133333333333333,0
"NM_000494.3:3330",0.566666666666667,0.4,0.0333333333333333,0
"NM_032206.4:3668",0.566666666666667,0.433333333333333,0,0
"ERCC_00126.1:220",0.566666666666667,0.4,0.0333333333333333,0
"NM_006852.3:2286",0.566666666666667,0.166666666666667,0.266666666666667,0
"NM_005764.3:229",0.533333333333333,0.166666666666667,0.166666666666667,0.133333333333333
"NM_002308.3:1206",0.533333333333333,0.366666666666667,0.1,0
"NM_022750.3:1843",0.533333333333333,0.3,0.166666666666667,0
"NM_005601.3:633",0.533333333333333,0.266666666666667,0.2,0
"NM_001044305.2:823",0.533333333333333,0.3,0.166666666666667,0
"NM_003051.3:635",0.533333333333333,0.2,0.0666666666666667,0.2
"NM_002318.2:40",0.533333333333333,0.4,0.0666666666666667,0
"NM_012342.2:824",0.533333333333333,0.333333333333333,0.133333333333333,0
"NR_024168.1:2575",0.533333333333333,0.266666666666667,0.2,0
"NM_001172129.1:325",0.533333333333333,0.266666666666667,0.166666666666667,0.0333333333333333
"NM_003265.2:37",0.533333333333333,0.333333333333333,0.1,0.0333333333333333
"NM_014805.3:1322",0.533333333333333,0.3,0.166666666666667,0
"NM_021975.3:1990",0.533333333333333,0.233333333333333,0.233333333333333,0
"NM_000014.4:1685",0.533333333333333,0.233333333333333,0.1,0.133333333333333
"NM_006288.3:420",0.533333333333333,0.366666666666667,0,0.1
"NM_002995.2:266",0.533333333333333,0.466666666666667,0,0
"NM_001011548.1:782",0.533333333333333,0.366666666666667,0.1,0
"NM_000758.3:108",0.533333333333333,0.433333333333333,0.0333333333333333,0
"NM_005018.1:175",0.533333333333333,0.4,0.0666666666666667,0
"NM_198282.1:725",0.533333333333333,0.3,0.0666666666666667,0.1
"NM_001199859.1:3620",0.533333333333333,0.4,0.0666666666666667,0
"NM_000760.3:2066",0.533333333333333,0.4,0.0666666666666667,0
"NM_000565.3:846",0.533333333333333,0.433333333333333,0.0333333333333333,0
"NM_001135768.2:448",0.533333333333333,0.4,0.0666666666666667,0
"NM_001322168.1:466",0.533333333333333,0.266666666666667,0.2,0
"NM_002181.2:1693",0.533333333333333,0.466666666666667,0,0
"NM_016562.3:4120",0.533333333333333,0.466666666666667,0,0
"NM_015177.1:4820",0.533333333333333,0.333333333333333,0.133333333333333,0
"NM_025079.2:1379",0.533333333333333,0.433333333333333,0.0333333333333333,0
"NM_001244.3:399",0.533333333333333,0.433333333333333,0.0333333333333333,0
"NM_005429.4:588",0.533333333333333,0.466666666666667,0,0
"NM_023068.3:4559",0.533333333333333,0.433333333333333,0.0333333333333333,0
"NM_000757.5:251",0.533333333333333,0.333333333333333,0.133333333333333,0
"NM_005651.3:315",0.533333333333333,0.466666666666667,0,0
"NM_001870.2:768",0.533333333333333,0.233333333333333,0.1,0.133333333333333
"NM_004972.2:455",0.533333333333333,0.366666666666667,0.1,0
"NM_007294.3:4677",0.533333333333333,0.466666666666667,0,0
"NM_001282399.1:683",0.533333333333333,0.4,0.0666666666666667,0
"NM_001174105.1:1020",0.5,0.233333333333333,0.133333333333333,0.133333333333333
"NM_001136017.2:760",0.5,0.4,0.1,0
"NM_005044.4:462",0.5,0.466666666666667,0.0333333333333333,0
"NM_001034116.1:1258",0.5,0.333333333333333,0.166666666666667,0
"NM_014417.4:1310",0.5,0.366666666666667,0.133333333333333,0
"NM_001318204.1:674",0.5,0.4,0.1,0
"NM_002019.4:530",0.5,0.233333333333333,0.166666666666667,0.1
"NM_003327.3:981",0.5,0.433333333333333,0.0666666666666667,0
"NM_152852.2:146",0.5,0.366666666666667,0.1,0.0333333333333333
"NM_002965.3:137",0.5,0.2,0.2,0.1
"NM_002485.4:1046",0.5,0.333333333333333,0.133333333333333,0.0333333333333333
"NM_000593.5:1000",0.5,0.233333333333333,0.166666666666667,0.1
"NM_001297562.1:332",0.5,0.5,0,0
"NM_021181.3:215",0.5,0.5,0,0
"NM_001243076.2:2707",0.5,0.266666666666667,0.2,0.0333333333333333
"NM_003998.3:2920",0.5,0.3,0.0666666666666667,0.133333333333333
"NM_182943.2:2588",0.5,0.0333333333333333,0.0333333333333333,0.433333333333333
"NM_001145144.1:648",0.5,0.333333333333333,0.166666666666667,0
"NM_001278405.1:256",0.5,0.366666666666667,0.133333333333333,0
"NM_000535.6:894",0.5,0.4,0.1,0
"NM_052941.4:1761",0.5,0.366666666666667,0.0333333333333333,0.1
"NM_004988.4:344",0.5,0.4,0.1,0
"NM_001238.1:1155",0.5,0.366666666666667,0.133333333333333,0
"NM_000566.3:561",0.5,0.3,0.1,0.1
"NM_000043.3:90",0.5,0.433333333333333,0.0666666666666667,0
"NM_000572.2:240",0.5,0.366666666666667,0.133333333333333,0
"NM_001145306.1:1373",0.5,0.4,0.1,0
"NM_033035.4:898",0.5,0.433333333333333,0.0666666666666667,0
"NM_001243266.1:692",0.5,0.3,0.1,0.1
"NM_001065.2:515",0.5,0.233333333333333,0.166666666666667,0.1
"NM_181844.3:608",0.5,0.366666666666667,0.133333333333333,0
"NM_021258.2:2524",0.5,0.366666666666667,0.133333333333333,0
"NM_001185158.1:380",0.5,0.3,0.133333333333333,0.0666666666666667
"NM_001146282.1:951",0.5,0.4,0.1,0
"NM_000579.3:366",0.5,0.3,0.2,0
"NM_002208.4:3647",0.5,0.3,0.2,0
"NM_001017973.1:1748",0.5,0.266666666666667,0.2,0.0333333333333333
"NM_172213.2:310",0.5,0.3,0.2,0
"NM_145259.2:5168",0.5,0.466666666666667,0.0333333333333333,0
"NM_006252.3:4014",0.5,0.366666666666667,0.133333333333333,0
"NM_003840.4:838",0.5,0.4,0.1,0
"NM_005269.2:2922",0.5,0.466666666666667,0.0333333333333333,0
"NM_203416.2:1784",0.5,0.366666666666667,0.0333333333333333,0.1
"NM_001854.3:5744",0.5,0.466666666666667,0.0333333333333333,0
"NM_001318067.1:2280",0.5,0.466666666666667,0.0333333333333333,0
"NM_002003.4:969",0.5,0.433333333333333,0.0666666666666667,0
"NM_002105.2:521",0.5,0.433333333333333,0.0666666666666667,0
"NM_005504.6:1060",0.5,0.333333333333333,0.166666666666667,0
"NM_032427.1:4125",0.5,0.466666666666667,0.0333333333333333,0
"NM_001098479.1:285",0.5,0.366666666666667,0.0666666666666667,0.0666666666666667
"NM_001256841.1:371",0.5,0.266666666666667,0.233333333333333,0
"NM_002526.3:3526",0.5,0.366666666666667,0.1,0.0333333333333333
"NM_003335.2:580",0.5,0.5,0,0
"NM_001142797.1:654",0.5,0.5,0,0
"NM_001256849.1:1356",0.5,0.5,0,0
"NM_025216.2:1781",0.5,0.4,0.1,0
"NM_005903.5:5007",0.5,0.266666666666667,0.233333333333333,0
"NM_000937.2:3775",0.5,0.3,0.133333333333333,0.0666666666666667
"NM_014373.1:760",0.466666666666667,0.333333333333333,0.166666666666667,0.0333333333333333
"NM_181879.2:545",0.466666666666667,0.433333333333333,0.1,0
"NM_000641.3:1723",0.466666666666667,0.4,0.0666666666666667,0.0666666666666667
"NM_001146055.1:480",0.466666666666667,0.4,0.133333333333333,0
"NM_015991.3:636",0.466666666666667,0.266666666666667,0.166666666666667,0.1
"NM_001283012.1:1141",0.466666666666667,0.3,0.233333333333333,0
"NM_006770.3:1435",0.466666666666667,0.433333333333333,0.1,0
"NM_001135652.2:516",0.466666666666667,0.266666666666667,0.166666666666667,0.1
"NM_003810.3:155",0.466666666666667,0.166666666666667,0.133333333333333,0.233333333333333
"NM_005343.3:842",0.466666666666667,0.433333333333333,0.1,0
"NM_001130725.1:426",0.466666666666667,0.2,0.266666666666667,0.0666666666666667
"NM_006218.2:3296",0.466666666666667,0.333333333333333,0.2,0
"NM_017654.3:490",0.466666666666667,0.266666666666667,0.166666666666667,0.1
"NM_000450.2:257",0.466666666666667,0.366666666666667,0.166666666666667,0
"NM_001242589.2:101",0.466666666666667,0.433333333333333,0.1,0
"NM_001061.4:709",0.466666666666667,0.4,0.1,0.0333333333333333
"NM_003108.3:4548",0.466666666666667,0.366666666666667,0.166666666666667,0
"NM_002209.2:3905",0.466666666666667,0.433333333333333,0.1,0
"NM_001018073.2:1307",0.466666666666667,0.2,0.333333333333333,0
"NM_002546.3:572",0.466666666666667,0.333333333333333,0.2,0
"NM_017617.3:2999",0.466666666666667,0.433333333333333,0.1,0
"NM_003012.3:1320",0.466666666666667,0.433333333333333,0.1,0
"NM_000887.4:561",0.466666666666667,0.466666666666667,0.0666666666666667,0
"NM_000057.3:1434",0.466666666666667,0.366666666666667,0.166666666666667,0
"NM_005424.4:2940",0.466666666666667,0.266666666666667,0.266666666666667,0
"NM_004566.3:1925",0.466666666666667,0.3,0.233333333333333,0
"NM_001250.5:166",0.466666666666667,0.233333333333333,0.266666666666667,0.0333333333333333
"NM_002619.3:55",0.466666666666667,0.433333333333333,0.1,0
"NM_000586.2:300",0.466666666666667,0.466666666666667,0.0666666666666667,0
"NM_148970.1:151",0.466666666666667,0.333333333333333,0.2,0
"NM_000632.3:1400",0.466666666666667,0.433333333333333,0.1,0
"NM_000594.3:1366",0.466666666666667,0.3,0.2,0.0333333333333333
"NM_001123041.2:438",0.466666666666667,0.466666666666667,0.0666666666666667,0
"NM_133487.3:1570",0.466666666666667,0.366666666666667,0.166666666666667,0
"NM_002610.3:401",0.466666666666667,0.2,0.2,0.133333333333333
"NM_001100812.1:743",0.466666666666667,0.433333333333333,0.1,0
"ENST00000367367.1:131",0.466666666666667,0.333333333333333,0.2,0
"NM_014176.1:50",0.466666666666667,0.4,0.133333333333333,0
"NM_000063.5:730",0.466666666666667,0.366666666666667,0.166666666666667,0
"NM_000920.3:262",0.466666666666667,0.533333333333333,0,0
"NM_001254751.1:1722",0.466666666666667,0.5,0.0333333333333333,0
"NM_001135599.3:1972",0.466666666666667,0.4,0.133333333333333,0
"NM_018295.3:377",0.466666666666667,0.333333333333333,0.2,0
"NM_003259.3:718",0.466666666666667,0.433333333333333,0.1,0
"NM_004556.2:876",0.466666666666667,0.433333333333333,0.1,0
"NM_001145645.2:142",0.466666666666667,0.433333333333333,0.1,0
"NM_005931.3:1387",0.466666666666667,0.466666666666667,0.0666666666666667,0
"NM_001322977.1:191",0.466666666666667,0.233333333333333,0.166666666666667,0.133333333333333
"NM_022162.1:4080",0.466666666666667,0.433333333333333,0.1,0
"NM_001071.1:395",0.466666666666667,0.2,0.233333333333333,0.1
"NM_003884.4:1180",0.466666666666667,0.3,0.233333333333333,0
"NM_002996.3:1850",0.433333333333333,0.333333333333333,0.166666666666667,0.0666666666666667
"NM_005163.2:2207",0.433333333333333,0.233333333333333,0.133333333333333,0.2
"NM_001193520.1:3097",0.433333333333333,0.366666666666667,0.2,0
"NM_006084.4:723",0.433333333333333,0.4,0.166666666666667,0
"NM_001040708.1:1859",0.433333333333333,0.366666666666667,0.133333333333333,0.0666666666666667
"NM_002079.2:568",0.433333333333333,0.4,0.166666666666667,0
"NM_002982.3:303",0.433333333333333,0.166666666666667,0.133333333333333,0.266666666666667
"NM_002309.4:3740",0.433333333333333,0.266666666666667,0.2,0.1
"NM_015259.4:1190",0.433333333333333,0.466666666666667,0.1,0
"NM_003155.2:2172",0.433333333333333,0.233333333333333,0.3,0.0333333333333333
"NM_198053.2:329",0.433333333333333,0.533333333333333,0.0333333333333333,0
"NM_002286.5:1736",0.433333333333333,0.533333333333333,0.0333333333333333,0
"NM_001448.2:820",0.433333333333333,0.333333333333333,0.233333333333333,0
"NM_000093.4:1133",0.433333333333333,0.466666666666667,0.1,0
"NM_001142930.1:1552",0.433333333333333,0.233333333333333,0.1,0.233333333333333
"NM_002423.3:265",0.433333333333333,0.3,0.133333333333333,0.133333333333333
"NM_001031683.3:712",0.433333333333333,0.3,0.2,0.0666666666666667
"NM_032782.3:955",0.433333333333333,0.333333333333333,0.2,0.0333333333333333
"NM_004936.3:906",0.433333333333333,0.366666666666667,0.2,0
"NM_001346456.1:1526",0.433333333333333,0.5,0.0666666666666667,0
"NM_173091.2:1840",0.433333333333333,0.4,0.166666666666667,0
"NM_003377.3:687",0.433333333333333,0.4,0.166666666666667,0
"NM_000629.2:461",0.433333333333333,0.366666666666667,0.1,0.1
"NM_001145847.1:596",0.433333333333333,0.366666666666667,0.2,0
"NM_002200.3:1845",0.433333333333333,0.366666666666667,0.2,0
"XM_011542270.1:326",0.433333333333333,0.433333333333333,0.133333333333333,0
"NM_058216.2:15",0.433333333333333,0.4,0.166666666666667,0
"NM_001795.3:3405",0.433333333333333,0.366666666666667,0.2,0
"NM_003486.6:2011",0.433333333333333,0.266666666666667,0.266666666666667,0.0333333333333333
"NM_001001392.1:566",0.433333333333333,0.166666666666667,0.1,0.3
"NM_013252.2:615",0.433333333333333,0.433333333333333,0.0666666666666667,0.0666666666666667
"NM_001272042.1:2451",0.433333333333333,0.2,0.333333333333333,0.0333333333333333
"NM_001130916.2:3011",0.433333333333333,0.266666666666667,0.166666666666667,0.133333333333333
"NM_000251.1:2514",0.433333333333333,0.3,0.266666666666667,0
"NM_003821.5:1306",0.433333333333333,0.333333333333333,0.133333333333333,0.1
"NM_001024847.2:870",0.433333333333333,0.466666666666667,0,0.1
"NM_031966.2:710",0.433333333333333,0.5,0.0333333333333333,0.0333333333333333
"NM_001037631.2:392",0.433333333333333,0.5,0.0666666666666667,0
"NM_001206567.1:2351",0.433333333333333,0.266666666666667,0.2,0.1
"NM_006274.2:133",0.433333333333333,0.533333333333333,0.0333333333333333,0
"NM_001196.3:1604",0.433333333333333,0.466666666666667,0.1,0
"NM_002227.1:285",0.433333333333333,0.266666666666667,0.166666666666667,0.133333333333333
"NM_001165.4:6567",0.433333333333333,0.433333333333333,0.133333333333333,0
"NM_001190945.1:712",0.433333333333333,0.433333333333333,0.133333333333333,0
"NM_003474.5:638",0.433333333333333,0.333333333333333,0.233333333333333,0
"NM_005356.4:1723",0.433333333333333,0.433333333333333,0.133333333333333,0
"NM_000212.2:4485",0.433333333333333,0.5,0.0333333333333333,0.0333333333333333
"NM_001172771.1:1404",0.433333333333333,0.366666666666667,0.2,0
"NM_003841.3:682",0.433333333333333,0.533333333333333,0.0333333333333333,0
"NM_001114614.1:328",0.4,0.4,0.1,0.1
"NM_005534.3:1963",0.4,0.266666666666667,0.2,0.133333333333333
"NM_000397.3:1034",0.4,0.2,0.233333333333333,0.166666666666667
"NM_005027.3:344",0.4,0.5,0.1,0
"NM_005101.3:305",0.4,0.333333333333333,0.1,0.166666666666667
"NM_001289999.1:1466",0.4,0.333333333333333,0.166666666666667,0.1
"NM_004419.3:675",0.4,0.266666666666667,0.166666666666667,0.166666666666667
"NM_003246.2:3816",0.4,0.3,0.2,0.1
"NM_001291880.1:1169",0.4,0.4,0.166666666666667,0.0333333333333333
"NM_080921.3:99",0.4,0.366666666666667,0.233333333333333,0
"NM_024908.3:1875",0.4,0.333333333333333,0.266666666666667,0
"NM_003268.5:2570",0.4,0.4,0.2,0
"NM_000732.4:127",0.4,0.333333333333333,0.166666666666667,0.1
"NM_002164.5:52",0.4,0.4,0.166666666666667,0.0333333333333333
"NM_000289.5:2672",0.4,0.3,0.3,0
"NM_001145457.2:409",0.4,0.4,0.2,0
"NM_025107.2:159",0.4,0.433333333333333,0.166666666666667,0
"NM_005816.4:1355",0.4,0.366666666666667,0.233333333333333,0
"NM_018664.2:725",0.4,0.3,0.3,0
"NM_002507.3:512",0.4,0.433333333333333,0.166666666666667,0
"NM_018326.2:315",0.4,0.266666666666667,0.2,0.133333333333333
"NM_001290230.1:1543",0.4,0.4,0.2,0
"NM_005533.4:729",0.4,0.333333333333333,0.266666666666667,0
"NM_001276501.1:915",0.4,0.233333333333333,0.366666666666667,0
"NM_002737.2:818",0.4,0.5,0.1,0
"NM_198156.1:420",0.4,0.466666666666667,0.133333333333333,0
"NM_024608.2:1675",0.4,0.3,0.3,0
"NM_001289067.1:191",0.4,0.5,0.1,0
"NM_033023.4:2390",0.4,0.3,0.3,0
"NM_000189.4:2883",0.4,0.233333333333333,0.3,0.0666666666666667
"NM_005512.2:3852",0.4,0.4,0.133333333333333,0.0666666666666667
"NM_181501.1:502",0.4,0.433333333333333,0.0666666666666667,0.1
"NM_001130823.2:2500",0.4,0.4,0.2,0
"NM_002030.4:733",0.4,0.3,0.2,0.1
"NM_001223.4:1050",0.4,0.5,0,0.1
"NM_000491.3:816",0.4,0.333333333333333,0.166666666666667,0.1
"NM_001172654.2:890",0.4,0.6,0,0
"NM_003820.3:503",0.4,0.4,0.2,0
"NM_017734.4:224",0.4,0.466666666666667,0.133333333333333,0
"NM_017442.2:985",0.4,0.533333333333333,0.0666666666666667,0
"NM_001114937.2:418",0.4,0.5,0.1,0
"NM_005508.4:672",0.4,0.533333333333333,0.0666666666666667,0
"NM_005623.2:1012",0.4,0.5,0.1,0
"NM_152275.3:2492",0.4,0.433333333333333,0.166666666666667,0
"NM_001090.2:857",0.4,0.5,0.1,0
"NM_000402.4:923",0.4,0.466666666666667,0.133333333333333,0
"NM_000201.2:2253",0.366666666666667,0.233333333333333,0.233333333333333,0.166666666666667
"NM_003188.3:1178",0.366666666666667,0.233333333333333,0.233333333333333,0.166666666666667
"NM_014791.2:365",0.366666666666667,0.5,0.133333333333333,0
"NM_004095.3:673",0.366666666666667,0.3,0.133333333333333,0.2
"NM_021006.5:411",0.366666666666667,0.3,0.166666666666667,0.166666666666667
"NM_021950.3:161",0.366666666666667,0.3,0.333333333333333,0
"NM_002984.2:35",0.366666666666667,0.266666666666667,0.233333333333333,0.133333333333333
"NM_002118.3:20",0.366666666666667,0.366666666666667,0.166666666666667,0.1
"NM_001130046.1:295",0.366666666666667,0.2,0.1,0.333333333333333
"NM_001768.6:2029",0.366666666666667,0.366666666666667,0.266666666666667,0
"NM_001174064.1:1756",0.366666666666667,0.466666666666667,0.166666666666667,0
"NM_001318787.1:484",0.366666666666667,0.233333333333333,0.3,0.1
"NM_002985.2:277",0.366666666666667,0.4,0.133333333333333,0.1
"NM_004456.4:1596",0.366666666666667,0.433333333333333,0.2,0
"NM_021642.3:60",0.366666666666667,0.366666666666667,0.166666666666667,0.1
"NM_005165.2:335",0.366666666666667,0.1,0.433333333333333,0.1
"NM_005511.1:246",0.366666666666667,0.466666666666667,0.166666666666667,0
"NM_001330347.1:2169",0.366666666666667,0.4,0.233333333333333,0
"NM_002412.3:323",0.366666666666667,0.333333333333333,0.3,0
"NM_006516.2:264",0.366666666666667,0.466666666666667,0.166666666666667,0
"NM_024408.3:2842",0.366666666666667,0.266666666666667,0.3,0.0666666666666667
"NM_001077494.3:1986",0.366666666666667,0.233333333333333,0.4,0
"NM_001039667.2:1088",0.366666666666667,0.233333333333333,0.1,0.3
"NM_015441.1:2920",0.366666666666667,0.333333333333333,0.266666666666667,0.0333333333333333
"NM_001172699.1:1010",0.366666666666667,0.233333333333333,0.4,0
"NM_001792.3:3067",0.366666666666667,0.233333333333333,0.233333333333333,0.166666666666667
"NM_000188.2:3355",0.366666666666667,0.366666666666667,0.2,0.0666666666666667
"NM_001199723.1:802",0.366666666666667,0.4,0.233333333333333,0
"NM_005524.2:860",0.366666666666667,0.466666666666667,0.1,0.0666666666666667
"NM_000417.2:1222",0.366666666666667,0.533333333333333,0.1,0
"NM_001163771.1:516",0.366666666666667,0.466666666666667,0.166666666666667,0
"NM_018833.2:912",0.366666666666667,0.4,0.2,0.0333333333333333
"NM_002033.3:1151",0.366666666666667,0.5,0.133333333333333,0
"NM_001078.3:2535",0.366666666666667,0.3,0.2,0.133333333333333
"NM_006273.3:588",0.366666666666667,0.533333333333333,0.1,0
"NM_024756.2:3040",0.366666666666667,0.366666666666667,0.233333333333333,0.0333333333333333
"NM_001002273.1:870",0.366666666666667,0.433333333333333,0.133333333333333,0.0666666666666667
"NM_014358.3:1392",0.366666666666667,0.466666666666667,0.166666666666667,0
"NM_002089.1:435",0.333333333333333,0.0333333333333333,0.233333333333333,0.4
"NM_001557.3:409",0.333333333333333,0.366666666666667,0.3,0
"NM_001008540.1:1060",0.333333333333333,0.366666666666667,0.0666666666666667,0.233333333333333
"NM_058238.2:1874",0.333333333333333,0.366666666666667,0.1,0.2
"NM_020529.2:1361",0.333333333333333,0.3,0.1,0.266666666666667
"NM_002038.3:410",0.333333333333333,0.366666666666667,0.1,0.2
"NM_001244134.1:493",0.333333333333333,0.3,0.266666666666667,0.1
"NM_033554.2:857",0.333333333333333,0.266666666666667,0.2,0.2
"NM_000582.2:760",0.333333333333333,0.1,0.133333333333333,0.433333333333333
"NM_006437.3:1399",0.333333333333333,0.2,0.333333333333333,0.133333333333333
"NM_003294.3:556",0.333333333333333,0.266666666666667,0.166666666666667,0.233333333333333
"NM_000917.3:805",0.333333333333333,0.233333333333333,0.3,0.133333333333333
"NM_001252.3:420",0.333333333333333,0.2,0.266666666666667,0.2
"NM_003733.2:1570",0.333333333333333,0.333333333333333,0.333333333333333,0
"NM_001770.4:1770",0.333333333333333,0.233333333333333,0.433333333333333,0
"NM_006120.3:396",0.333333333333333,0.433333333333333,0.1,0.133333333333333
"NM_001200.3:1193",0.333333333333333,0.333333333333333,0.333333333333333,0
"NM_004324.3:330",0.333333333333333,0.366666666666667,0.166666666666667,0.133333333333333
"NM_033439.3:1842",0.333333333333333,0.333333333333333,0.333333333333333,0
"NM_000600.3:484",0.333333333333333,0.166666666666667,0.233333333333333,0.266666666666667
"NM_138287.3:1543",0.333333333333333,0.4,0.133333333333333,0.133333333333333
"NM_138441.2:1198",0.333333333333333,0.466666666666667,0.2,0
"NM_001172.3:512",0.333333333333333,0.3,0.3,0.0666666666666667
"NM_001244871.1:2475",0.333333333333333,0.433333333333333,0.133333333333333,0.1
"NM_002460.1:325",0.333333333333333,0.533333333333333,0.133333333333333,0
"NM_032991.2:1002",0.333333333333333,0.433333333333333,0.233333333333333,0
"NM_015897.2:454",0.333333333333333,0.5,0.166666666666667,0
"NM_025217.2:905",0.333333333333333,0.366666666666667,0.2,0.1
"NM_001034.1:490",0.333333333333333,0.4,0.2,0.0666666666666667
"NM_001316306.1:1982",0.333333333333333,0.433333333333333,0.1,0.133333333333333
"NM_147162.1:400",0.333333333333333,0.5,0.166666666666667,0
"NM_005559.3:9002",0.333333333333333,0.533333333333333,0.133333333333333,0
"NM_004168.3:342",0.333333333333333,0.266666666666667,0.266666666666667,0.133333333333333
"NM_000181.1:1350",0.333333333333333,0.433333333333333,0.233333333333333,0
"NM_006503.2:300",0.333333333333333,0.266666666666667,0.3,0.1
"NM_001122779.1:1620",0.3,0.233333333333333,0.433333333333333,0.0333333333333333
"NM_001251.2:1140",0.3,0.3,0.233333333333333,0.166666666666667
"NM_001935.3:1861",0.3,0.366666666666667,0.1,0.233333333333333
"NM_006187.3:2354",0.3,0.266666666666667,0.4,0.0333333333333333
"NM_001278182.1:1522",0.3,0.2,0.433333333333333,0.0666666666666667
"NM_005532.3:390",0.3,0.233333333333333,0.266666666666667,0.2
"NM_020142.3:563",0.3,0.266666666666667,0.166666666666667,0.266666666666667
"NM_003641.3:536",0.3,0.333333333333333,0.233333333333333,0.133333333333333
"NM_018965.3:848",0.3,0.333333333333333,0.266666666666667,0.1
"NM_004994.2:2011",0.3,0.5,0.2,0
"NM_001144999.2:2701",0.3,0.366666666666667,0.1,0.233333333333333
"NM_003897.3:204",0.3,0.333333333333333,0.233333333333333,0.133333333333333
"NM_001511.3:743",0.3,0.266666666666667,0.0666666666666667,0.366666666666667
"NM_002121.5:987",0.3,0.3,0.233333333333333,0.166666666666667
"NM_004120.4:1744",0.3,0.5,0.1,0.1
"NM_000249.2:1605",0.3,0.433333333333333,0.266666666666667,0
"NM_024649.4:82",0.3,0.433333333333333,0.266666666666667,0
"NM_004985.3:1790",0.3,0.466666666666667,0.233333333333333,0
"NM_001040023.1:3355",0.3,0.366666666666667,0.233333333333333,0.1
"NM_001253849.1:871",0.3,0.533333333333333,0.166666666666667,0
"NM_000963.1:495",0.3,0.3,0.3,0.1
"NM_002405.3:1768",0.3,0.466666666666667,0.233333333333333,0
"NM_014763.3:385",0.3,0.433333333333333,0.233333333333333,0.0333333333333333
"NM_004887.4:990",0.266666666666667,0.366666666666667,0.266666666666667,0.1
"NM_003190.4:1082",0.266666666666667,0.433333333333333,0.166666666666667,0.133333333333333
"NM_005516.5:1287",0.266666666666667,0.333333333333333,0.2,0.2
"NM_000584.3:170",0.266666666666667,0.133333333333333,0.133333333333333,0.466666666666667
"NM_001124.2:1413",0.266666666666667,0.266666666666667,0.2,0.266666666666667
"NM_001558.2:150",0.266666666666667,0.3,0.333333333333333,0.1
"NM_001171623.1:2212",0.266666666666667,0.233333333333333,0.3,0.2
"NM_053056.2:857",0.266666666666667,0.433333333333333,0.133333333333333,0.166666666666667
"NM_031866.1:890",0.266666666666667,0.5,0.2,0.0333333333333333
"NM_002354.2:499",0.266666666666667,0.366666666666667,0.3,0.0666666666666667
"NM_001777.3:901",0.266666666666667,0.366666666666667,0.2,0.166666666666667
"NM_002198.2:557",0.266666666666667,0.266666666666667,0.333333333333333,0.133333333333333
"NM_005562.2:1027",0.266666666666667,0.266666666666667,0.4,0.0666666666666667
"NM_001320635.1:753",0.266666666666667,0.366666666666667,0.266666666666667,0.1
"NM_000570.4:255",0.266666666666667,0.4,0.166666666666667,0.166666666666667
"NM_004322.3:963",0.266666666666667,0.3,0.433333333333333,0
"NM_005419.2:1965",0.266666666666667,0.433333333333333,0.2,0.1
"NM_002162.3:1225",0.266666666666667,0.366666666666667,0.333333333333333,0.0333333333333333
"NM_001127702.1:963",0.266666666666667,0.366666666666667,0.0333333333333333,0.333333333333333
"NM_177441.2:1416",0.266666666666667,0.333333333333333,0.4,0
"NM_080657.4:1057",0.233333333333333,0.266666666666667,0.433333333333333,0.0666666666666667
"NM_014584.2:963",0.233333333333333,0.3,0.1,0.366666666666667
"NM_000228.2:3350",0.233333333333333,0.466666666666667,0.233333333333333,0.0666666666666667
"NM_002124.3:1016",0.233333333333333,0.166666666666667,0.266666666666667,0.333333333333333
"NM_014905.4:165",0.233333333333333,0.533333333333333,0.233333333333333,0
"NM_145902.2:906",0.233333333333333,0.4,0.2,0.166666666666667
"NR_048564.1:949",0.233333333333333,0.533333333333333,0.233333333333333,0
"NM_013351.1:1380",0.233333333333333,0.5,0.233333333333333,0.0333333333333333
"NM_005194.3:1731",0.233333333333333,0.3,0.333333333333333,0.133333333333333
"NM_005438.3:1320",0.2,0.266666666666667,0.4,0.133333333333333
"NM_000660.4:1473",0.2,0.4,0.266666666666667,0.133333333333333
"NM_001191.3:1421",0.2,0.333333333333333,0.3,0.166666666666667
"NM_001674.3:1487",0.2,0.266666666666667,0.4,0.133333333333333
"NM_015868.2:145",0.2,0.466666666666667,0.166666666666667,0.166666666666667
"NM_005271.2:2680",0.2,0.433333333333333,0.166666666666667,0.2
"NM_004360.3:379",0.2,0.6,0.166666666666667,0.0333333333333333
"NM_004159.4:1080",0.2,0.266666666666667,0.366666666666667,0.166666666666667
"NM_001278318.1:486",0.2,0.366666666666667,0.366666666666667,0.0666666666666667
"NM_002524.4:2168",0.2,0.4,0.266666666666667,0.133333333333333
"NM_002199.3:1624",0.166666666666667,0.333333333333333,0.4,0.1
"NM_000389.2:1975",0.166666666666667,0.3,0.2,0.333333333333333
"NM_000041.2:96",0.166666666666667,0.366666666666667,0.2,0.266666666666667
"NM_001113755.2:645",0.166666666666667,0.366666666666667,0.266666666666667,0.2
"NM_004417.3:1428",0.166666666666667,0.266666666666667,0.2,0.366666666666667
"NM_001142593.2:958",0.166666666666667,0.433333333333333,0.366666666666667,0.0333333333333333
"NM_002119.3:3075",0.166666666666667,0.3,0.466666666666667,0.0666666666666667
"NM_000211.3:1412",0.166666666666667,0.333333333333333,0.333333333333333,0.166666666666667
"NM_000122.1:1624",0.166666666666667,0.4,0.366666666666667,0.0666666666666667
"NM_004221.4:358",0.133333333333333,0.266666666666667,0.2,0.4
"NM_004048.2:573",0.133333333333333,0.0333333333333333,0.133333333333333,0.7
"NM_000239.2:381",0.133333333333333,0.0333333333333333,0.266666666666667,0.566666666666667
"NM_000365.5:153",0.133333333333333,0.133333333333333,0.133333333333333,0.6
"NM_002822.4:1574",0.133333333333333,0.366666666666667,0.2,0.3
"NM_001098175.1:1418",0.133333333333333,0.366666666666667,0.366666666666667,0.133333333333333
"NM_181054.2:930",0.133333333333333,0.4,0.133333333333333,0.333333333333333
"NM_001098209.1:1938",0.133333333333333,0.166666666666667,0.333333333333333,0.366666666666667
"NM_001174097.2:1200",0.133333333333333,0.3,0.2,0.366666666666667
"NM_006435.2:390",0.133333333333333,0.433333333333333,0.166666666666667,0.266666666666667
"NM_005514.6:1247",0.133333333333333,0.0666666666666667,0.1,0.7
"NM_002468.3:2145",0.133333333333333,0.533333333333333,0.333333333333333,0
"NM_005627.3:1621",0.133333333333333,0.433333333333333,0.3,0.133333333333333
"ERCC_00034.1:195",0.133333333333333,0.366666666666667,0.433333333333333,0.0666666666666667
"NM_003234.1:1220",0.133333333333333,0.233333333333333,0.3,0.333333333333333
"NM_002065.6:1485",0.1,0.233333333333333,0.266666666666667,0.4
"NM_002988.3:45",0.1,0.266666666666667,0.466666666666667,0.166666666666667
"NM_001964.2:2034",0.1,0.233333333333333,0.4,0.266666666666667
"NM_002080.3:674",0.1,0.333333333333333,0.233333333333333,0.333333333333333
"NM_007315.3:239",0.1,0.333333333333333,0.266666666666667,0.3
"NM_019111.3:335",0.1,0.333333333333333,0.133333333333333,0.433333333333333
"NM_001330437.1:228",0.1,0.266666666666667,0.266666666666667,0.366666666666667
"NM_018955.3:1052",0.1,0.133333333333333,0.1,0.666666666666667
"NM_000972.2:657",0.0666666666666667,0.1,0.2,0.633333333333333
"NM_000077.4:1052",0.0666666666666667,0.133333333333333,0.266666666666667,0.533333333333333
"NM_001127628.1:488",0.0666666666666667,0.333333333333333,0.5,0.1
"NM_000034.3:2049",0.0666666666666667,0.2,0.233333333333333,0.5
"NM_005985.3:960",0.0666666666666667,0.133333333333333,0.3,0.5
"NM_004079.3:685",0.0666666666666667,0.2,0.266666666666667,0.466666666666667
"NM_000978.3:100",0.0666666666666667,0.1,0.133333333333333,0.7
"NM_024070.3:1390",0.0666666666666667,0.4,0.5,0.0333333333333333
"NM_002117.4:898",0.0666666666666667,0.266666666666667,0.233333333333333,0.433333333333333
"NM_004152.2:313",0.0666666666666667,0.166666666666667,0.266666666666667,0.5
"NM_001206796.2:1533",0.0333333333333333,0.166666666666667,0.133333333333333,0.666666666666667
"NM_000245.2:1488",0.0333333333333333,0.233333333333333,0.4,0.333333333333333
"NM_004052.3:116",0.0333333333333333,0.233333333333333,0.266666666666667,0.466666666666667
"NM_001428.3:782",0.0333333333333333,0.2,0.0666666666666667,0.7
"NM_001135239.1:1053",0,0.2,0.1,0.7
"NM_002116.7:298",0,0.166666666666667,0.0333333333333333,0.8
"NM_000107.2:1556",0,0.133333333333333,0.266666666666667,0.6
"NM_001025159.2:1161",0,0.233333333333333,0.233333333333333,0.533333333333333
"ERCC_00002.1:850",0,0,0,1
"ERCC_00117.1:385",0,0,0,1
"ERCC_00092.1:540",0,0,0.0333333333333333,0.966666666666667
"ERCC_00112.1:695",0,0,0,1
"ERCC_00035.1:485",0,0.166666666666667,0.266666666666667,0.566666666666667
