"","20210113_30102534541221-01_P0091-10 LUNG D3 NMC2 30ug.ml_10.RCC","20210113_30102534541221-01_P0091-7 LUNG D3 NMC2 100ug.ml_07.RCC","20210113_30102534541221-01_P0091-7 LUNG D3 NMC2 100ug.ml_07.RCC","20210113_30102534541221-01_P0091-7 LUNG D3 NMC2 100ug.ml_07.RCC","20210108_P0090_D3_NMC2_30ugml(1).RCC","20210108_P0090_D3_NMC2_100ugml(1).RCC","20210108_P0090_D0_Control(2).RCC","20210108_P0090_D0_Control(1).RCC","20210108_P0090_D0_Control(3).RCC","20210112_30102534301221-01_P0090-10 D3 NMC2 30ug]mL_01.RCC","20210112_30102534301221-01_P0090-10 D3 NMC2 30ug]mL_01.RCC","20210112_30102534301221-01_P0090-10 D3 NMC2 30ug]mL_01.RCC","20210112_30102534301221-01_P0090-10 D3 NMC2 30ug]mL_01.RCC","20210113_30102534541221-01_P0091-7 LUNG D3 NMC2 100ug.ml_07.RCC","20210112_30102534301221-01_P0090-10 D3 NMC2 30ug]mL_01.RCC","20210112_30102534301221-01_P0090-10 D3 NMC2 30ug]mL_01.RCC","20210112_30102534301221-01_P0090-10 D3 NMC2 30ug]mL_01.RCC","20210112_30102534301221-01_P0090-10 D3 NMC2 30ug]mL_01.RCC","20210112_30102534301221-01_P0090-10 D3 NMC2 30ug]mL_01.RCC","20210112_30102534301221-01_P0090-10 D3 NMC2 30ug]mL_01.RCC","20210112_30102534301221-01_P0090-10 D3 NMC2 30ug]mL_01.RCC","20210112_30102534301221-01_P0090-10 D3 NMC2 30ug]mL_01.RCC","20210108_P0090_D3_IgG1_100ugml(1).RCC","20210108_P0090_D3_IFNg_100ngml(1).RCC","20210113_30102534541221-01_P0091-7 LUNG D3 NMC2 100ug.ml_07.RCC","20210108_P0090_D3_IgG1_100ugml(1).RCC","20210108_P0090_D3_NMC2_100ugml(1).RCC","20210108_P0090_D3_NMC2_30ugml(1).RCC","20210108_P0090_D3_IFNg_100ngml(1).RCC","20210108_P0090_D3_IgG1_100ugml(1).RCC"
"POS_A(128) - mRNA",93216,55149,51581,43738,41694,40929,41956,39148,38380,13314,14585,15440,15152,9460,7200,6100,5750,5646,19129,20805,23137,22601,32212,33020,31887,33726,32258,29036,29387,28117
"POS_B(32) - mRNA",28681,18274,18067,15555,15446,15155,16301,15263,15439,4808,5753,5126,5747,3944,2413,2034,1984,2060,6895,8183,8230,7731,13763,11925,11653,12925,12543,12039,11496,10521
"POS_C(8) - mRNA",7330,4497,4504,3837,3740,3721,4078,3615,3643,1200,1426,1370,1411,812,642,539,543,550,1707,2035,2086,2198,3169,2821,2665,3136,2976,2854,2790,2562
"HLA-DRB5 - mRNA",32,18,17,20,70,138,3018,2600,2036,6,8,2,6,6,22,19,8,4,6,8,24,9,193,108,18,140,139,121,48,45
"HLA-DPA1 - mRNA",35,28,194,31,35,56,2481,1978,1708,37,93,89,18,14,11,14,70,23,11,100,15,265,74,34,20,48,45,61,23,17
"HLA-B - mRNA",19,15,1107,114,188,360,2839,2325,2112,222,481,260,58,11,43,64,188,222,33,608,80,584,594,230,20,300,179,532,190,117
"LYZ - mRNA",25,24,228,82,172,399,2689,1986,1916,120,491,159,75,10,18,69,156,70,83,611,79,565,813,54,14,590,801,188,70,209
"RPL23 - mRNA",29,28,382,174,334,812,2592,1878,1716,283,214,170,50,19,42,60,127,288,67,879,112,239,1475,162,14,459,356,770,56,133
"UBB - mRNA",25,18,445,159,316,595,2405,1808,2116,160,202,185,48,9,32,66,163,181,72,469,68,380,1064,133,16,328,282,672,40,108
"SPP1 - mRNA",23,16,36,65,409,614,2134,1724,1563,18,28,16,18,11,34,74,17,23,12,208,138,93,3090,161,15,562,476,306,88,180
"PKM - mRNA",43,35,293,95,635,1070,1234,953,982,171,137,73,43,16,58,151,34,132,50,495,182,119,2874,299,28,911,605,1034,113,280
"ENO1 - mRNA",28,37,426,99,500,870,1505,1148,1336,169,176,104,46,13,57,123,45,183,34,469,149,109,2631,253,31,636,497,909,116,184
"PLOD2 - mRNA",17,16,17,13,412,746,718,622,682,12,9,10,4,6,41,128,3,14,5,12,160,7,2222,254,17,727,294,853,94,252
"TPI1 - mRNA",15,22,229,98,384,723,1062,830,851,100,108,73,29,10,37,77,25,106,44,328,116,75,1567,160,18,440,342,721,125,157
"ALDOA - mRNA",44,47,259,72,369,643,977,723,830,80,84,56,30,20,34,96,21,69,27,252,119,75,1708,187,37,517,402,739,161,187
"CXCL8 - mRNA",28,27,56,22,821,1893,1003,886,798,22,60,54,8,9,16,175,29,33,12,117,317,69,1036,240,15,813,1200,3273,20,293
"POS_D(2) - mRNA",1631,993,919,827,797,807,850,765,755,300,298,278,309,188,141,98,126,132,356,446,451,473,624,578,511,624,621,584,539,546
"CCL20 - mRNA",33,22,43,20,283,421,160,168,158,11,12,32,5,14,8,53,21,25,7,36,132,58,313,37,8,404,627,1019,11,80
"CXCL1 - mRNA",28,30,43,31,430,423,202,192,191,15,17,42,10,13,25,74,12,23,12,27,158,34,407,58,23,599,552,1072,22,150
"CXCL5 - mRNA",22,16,17,20,210,294,38,18,28,5,6,7,6,5,5,60,1,8,6,12,78,6,224,63,11,376,247,952,11,116
"IL6 - mRNA",50,37,51,34,279,323,93,59,86,11,13,15,9,17,18,57,6,16,13,29,92,14,563,107,44,621,249,777,28,115
"ITGAV - mRNA",31,34,43,38,94,110,318,219,265,37,16,20,12,10,7,17,17,33,19,68,35,36,211,34,36,101,59,142,24,29
"VEGFA - mRNA",56,65,51,51,69,86,330,285,283,26,24,20,13,22,25,18,14,26,19,66,22,43,193,45,45,112,60,119,34,55
"CD70 - mRNA",58,59,44,53,78,115,319,265,245,13,13,15,18,20,18,21,7,25,22,34,25,19,154,50,53,89,71,100,32,26
"ADM - mRNA",79,64,76,56,100,138,348,277,304,26,25,21,9,27,17,21,4,19,12,45,31,18,218,58,43,138,86,194,34,48
"NDUFA4L2 - mRNA",50,43,42,39,77,174,346,288,230,12,16,17,5,26,22,26,5,2,13,30,30,10,251,53,28,126,108,163,67,52
"CDKN1A - mRNA",115,73,121,69,118,156,295,261,265,43,42,33,19,23,24,29,19,25,24,109,43,45,135,56,55,58,85,110,35,39
"IFITM2 - mRNA",52,29,141,86,86,179,387,273,345,41,41,30,25,18,24,30,10,32,49,127,24,38,200,52,28,74,48,165,45,35
"TPM1 - mRNA",22,16,17,9,46,65,440,270,306,10,4,11,8,6,10,12,3,9,5,16,21,8,301,12,15,89,62,91,16,28
"HLA-DMA - mRNA",51,45,101,32,31,41,376,347,268,12,33,41,13,26,11,6,26,14,12,40,20,69,53,26,39,38,41,22,21,20
"IRF1 - mRNA",52,45,111,31,53,63,351,297,320,18,48,32,10,20,15,11,29,21,11,41,14,64,87,68,51,55,52,52,42,25
"GBP2 - mRNA",43,37,99,25,35,42,346,237,268,17,40,29,12,18,24,18,9,23,9,33,15,31,65,56,29,40,34,38,40,26
"TGFB1 - mRNA",62,52,47,37,56,71,391,298,313,32,30,30,14,32,9,16,17,20,14,53,31,47,100,46,38,58,65,79,38,48
"CEBPB - mRNA",56,50,59,37,76,106,334,340,326,28,38,48,11,17,18,22,20,24,35,47,20,70,99,50,31,60,54,99,40,40
"CD14 - mRNA",24,28,40,34,49,80,371,331,248,16,27,15,11,6,12,17,6,14,16,42,20,17,105,22,20,59,62,74,19,28
"CYBB - mRNA",29,16,55,26,52,77,420,395,283,20,38,31,10,11,9,13,17,17,15,68,19,69,152,20,22,74,103,53,27,29
"STAT1 - mRNA",64,59,262,44,70,166,303,251,222,33,112,40,18,23,25,28,32,29,23,79,31,72,137,108,55,84,50,120,47,44
"IFI27 - mRNA",29,30,233,44,55,75,331,176,222,45,86,56,13,8,17,21,64,56,20,133,12,103,81,41,17,59,26,49,20,19
"IFITM1 - mRNA",53,45,220,59,44,93,278,215,263,28,29,21,11,22,18,13,20,18,24,79,13,41,83,44,48,50,39,92,29,31
"GBP1 - mRNA",11,12,142,11,18,31,232,183,203,7,43,12,3,11,35,7,6,7,1,15,4,27,44,213,11,31,19,40,90,17
"OLR1 - mRNA",35,29,23,26,14,28,182,206,213,14,10,27,11,12,22,18,25,12,13,21,12,55,24,22,29,25,30,23,16,15
"TGFBR2 - mRNA",46,28,36,38,34,31,226,163,229,18,15,20,8,12,7,10,19,13,11,32,12,30,44,28,34,39,26,40,21,20
"ANGPT2 - mRNA",32,29,28,31,29,52,195,145,211,12,11,6,7,14,21,14,3,9,8,20,11,11,36,24,23,21,12,37,9,16
"ITGA1 - mRNA",50,39,27,28,28,50,207,154,185,12,9,16,9,19,31,21,5,26,15,9,14,18,37,33,43,30,25,46,24,29
"IL1B - mRNA",31,21,27,24,43,59,221,236,227,6,8,10,5,9,7,6,6,10,13,28,21,12,48,15,14,20,30,64,11,12
"RB1 - mRNA",34,27,27,20,45,30,234,228,196,9,13,15,8,8,19,26,7,20,9,24,15,15,55,23,22,35,36,25,16,23
"KDR - mRNA",25,15,15,15,18,21,240,175,204,4,8,11,4,12,10,9,4,13,5,8,11,8,16,13,18,12,23,14,14,11
"THY1 - mRNA",49,41,33,21,25,31,266,199,210,10,9,13,7,24,7,10,4,4,14,8,16,9,40,21,49,46,31,32,16,27
"IFI16 - mRNA",39,29,52,18,51,79,298,208,261,15,28,16,8,9,19,14,11,14,12,42,27,24,89,41,18,53,38,85,24,25
"IER3 - mRNA",35,29,56,41,71,96,274,232,238,20,30,29,14,7,20,14,15,29,8,61,29,27,73,31,17,50,69,109,14,28
"NFIL3 - mRNA",36,15,25,45,47,68,222,240,276,22,24,24,11,9,10,15,13,25,17,54,19,35,95,31,25,50,41,58,30,19
"IFNGR2 - mRNA",22,19,69,52,29,76,250,190,225,26,25,27,18,11,5,11,23,24,15,86,25,47,113,28,23,50,43,66,18,16
"MAP3K8 - mRNA",51,49,57,54,39,58,251,187,228,18,16,31,12,20,16,14,24,25,16,67,12,49,75,34,36,55,39,60,24,25
"CD36 - mRNA",16,17,19,36,31,43,365,217,266,13,14,4,8,8,8,8,2,12,10,98,8,10,46,10,15,19,16,34,17,10
"C1QA - mRNA",40,35,53,44,39,70,332,253,175,17,18,19,6,13,16,12,16,18,15,54,8,41,61,25,21,38,28,56,22,21
"S100A9 - mRNA",16,14,55,26,30,48,308,274,174,26,28,17,5,7,14,10,9,19,5,59,17,25,51,19,13,53,60,96,12,17
"MS4A4A - mRNA",39,33,32,40,38,61,294,311,214,7,23,20,8,19,10,6,6,11,10,55,16,21,58,31,42,35,28,24,19,19
"VCAN - mRNA",18,15,6,16,21,27,318,247,226,6,4,5,7,12,9,9,2,10,8,4,20,8,52,17,17,34,21,38,17,12
"CSF1R - mRNA",27,28,19,18,22,31,313,277,206,3,7,19,8,5,13,16,9,9,8,19,14,23,34,12,17,35,45,22,10,19
"ENTPD1 - mRNA",104,74,58,79,57,96,282,168,167,26,28,29,24,34,25,27,7,19,29,72,20,26,87,61,88,69,45,64,44,32
"GIMAP4 - mRNA",82,50,39,39,36,107,239,166,199,12,19,9,12,18,16,13,1,16,21,32,23,22,91,53,63,48,38,80,27,28
"ITGB2 - mRNA",56,41,57,52,47,68,243,239,196,33,51,50,23,18,37,27,27,30,13,97,24,85,100,35,25,72,102,51,23,48
"CD68 - mRNA",34,21,53,56,45,65,205,183,155,31,47,28,17,8,21,13,12,27,11,123,15,54,118,32,20,55,56,62,26,27
"HLA-DMB - mRNA",35,26,68,25,39,69,239,181,140,14,39,24,10,11,12,14,16,23,13,67,16,49,65,49,31,40,31,67,29,12
"BCL2L1 - mRNA",70,53,71,45,73,141,239,196,176,40,26,18,17,32,15,21,20,33,16,65,34,45,150,38,48,70,62,88,55,37
"GLUD1 - mRNA",49,43,78,61,79,135,213,156,186,43,29,18,19,25,15,14,16,26,25,96,24,38,170,44,40,69,44,121,32,32
"DUSP5 - mRNA",18,11,64,47,61,131,223,152,210,26,25,25,8,8,8,14,16,13,17,54,21,37,130,31,17,60,39,82,25,23
"FCGR3A/B - mRNA",45,36,53,70,64,125,213,195,158,27,30,24,9,17,13,21,6,26,36,58,18,35,101,36,45,48,33,75,28,21
"CCND1 - mRNA",27,26,153,38,49,83,246,180,154,41,46,27,10,6,11,19,8,32,14,89,20,27,158,44,23,65,41,64,37,26
"IFI6 - mRNA",32,28,118,44,65,124,296,217,223,18,39,22,10,10,16,38,25,19,15,48,14,65,129,34,15,46,32,52,20,26
"ICAM1 - mRNA",21,15,145,26,64,80,237,220,234,21,44,35,11,11,16,17,31,25,9,53,29,68,179,63,10,70,34,93,15,16
"TYMP - mRNA",49,35,141,48,60,123,248,237,204,28,84,37,8,17,23,25,31,36,18,66,16,76,136,57,37,84,64,93,35,37
"MMP7 - mRNA",20,25,30,34,32,78,455,276,351,57,27,18,26,5,8,18,4,52,14,368,25,25,96,18,12,23,21,48,9,14
"FCGR2A - mRNA",43,35,33,40,36,76,470,400,305,14,24,11,11,24,11,8,8,20,15,41,15,26,68,32,47,55,53,65,28,33
"CXCL14 - mRNA",75,59,55,46,45,86,540,412,373,23,12,35,19,18,17,11,30,15,14,32,26,50,86,49,46,51,43,69,32,28
"CCL4 - mRNA",46,37,60,79,50,95,462,416,381,28,15,26,15,8,14,12,7,19,34,87,17,29,101,38,40,54,23,91,23,17
"HLA-DQB1 - mRNA",21,21,9,11,21,22,527,461,347,5,3,1,2,3,7,7,2,3,4,4,5,7,47,23,13,33,30,21,18,9
"CD163 - mRNA",30,30,26,22,34,48,510,570,378,14,12,20,11,9,17,14,5,13,8,26,14,18,55,23,30,41,36,31,27,20
"HLA-E - mRNA",26,28,223,44,58,89,600,474,510,27,49,60,12,12,22,23,30,25,18,92,24,106,130,46,12,68,40,98,29,23
"TNFSF10 - mRNA",23,9,162,32,53,109,525,374,391,24,16,26,13,9,12,18,20,12,12,70,16,33,156,66,13,65,34,109,39,17
"CXCR4 - mRNA",28,25,35,33,91,135,547,392,535,22,13,17,8,9,16,18,6,15,12,48,26,36,186,41,25,103,57,155,30,28
"PECAM1 - mRNA",31,18,24,36,28,60,579,359,529,10,15,16,5,11,9,12,2,13,20,68,12,19,60,22,25,36,26,46,14,22
"SGK1 - mRNA",70,50,64,40,54,91,574,424,493,45,32,44,17,29,33,22,18,31,20,66,29,84,100,42,36,73,37,95,35,38
"AREG - mRNA",41,23,260,73,20,19,72,61,81,85,80,103,20,9,11,16,67,89,16,273,10,124,18,17,15,18,19,12,12,18
"IDO1 - mRNA",44,40,418,37,26,58,69,47,61,10,89,6,6,22,17,14,3,7,8,28,15,14,48,92,42,44,25,49,40,15
"TPSAB1/B2 - mRNA",44,43,61,57,70,157,147,114,212,23,19,10,14,27,12,23,3,17,30,53,31,19,141,32,38,132,67,184,24,48
"BNIP3L - mRNA",22,12,25,25,46,95,199,158,188,5,6,7,8,9,12,15,3,13,5,50,17,5,168,25,11,88,39,119,20,21
"SLC16A1 - mRNA",24,25,26,34,64,111,167,133,155,11,16,4,7,6,17,16,3,14,14,35,16,12,194,26,14,88,46,110,20,24
"PSMC4 - mRNA",64,63,57,32,62,97,121,120,74,13,22,18,7,37,15,17,9,24,11,35,20,25,134,46,40,77,59,80,33,31
"MAP3K7 - mRNA",55,54,63,50,53,104,126,120,125,20,17,24,6,25,18,15,9,20,21,47,16,24,121,46,37,66,47,86,30,25
"TGFBR1 - mRNA",55,41,35,46,64,83,128,106,106,11,15,6,16,32,14,13,6,18,21,48,18,24,106,45,49,79,42,98,22,24
"NOTCH2 - mRNA",62,55,39,30,62,84,111,90,92,24,18,14,9,16,12,18,13,15,17,30,29,20,136,45,51,68,42,73,29,30
"HK1 - mRNA",59,42,47,40,45,103,89,80,87,20,33,13,5,22,18,13,7,11,16,49,24,15,149,34,37,63,35,77,26,25
"EIF2AK2 - mRNA",45,24,53,39,50,84,120,91,111,19,18,10,13,12,17,15,14,17,9,39,26,32,119,31,24,46,29,65,20,20
"SIRPA - mRNA",45,49,53,43,59,74,110,93,116,30,21,18,18,21,25,25,9,15,18,51,25,13,141,39,30,61,41,81,16,25
"PDZK1IP1 - mRNA",20,20,40,37,64,75,147,99,112,16,18,13,4,3,18,11,4,13,9,33,22,11,130,30,11,82,60,133,12,28
"SFXN1 - mRNA",31,20,35,35,75,105,131,95,105,21,25,16,6,13,16,19,10,22,13,48,18,16,193,31,20,55,57,90,16,31
"TYMS - mRNA",33,30,42,35,66,91,113,76,71,20,16,12,11,7,24,21,6,16,11,22,29,18,178,50,24,75,72,113,20,33
"API5 - mRNA",30,25,47,79,69,147,139,122,107,24,30,18,18,17,11,9,9,25,27,100,14,15,194,35,18,54,22,122,15,20
"PSMB5 - mRNA",17,13,64,33,51,91,95,84,90,30,34,14,11,6,4,22,7,30,23,103,15,20,192,32,15,58,39,89,17,21
"P4HA1 - mRNA",59,61,54,52,70,96,151,104,94,5,20,10,9,27,12,23,8,20,14,41,33,24,179,43,49,94,69,118,30,34
"ALDOC - mRNA",53,52,64,55,75,83,102,64,65,30,19,12,14,32,14,18,7,21,17,71,25,22,170,51,62,81,56,113,19,24
"AQP9 - mRNA",48,48,43,49,78,134,92,94,70,27,27,15,18,26,15,21,2,14,22,96,33,23,116,50,46,84,63,154,35,32
"SDHA - mRNA",46,17,62,49,59,154,107,74,67,34,27,11,18,8,17,25,10,28,24,83,20,19,194,54,21,86,67,135,34,25
"IFIT3 - mRNA",36,34,133,40,44,117,93,64,88,17,41,22,10,19,14,10,6,17,14,44,9,32,69,52,26,46,19,65,21,23
"ISG15 - mRNA",31,26,128,29,44,127,132,96,134,28,27,19,8,9,21,30,10,20,13,45,8,20,125,33,20,67,33,87,20,12
"TAPBP - mRNA",36,23,124,44,43,86,139,89,127,37,45,27,15,10,11,9,12,24,25,96,13,59,101,33,28,48,42,65,34,29
"TAP1 - mRNA",23,14,210,24,28,55,121,88,113,17,69,29,9,4,17,5,18,20,3,64,6,45,55,33,18,28,17,37,29,15
"CD47 - mRNA",40,34,157,43,35,61,137,120,118,48,42,71,21,14,11,15,44,53,8,129,15,97,91,35,46,52,33,46,23,22
"PSMB8 - mRNA",60,46,178,65,60,90,171,120,152,41,60,36,20,23,31,28,17,51,22,89,14,53,108,71,22,63,41,83,48,29
"ITGB8 - mRNA",25,22,42,25,43,63,160,145,132,20,7,14,11,18,9,8,15,19,16,56,17,25,121,21,14,37,22,44,12,6
"CCND2 - mRNA",22,20,27,27,30,63,154,107,155,9,11,9,12,6,16,10,6,10,11,36,6,10,59,21,14,17,19,57,19,4
"MYC - mRNA",18,21,33,28,27,52,198,140,174,10,13,20,10,5,19,13,13,20,9,42,8,25,56,22,14,40,18,38,14,16
"STAT3 - mRNA",15,15,51,20,31,56,161,124,166,17,15,28,11,10,3,12,15,21,8,42,14,30,68,20,11,26,29,43,11,18
"CXCL3 - mRNA",22,17,26,30,44,105,188,177,141,10,10,7,6,9,9,16,12,13,13,33,17,23,53,25,9,51,20,114,18,13
"IFNGR1 - mRNA",24,17,35,26,37,61,217,167,167,19,22,20,11,4,3,15,12,17,12,55,11,28,90,14,17,33,30,55,18,15
"ZEB2 - mRNA",21,25,22,29,42,68,206,138,182,16,7,11,4,9,14,16,6,14,12,29,14,23,67,20,13,55,31,81,11,13
"NFKB1 - mRNA",31,17,49,43,41,63,174,153,211,18,19,23,8,10,11,9,16,16,8,48,20,32,114,30,13,45,31,72,24,13
"JAK1 - mRNA",49,44,41,39,57,90,150,148,181,19,20,21,16,16,19,22,5,17,16,49,19,18,139,47,31,61,52,79,22,31
"DAB2 - mRNA",45,37,32,42,47,65,187,172,154,24,23,17,12,14,26,21,6,29,16,30,10,16,63,32,36,35,53,66,25,32
"FPR3 - mRNA",42,38,40,53,44,72,202,187,139,19,22,24,14,20,20,19,14,22,16,53,16,18,74,36,26,54,52,48,25,26
"TLR2 - mRNA",72,58,53,37,56,70,173,182,137,18,15,17,10,21,10,14,6,17,30,36,21,28,67,46,62,66,35,61,39,23
"TREM2 - mRNA",59,44,52,51,49,81,202,188,144,10,25,24,16,27,10,7,18,18,28,84,21,35,62,41,50,41,38,55,20,35
"PARP4 - mRNA",53,43,64,52,58,53,132,124,112,22,29,27,11,18,21,14,12,23,12,75,24,39,104,42,52,67,52,69,24,47
"NRAS - mRNA",48,53,53,48,58,87,162,130,124,32,27,30,20,23,15,30,8,29,26,67,21,34,130,44,30,82,55,76,21,30
"AKT1 - mRNA",29,22,66,26,51,108,161,123,129,21,27,17,11,9,13,12,5,39,19,59,18,38,155,30,16,54,31,101,24,21
"BAX - mRNA",40,39,56,43,52,98,192,107,129,16,22,8,6,22,12,20,7,25,15,48,27,17,144,35,42,50,49,88,28,27
"ITGA6 - mRNA",40,43,43,43,60,83,197,129,153,23,31,19,12,8,29,14,8,15,23,36,16,17,131,31,37,38,35,65,25,26
"CPA3 - mRNA",33,35,27,29,41,86,129,100,122,15,13,13,7,14,21,16,1,17,7,13,24,15,54,20,17,92,35,112,22,35
"RIPK2 - mRNA",55,39,86,35,40,53,116,110,143,11,15,21,6,19,4,8,19,13,11,33,23,36,55,41,46,41,48,43,21,20
"CX3CL1 - mRNA",30,29,71,32,31,69,131,98,112,16,24,19,12,16,15,10,9,13,9,51,19,27,58,27,27,26,28,45,13,17
"MFGE8 - mRNA",43,35,47,45,45,65,145,108,134,19,18,19,10,16,17,17,11,23,18,43,24,18,56,25,25,30,34,64,32,32
"LRRC32 - mRNA",53,32,37,43,38,61,121,75,114,18,18,16,11,18,28,16,5,14,15,33,15,14,54,33,32,32,29,46,24,30
"HES1 - mRNA",44,27,42,33,43,58,132,99,122,17,19,23,6,10,19,22,8,16,26,25,16,21,63,34,25,44,33,49,25,28
"CCL5 - mRNA",55,32,34,37,47,81,177,105,147,13,16,10,9,19,15,18,16,11,18,35,23,27,91,41,48,44,41,84,33,35
"PDK1 - mRNA",54,52,37,22,36,64,155,107,124,17,11,15,12,19,8,8,7,9,9,21,32,21,106,39,50,56,54,48,20,33
"SAMD9 - mRNA",57,53,32,46,46,105,120,75,102,9,12,19,7,24,10,22,3,7,13,16,20,16,75,37,34,46,32,63,20,28
"DTX3L - mRNA",35,31,52,29,36,98,130,120,123,29,28,21,8,26,9,14,8,17,12,32,24,24,108,36,37,64,27,69,31,24
"TNFRSF1A - mRNA",51,35,43,36,38,71,156,140,112,18,17,22,11,20,9,17,5,15,14,41,15,16,76,40,19,50,42,67,14,21
"STAT2 - mRNA",47,30,55,41,46,74,122,124,107,25,27,16,13,17,26,27,10,22,18,51,19,47,64,46,26,59,38,68,22,26
"REN - mRNA",16,32,14,12,11,23,156,100,153,2,5,8,8,5,9,11,1,7,2,5,7,4,10,7,16,11,7,18,3,5
"SAMSN1 - mRNA",31,18,25,21,21,30,172,167,186,8,16,14,8,15,20,10,4,11,4,10,18,9,24,16,13,27,25,30,19,21
"JAG1 - mRNA",15,16,12,8,21,23,196,149,195,6,7,2,2,2,5,4,3,3,5,14,10,14,42,9,11,12,14,25,8,7
"TNFAIP3 - mRNA",21,15,19,20,20,28,178,131,196,3,10,13,8,5,2,5,7,5,9,21,7,16,49,15,12,25,10,30,9,7
"CXCL10 - mRNA",24,15,76,9,20,28,156,118,72,7,11,10,3,9,18,2,6,4,6,8,7,31,10,99,15,18,13,18,16,12
"FCGR1A - mRNA",56,57,22,37,26,37,156,139,100,19,19,15,14,22,17,11,5,8,9,17,14,18,28,27,70,41,28,38,21,28
"CLEC5A - mRNA",51,44,26,30,34,44,145,125,83,12,21,9,9,25,17,10,4,8,8,18,13,7,45,24,47,48,49,27,25,30
"TMEM173 - mRNA",48,40,42,23,39,50,154,136,121,16,19,18,15,21,8,12,11,18,10,23,18,46,62,22,43,39,36,25,15,21
"FCGR2B - mRNA",40,36,36,36,31,53,186,139,98,23,22,26,10,16,18,12,10,21,10,41,25,35,54,31,26,50,39,38,20,17
"GBP4 - mRNA",42,48,86,14,29,39,173,118,144,5,33,11,8,26,12,16,3,7,8,12,11,17,29,48,43,35,25,17,24,21
"CD69 - mRNA",74,33,29,27,21,39,192,95,132,9,9,20,12,19,3,16,8,6,11,19,22,15,36,31,34,26,18,28,19,17
"CASP1 - mRNA",48,30,31,27,27,41,193,136,131,15,29,21,12,21,25,20,10,20,12,15,18,27,39,27,28,26,29,30,18,24
"CD45RO - mRNA",21,18,23,11,22,26,151,124,101,7,11,10,2,4,8,4,6,7,5,31,11,28,16,7,24,18,19,19,11,15
"ZEB1 - mRNA",18,23,18,28,14,35,147,74,108,9,6,2,5,7,13,10,2,7,9,14,8,3,44,17,17,20,11,22,12,13
"CLEC14A - mRNA",23,20,24,37,32,40,130,103,127,12,6,6,3,12,11,10,6,11,5,16,9,8,39,25,14,30,24,35,16,14
"MRC1 - mRNA",36,23,26,20,28,30,124,98,86,11,14,17,9,6,12,13,10,9,11,22,5,30,35,22,23,32,36,19,20,18
"ITGA4 - mRNA",13,12,22,15,18,23,122,95,100,13,7,7,5,13,10,12,3,6,3,8,10,10,15,16,14,14,22,12,14,13
"ID4 - mRNA",24,15,16,26,25,30,104,82,107,10,9,14,5,9,8,6,4,10,8,18,5,9,23,16,16,17,12,15,10,9
"IRF8 - mRNA",25,17,23,21,16,26,114,112,113,8,13,9,10,9,10,8,5,5,13,22,10,12,41,17,20,19,17,33,12,11
"NECTIN2 - mRNA",30,18,39,22,22,25,112,98,97,9,7,17,7,15,14,11,5,7,12,20,6,11,28,17,7,26,13,27,12,16
"PARP9 - mRNA",27,22,37,10,19,31,119,86,104,4,11,11,2,7,6,8,6,5,2,16,10,13,43,19,13,22,19,25,11,9
"NBN - mRNA",28,26,36,15,41,45,130,95,86,5,13,18,7,12,14,10,8,11,6,20,16,26,87,28,26,37,42,54,12,11
"CD276 - mRNA",22,18,37,35,36,54,126,110,106,19,23,11,12,10,14,16,7,8,12,43,11,19,103,25,12,36,29,58,17,18
"IFNAR1 - mRNA",28,45,34,29,38,58,135,114,122,12,12,17,13,16,7,14,10,16,11,43,18,23,88,33,33,46,33,55,19,25
"LY96 - mRNA",17,19,36,32,29,53,144,122,93,15,20,16,9,11,7,11,5,22,13,77,13,26,51,20,18,26,16,41,10,11
"HLA-F - mRNA",25,16,70,18,24,26,132,138,79,19,37,29,6,9,19,10,21,23,11,34,11,48,45,23,24,26,35,47,28,20
"COL6A3 - mRNA",29,18,7,8,13,14,30,29,30,1,5,7,2,6,7,2,1,5,2,3,8,4,7,6,15,10,18,5,13,10
"GZMA - mRNA",31,16,7,15,14,8,42,19,38,3,4,9,2,8,8,1,5,8,6,4,9,3,15,11,16,14,11,14,6,6
"VSIR - mRNA",13,17,10,14,15,15,40,30,22,4,5,8,3,6,11,4,4,2,4,8,5,5,11,14,23,24,9,14,14,8
"SLC11A1 - mRNA",28,16,11,9,9,18,30,29,26,4,3,5,6,6,6,7,2,5,5,5,12,7,23,18,24,29,12,11,10,12
"FASLG - mRNA",37,28,22,14,10,15,20,27,29,5,3,3,5,12,13,7,4,8,2,11,11,14,16,13,25,17,22,18,15,13
"FAP - mRNA",41,25,14,21,16,21,17,19,16,4,6,6,5,11,10,8,4,2,7,7,13,13,12,21,24,17,12,15,13,19
"NEG_D(0) - mRNA",44,32,21,11,17,21,26,22,19,5,5,3,4,11,13,2,6,9,10,11,5,6,11,15,20,20,16,17,11,13
"NEG_E(0) - mRNA",45,25,11,11,16,17,20,20,15,6,3,6,7,16,5,5,4,5,3,9,7,9,8,15,16,20,16,18,18,10
"NEG_A(0) - mRNA",32,22,20,27,16,15,19,17,27,5,11,2,3,8,1,2,1,2,10,6,10,14,7,14,14,6,7,9,10,14
"CST2 - mRNA",23,17,9,20,7,14,19,22,13,5,7,6,5,9,13,11,2,8,5,5,5,9,16,13,14,21,14,13,10,18
"TCL1A - mRNA",22,24,17,16,12,12,16,19,8,6,3,6,4,10,10,2,1,4,5,4,11,3,8,16,12,14,11,19,11,9
"CTAG1B - mRNA",20,20,19,13,9,15,23,12,13,3,3,7,6,12,11,4,2,9,4,3,11,4,12,13,15,19,15,8,13,14
"SFRP4 - mRNA",27,24,20,10,10,25,20,12,13,8,4,4,7,12,12,4,4,6,4,3,10,5,15,16,23,14,19,8,12,12
"TNFRSF17 - mRNA",22,28,15,19,12,16,14,15,16,4,7,5,7,18,5,6,1,2,6,8,4,11,15,10,21,11,14,11,12,9
"DKK1 - mRNA",31,28,9,18,10,22,19,23,12,3,9,9,6,14,9,5,1,2,10,3,12,9,7,9,17,14,14,9,13,12
"MAP3K12 - mRNA",23,14,7,16,9,11,14,4,11,3,3,4,3,6,5,5,1,7,8,10,7,4,11,10,11,14,7,14,15,6
"GZMB - mRNA",24,17,8,9,4,7,15,13,10,1,3,5,2,6,2,3,3,2,4,6,2,3,6,6,9,9,4,7,4,4
"CDC25C - mRNA",16,22,7,9,10,10,13,15,5,1,1,6,1,9,4,4,1,3,5,2,5,3,8,5,8,6,5,10,5,4
"CD79A - mRNA",19,12,13,10,5,8,6,12,13,3,4,3,3,5,4,6,1,5,4,4,6,2,8,7,7,10,11,7,13,10
"CD244 - mRNA",17,17,16,11,14,13,14,13,13,5,4,6,1,8,10,7,2,4,3,4,4,2,6,9,12,8,10,8,6,11
"HLA-DQA2 - mRNA",21,13,11,11,7,17,13,13,13,3,3,9,2,10,3,8,1,7,5,4,7,8,9,10,14,15,11,10,5,10
"FSTL3 - mRNA",19,16,18,14,12,24,17,16,19,5,10,5,8,4,9,7,6,12,3,27,4,6,11,21,13,14,9,17,11,10
"LY9 - mRNA",17,14,8,14,11,29,17,14,14,4,4,1,3,5,12,2,1,6,4,17,4,7,15,10,5,10,8,17,7,5
"CES3 - mRNA",17,17,20,17,14,30,14,16,6,2,2,7,1,5,8,6,1,7,6,22,7,4,26,11,16,11,11,17,14,6
"INHBA - mRNA",18,18,15,6,8,26,12,16,21,7,8,5,5,9,8,5,1,7,7,2,11,7,17,15,14,21,12,29,7,15
"SOX2 - mRNA",18,14,22,16,11,30,17,8,12,8,4,5,2,9,12,8,4,11,4,10,6,9,29,15,17,23,9,19,12,7
"BTLA - mRNA",17,10,15,17,9,31,15,7,7,6,4,1,5,6,7,3,2,6,5,6,6,5,20,11,16,21,10,18,11,9
"MXI1 - mRNA",18,17,12,15,15,22,19,19,12,7,9,4,2,11,5,2,1,7,7,9,3,5,29,12,22,11,19,26,14,12
"GMIP - mRNA",13,11,11,18,11,24,8,11,4,8,7,4,5,5,3,5,1,9,7,9,5,4,24,7,15,13,8,26,8,5
"TNKS - mRNA",21,13,23,15,17,18,42,38,34,4,8,7,3,9,5,9,1,3,5,6,3,15,33,7,14,25,16,20,7,10
"CD2 - mRNA",27,18,16,11,22,22,42,31,39,5,8,8,5,12,6,3,2,4,8,9,5,8,36,19,17,29,23,26,12,11
"KLRK1 - mRNA",13,17,20,18,17,37,49,31,36,5,3,5,6,7,12,7,2,9,7,17,13,11,31,16,12,24,19,27,12,7
"IL16 - mRNA",17,17,18,17,21,27,41,31,39,5,6,6,5,6,9,8,1,5,7,15,7,7,50,15,12,27,12,23,4,9
"CTSW - mRNA",15,18,15,25,11,28,39,27,31,4,10,6,4,3,11,2,2,9,10,16,7,12,38,16,13,28,6,26,10,7
"MX1 - mRNA",22,18,25,6,9,39,41,29,40,4,18,9,5,13,11,8,7,1,6,9,3,11,30,10,13,16,8,2,7,11
"SBNO2 - mRNA",17,11,20,7,13,17,37,44,36,14,10,8,7,9,4,6,1,5,9,18,7,14,20,13,13,19,11,17,13,6
"CASP8 - mRNA",11,6,16,9,7,15,38,27,34,2,5,5,6,4,1,1,4,6,2,8,4,7,29,9,11,19,18,10,6,12
"NCAM1 - mRNA",14,9,17,22,17,26,24,12,19,8,4,8,8,6,3,6,3,6,6,16,3,4,43,10,3,15,8,31,7,14
"CXCR6 - mRNA",18,23,13,11,13,27,20,16,14,2,8,10,6,8,7,3,1,1,8,18,10,2,34,17,8,16,10,27,15,9
"CNTFR - mRNA",28,21,15,28,16,34,14,13,9,3,6,7,9,11,16,7,2,11,12,19,8,5,31,21,15,11,14,17,13,11
"CLECL1 - mRNA",23,18,17,28,20,41,22,13,14,6,10,8,2,13,8,8,1,9,8,18,7,5,39,11,16,19,14,15,11,14
"RORC - mRNA",21,26,25,19,25,30,20,14,16,7,9,8,8,11,9,8,2,8,5,9,5,5,26,20,15,21,18,19,18,10
"RASGRF1 - mRNA",19,17,13,25,23,30,20,24,6,10,9,7,3,8,13,9,3,8,9,11,5,8,27,17,12,18,10,17,20,11
"MAGEA12 - mRNA",33,14,33,23,27,25,21,17,18,10,10,4,8,7,10,5,2,4,13,26,4,8,33,22,13,11,10,29,12,5
"CD79B - mRNA",30,12,22,29,9,23,18,21,19,4,6,5,5,9,7,8,1,5,8,20,10,12,23,12,10,19,19,23,10,15
"ROBO4 - mRNA",17,16,28,35,21,30,22,26,24,8,14,3,5,11,10,7,1,11,5,22,7,13,24,11,26,18,17,25,12,21
"TCF3 - mRNA",15,20,25,26,22,29,31,27,14,4,9,3,4,10,12,12,1,6,9,23,8,9,33,10,23,23,16,25,13,9
"MICA - mRNA",19,17,23,23,17,29,27,18,24,14,11,8,9,8,15,9,2,10,5,26,12,9,30,14,19,16,10,19,8,14
"NF1 - mRNA",13,19,20,21,13,30,32,32,28,12,9,5,3,9,8,15,2,8,8,20,10,11,27,18,18,17,20,22,4,7
"SHC2 - mRNA",26,24,11,18,16,23,40,26,26,4,9,10,8,14,8,5,6,6,5,17,13,13,24,19,23,18,21,19,9,9
"IKBKB - mRNA",32,26,18,16,23,23,33,19,29,8,4,14,11,7,21,10,4,13,8,19,7,9,23,18,17,12,22,28,14,14
"IL17A - mRNA",24,24,22,23,15,29,24,23,9,9,9,11,2,3,21,8,1,10,8,11,10,10,22,17,28,15,18,18,10,12
"PDGFB - mRNA",27,17,30,12,19,25,26,26,25,15,9,19,4,10,17,9,4,18,8,10,4,11,18,13,15,15,16,18,8,9
"CD38 - mRNA",45,34,42,25,14,25,32,24,21,10,12,12,9,30,5,7,8,12,8,17,13,17,27,25,36,24,26,15,15,10
"NEG_H(0) - mRNA",47,33,25,16,21,21,25,31,24,8,7,7,9,24,6,6,5,6,9,17,12,10,14,18,30,18,8,15,14,14
"SERPINB5 - mRNA",39,42,27,19,20,24,23,25,20,5,13,9,10,14,6,6,3,8,14,13,10,9,29,16,22,19,24,25,20,16
"FANCA - mRNA",46,40,19,18,23,15,34,30,26,4,6,7,5,19,6,4,4,7,10,20,14,10,31,25,30,24,22,23,13,19
"STK11IP - mRNA",55,30,24,26,22,38,25,32,20,12,10,8,8,15,6,11,4,4,7,12,8,18,32,25,29,30,15,43,18,20
"CENPF - mRNA",59,43,27,21,18,32,30,32,27,8,10,20,8,12,10,6,4,5,16,13,11,15,37,20,35,24,26,17,20,17
"TNFSF9 - mRNA",51,35,22,19,13,33,30,37,20,11,7,11,5,25,7,6,4,7,12,14,12,7,31,30,41,26,27,24,27,17
"CD7 - mRNA",52,42,31,35,29,38,32,42,24,4,9,11,4,20,14,11,1,12,5,14,15,8,22,31,39,22,22,28,24,23
"TNFRSF18 - mRNA",56,53,22,27,31,29,31,34,31,12,14,10,7,16,10,13,5,8,10,11,13,5,31,33,39,18,22,26,22,25
"NEG_C(0) - mRNA",49,48,22,32,31,23,35,38,18,7,9,10,8,19,11,6,2,10,14,9,15,18,25,27,33,37,21,19,21,23
"OTOA - mRNA",52,41,29,30,24,33,33,22,24,4,7,11,14,23,11,10,1,8,3,14,12,11,23,30,39,36,21,27,12,16
"HLA-DOB - mRNA",53,41,28,28,15,28,37,31,20,9,8,7,10,23,8,8,4,9,8,14,15,15,25,32,46,27,16,19,19,20
"BLK - mRNA",41,42,15,23,20,28,23,24,29,12,12,13,4,16,18,13,2,17,11,7,12,12,16,21,26,24,14,23,20,22
"HDAC4 - mRNA",32,39,14,18,23,27,36,35,30,13,7,14,10,14,17,18,6,18,7,8,14,13,16,16,15,35,9,25,21,21
"TDO2 - mRNA",38,28,23,30,30,34,27,38,32,12,18,15,11,13,29,15,3,10,8,11,13,12,32,15,28,29,28,27,15,21
"TLR8 - mRNA",34,28,25,35,24,32,38,28,24,10,12,12,7,11,14,5,2,14,14,13,15,12,21,14,24,30,12,23,18,14
"CD1C - mRNA",45,28,24,33,22,31,39,32,17,16,20,15,7,10,16,13,6,14,15,6,8,14,19,23,28,24,28,19,18,24
"IL4 - mRNA",36,27,12,18,26,36,16,15,18,10,6,5,5,11,7,7,4,6,8,12,8,10,28,18,21,21,7,21,16,13
"ARG1 - mRNA",38,27,14,25,18,41,21,21,9,9,7,4,6,10,8,5,2,11,12,13,10,5,29,21,24,14,11,27,12,12
"MAGEB2 - mRNA",34,14,27,24,17,34,24,14,13,10,8,11,12,15,13,7,5,7,14,18,10,3,30,21,23,20,15,24,10,11
"CSF3 - mRNA",33,26,21,27,18,30,20,16,10,8,8,5,4,25,9,10,3,4,7,16,12,11,36,26,31,26,16,24,15,15
"HNF1A - mRNA",34,26,27,15,19,41,25,24,27,10,12,11,7,17,11,11,4,9,5,22,16,9,38,24,27,31,15,28,19,12
"TWIST2 - mRNA",38,34,34,20,23,35,19,21,14,7,6,8,6,16,11,10,2,4,7,6,10,6,31,18,35,23,22,23,20,10
"SPIB - mRNA",31,23,40,16,23,32,16,22,22,11,9,7,9,22,11,8,2,10,9,14,9,6,29,16,34,22,22,25,20,11
"CBLC - mRNA",30,28,31,28,22,21,22,21,21,11,8,18,7,10,17,12,6,10,11,18,11,6,10,21,24,27,21,10,22,16
"RELN - mRNA",42,21,16,24,16,22,22,25,17,15,13,17,13,10,21,12,5,9,11,13,21,16,18,14,24,20,17,25,23,22
"NEG_G(0) - mRNA",50,32,15,18,21,20,16,14,24,9,4,12,4,16,7,13,4,8,8,5,7,9,20,16,42,26,18,14,16,17
"IL21R - mRNA",46,25,26,16,18,26,24,21,20,10,11,12,8,12,16,13,6,15,10,7,10,9,16,21,24,29,27,21,19,16
"MS4A2 - mRNA",44,22,18,23,33,33,17,19,16,7,11,11,5,15,17,11,5,16,12,13,13,12,26,26,28,26,23,14,17,13
"NEG_B(0) - mRNA",31,31,17,25,23,24,16,15,16,9,11,10,7,12,17,12,5,9,14,10,8,11,21,27,27,22,22,15,23,12
"RELB - mRNA",27,37,24,24,24,36,54,50,49,8,7,13,5,20,6,8,5,7,12,9,16,10,42,27,31,26,34,26,20,11
"JAK3 - mRNA",41,21,22,20,23,29,44,59,43,12,6,8,7,16,16,12,4,13,14,10,15,13,26,15,15,29,22,19,13,17
"NID2 - mRNA",42,29,20,25,31,28,52,52,57,8,10,13,9,14,21,11,3,12,12,14,9,17,26,26,26,24,23,26,22,21
"CD45RA - mRNA",47,29,18,27,24,24,41,25,45,8,10,11,6,11,8,13,2,9,11,9,6,9,21,26,33,13,19,16,21,13
"CCL14 - mRNA",44,29,25,29,17,27,38,22,32,7,14,8,4,9,8,16,5,9,7,12,11,3,19,23,26,23,23,16,14,15
"SELP - mRNA",36,42,25,18,30,27,49,31,31,7,8,9,13,11,12,9,1,6,8,9,20,8,20,26,24,21,20,19,18,20
"ICOS - mRNA",39,32,25,19,21,19,51,32,36,13,11,15,6,11,10,15,6,24,11,11,20,17,19,24,23,21,22,15,15,19
"KLRB1 - mRNA",44,29,11,17,19,16,48,41,32,7,9,9,5,27,11,10,6,9,7,11,10,10,17,20,36,27,20,23,15,9
"CXCL13 - mRNA",52,29,19,17,13,24,45,37,55,5,10,6,3,18,5,8,3,7,9,15,6,8,18,26,35,25,15,21,18,17
"KIT - mRNA",36,29,21,10,23,25,36,29,52,6,4,10,8,13,3,9,4,5,2,9,7,11,18,14,30,33,15,23,16,14
"GZMK - mRNA",27,17,10,12,24,23,51,34,35,7,4,8,6,11,16,5,5,11,12,6,9,6,16,12,21,19,17,20,14,12
"PRKACB - mRNA",25,24,18,18,16,16,56,40,46,12,5,10,2,7,13,10,1,6,3,15,12,7,28,3,19,17,16,27,17,13
"ARID1A - mRNA",22,18,21,7,19,20,50,41,33,8,6,10,6,10,12,5,7,5,8,20,9,10,25,10,14,24,19,26,25,21
"LTBP1 - mRNA",25,34,23,26,11,26,42,42,38,10,9,8,12,20,10,13,3,16,8,14,5,10,15,13,22,18,25,36,20,17
"HDAC5 - mRNA",34,21,17,17,20,25,22,45,42,8,6,11,8,13,12,8,6,8,5,16,7,12,17,16,14,15,16,24,19,11
"HERC6 - mRNA",32,22,24,26,24,15,26,39,31,3,6,10,8,22,13,14,4,16,14,12,11,7,23,20,15,19,15,22,16,15
"ELOB - mRNA",27,23,30,29,30,32,25,23,27,9,12,16,9,11,11,17,3,21,14,22,6,10,50,17,16,34,17,32,16,21
"CX3CR1 - mRNA",28,25,29,29,33,32,36,33,32,10,14,5,8,14,9,9,4,8,14,18,18,4,44,15,17,26,14,36,10,16
"POLD1 - mRNA",31,31,35,26,27,35,33,28,27,17,14,11,7,14,12,9,9,10,14,12,11,8,46,30,20,25,25,29,15,25
"C5 - mRNA",26,27,24,35,31,43,18,23,17,11,5,12,7,13,12,7,1,9,8,22,12,11,33,17,15,16,18,25,13,12
"COMP - mRNA",30,25,27,25,18,32,21,25,16,11,11,11,7,14,16,9,2,11,11,19,17,8,30,18,14,17,26,23,22,15
"FOXP3 - mRNA",25,28,31,26,22,31,23,18,17,14,12,13,9,12,9,7,1,10,17,29,15,7,33,23,13,21,19,29,15,12
"SIGLEC8 - mRNA",36,30,24,26,32,24,22,24,17,9,12,18,7,14,11,8,4,15,10,24,16,6,27,24,21,19,19,30,22,19
"WNT11 - mRNA",31,24,29,33,36,32,17,26,18,19,9,12,9,17,21,12,2,16,16,26,8,11,33,18,22,32,24,36,19,14
"FCGRT - mRNA",33,30,22,37,25,39,31,19,28,15,16,18,10,9,13,12,4,14,11,26,6,12,25,33,23,21,14,21,14,13
"COL4A5 - mRNA",28,20,33,40,16,45,26,25,27,6,4,5,6,16,14,8,2,10,5,21,8,10,19,20,18,24,10,16,13,11
"CD28 - mRNA",27,21,35,34,19,42,25,24,28,13,10,16,9,17,16,6,2,8,7,19,10,8,25,24,25,19,24,29,24,25
"ERBB2 - mRNA",31,25,28,27,14,29,33,28,30,15,11,10,10,7,16,10,8,14,5,38,7,26,28,17,11,25,20,26,13,16
"IGF2R - mRNA",27,22,32,35,22,37,46,29,34,13,14,10,8,10,8,4,2,13,10,33,10,16,41,19,14,19,16,38,18,15
"TBC1D10B - mRNA",20,30,26,38,24,41,34,23,29,13,18,6,6,11,12,13,6,13,11,32,12,14,45,20,11,24,18,37,14,13
"PDCD1LG2 - mRNA",24,28,20,18,24,23,37,23,23,4,10,9,6,8,15,9,3,3,6,10,6,10,45,32,27,21,21,31,24,12
"IRF3 - mRNA",30,23,22,14,28,23,37,32,44,3,10,6,5,14,16,11,1,7,5,13,6,6,45,21,23,13,10,30,10,7
"TGFB3 - mRNA",24,28,29,24,23,52,44,38,20,11,7,10,3,12,20,8,3,18,7,19,16,10,35,16,20,30,18,38,15,9
"SOCS1 - mRNA",24,22,24,12,16,41,38,34,26,8,8,13,6,11,9,13,4,8,6,10,8,12,22,17,21,27,18,22,16,10
"IL1A - mRNA",44,30,13,29,24,47,37,31,37,6,6,10,5,13,12,10,6,5,9,8,16,11,41,24,19,20,26,39,14,18
"PLA1A - mRNA",36,26,17,23,31,48,47,40,45,14,17,15,7,12,11,11,6,11,9,17,7,10,34,25,26,24,18,38,22,13
"TICAM1 - mRNA",34,27,34,20,22,51,31,29,47,14,18,13,16,9,16,11,1,6,11,22,8,8,42,19,20,19,18,37,14,17
"CD3E - mRNA",34,30,30,24,25,35,45,29,42,14,23,15,6,9,15,18,7,20,12,13,13,10,40,23,13,29,29,36,18,18
"PIK3CD - mRNA",37,31,26,26,36,36,34,31,36,18,17,17,14,15,14,7,5,12,9,21,12,12,34,20,15,26,20,40,21,24
"NECTIN1 - mRNA",38,27,23,27,24,48,34,28,30,14,17,15,7,13,15,4,4,15,13,22,11,15,53,36,17,35,20,17,25,11
"PC - mRNA",28,27,29,34,25,44,38,33,33,10,18,29,13,8,25,15,3,14,13,35,17,12,44,34,18,32,15,40,21,15
"VEGFC - mRNA",28,24,15,31,25,41,28,41,38,17,17,12,9,8,25,11,5,22,15,29,13,8,40,31,19,28,29,36,22,8
"ESR1 - mRNA",38,24,29,34,30,54,24,29,29,17,15,10,8,16,19,15,3,18,18,29,6,6,48,20,25,27,19,35,31,11
"GLI1 - mRNA",41,33,25,32,29,54,21,29,29,9,17,11,16,22,14,11,8,11,14,39,11,10,41,26,35,32,24,48,30,15
"GNG4 - mRNA",49,31,26,32,36,39,24,25,29,16,16,5,9,14,17,17,3,12,12,22,18,14,28,22,28,26,28,46,23,21
"S100A12 - mRNA",46,23,27,36,31,39,22,29,23,13,22,6,10,8,18,11,2,20,11,29,14,9,46,29,21,26,17,52,17,16
"CD6 - mRNA",54,32,28,34,29,38,24,42,30,21,15,33,15,17,23,17,4,18,13,42,13,17,41,30,29,38,35,31,18,19
"IL2RB - mRNA",42,25,21,36,24,52,33,34,39,16,15,13,11,13,20,19,4,12,12,30,15,14,39,22,35,31,20,43,11,21
"ACVR1C - mRNA",45,35,30,40,30,61,37,27,27,12,15,24,10,8,25,17,3,23,8,25,10,22,38,20,25,28,24,32,12,20
"ZC3H12A - mRNA",29,31,43,27,47,58,26,32,38,19,12,24,6,13,22,17,5,16,17,21,4,17,45,18,28,47,22,29,23,25
"CXCR3 - mRNA",42,48,40,28,27,46,42,38,21,22,20,10,14,22,16,11,1,19,10,42,16,12,33,31,26,28,22,31,18,32
"IL15 - mRNA",25,44,26,21,26,37,44,46,29,18,20,19,8,16,29,16,9,20,11,23,13,20,30,26,26,24,21,24,24,25
"RIPK3 - mRNA",32,31,37,20,22,34,32,33,25,12,13,18,13,12,15,22,9,15,9,18,5,8,27,29,22,28,21,20,29,28
"LAG3 - mRNA",47,63,32,40,20,43,37,42,46,12,17,17,13,30,17,10,9,9,4,16,15,12,34,35,49,32,27,30,28,30
"COL5A1 - mRNA",55,54,35,42,30,49,41,45,53,14,16,22,12,19,16,9,5,6,14,18,18,15,27,34,47,45,26,30,25,25
"IL2 - mRNA",63,36,29,35,30,33,34,36,33,8,12,18,10,30,11,10,4,17,8,18,11,19,41,23,51,26,27,30,30,21
"TSLP - mRNA",57,46,24,35,28,48,23,36,28,10,13,7,9,29,10,12,2,14,11,14,10,14,50,37,32,26,26,37,26,17
"CSF3R - mRNA",47,41,23,26,35,53,38,28,31,16,16,10,6,19,9,4,10,13,14,26,14,18,54,23,32,33,30,34,15,23
"MSH6 - mRNA",43,37,26,22,20,45,49,38,36,8,14,14,6,14,8,11,7,11,13,22,14,16,55,31,39,27,22,40,16,19
"CDK6 - mRNA",52,35,28,32,25,58,44,32,41,5,14,9,6,16,5,9,4,13,7,25,6,9,57,25,36,43,22,35,20,17
"FADD - mRNA",46,32,32,37,20,34,41,36,36,16,13,6,5,21,5,5,3,14,18,24,18,12,43,21,30,27,23,35,14,13
"TNFSF4 - mRNA",45,33,30,36,30,39,30,42,29,9,11,12,9,11,22,8,2,12,11,28,17,10,45,36,26,39,15,37,23,14
"CD3G - mRNA",41,35,38,33,27,49,32,46,34,17,9,14,6,19,20,9,2,10,18,30,7,14,44,23,23,35,18,29,19,16
"TLR7 - mRNA",45,29,31,33,29,32,39,40,32,14,15,20,13,17,25,16,5,24,14,20,17,13,24,25,24,28,26,25,17,24
"NLRC5 - mRNA",41,38,32,43,35,28,44,38,37,11,16,10,11,16,27,17,5,16,10,24,8,18,24,22,27,30,29,16,24,19
"CCL19 - mRNA",57,37,36,42,41,33,39,44,34,15,24,18,20,15,23,17,6,20,13,12,19,14,28,28,35,35,26,33,25,27
"NEG_F(0) - mRNA",53,38,29,47,39,23,32,24,33,9,10,14,9,20,20,12,3,15,12,12,17,17,24,29,32,33,25,29,34,22
"HSD11B1 - mRNA",54,38,29,30,21,46,25,29,23,9,17,22,11,15,22,12,6,15,9,12,14,13,22,25,31,23,19,29,27,15
"COL17A1 - mRNA",53,40,32,22,22,34,25,31,33,18,15,18,11,9,21,9,8,11,8,16,16,19,28,32,38,27,29,25,24,23
"COL11A1 - mRNA",54,40,29,26,35,37,25,34,30,14,13,14,7,14,18,18,4,18,13,13,9,15,22,35,29,23,35,29,26,25
"BRCA1 - mRNA",49,39,29,28,28,33,25,42,30,17,20,21,11,12,22,11,3,18,13,7,9,16,28,35,35,21,31,20,26,18
"IHH - mRNA",48,29,24,30,26,38,39,33,31,9,13,16,15,13,21,14,6,18,5,19,14,10,34,37,38,35,27,26,20,16
"SIGLEC1 - mRNA",51,29,28,27,28,41,49,45,31,18,14,20,12,15,21,20,8,15,9,17,16,15,27,43,40,18,15,25,14,28
"IL18R1 - mRNA",64,27,26,27,41,44,52,42,40,12,14,21,10,24,6,12,9,13,12,15,20,17,24,35,37,35,24,33,30,14
"CD247 - mRNA",52,44,25,28,26,40,35,37,39,10,7,12,10,24,14,7,1,10,5,11,27,12,27,33,35,43,29,40,31,17
"CD5 - mRNA",65,53,27,24,30,30,45,37,44,10,11,14,10,25,10,5,6,17,9,15,18,10,27,31,41,29,39,27,27,26
"P2RY13 - mRNA",46,33,21,25,25,43,44,31,41,10,4,12,7,20,6,8,2,10,12,20,14,11,40,26,56,33,21,34,20,15
"XCL1/2 - mRNA",47,38,29,36,25,40,48,38,42,8,13,12,9,23,17,9,1,8,14,15,13,5,34,27,43,28,20,36,10,15
"KLRD1 - mRNA",42,48,28,30,21,50,54,34,28,7,13,11,7,24,8,9,7,6,6,21,11,6,29,28,39,27,21,30,15,13
"GIMAP6 - mRNA",40,34,36,19,22,39,49,50,42,15,15,16,8,11,22,14,4,17,17,17,13,12,28,28,30,28,16,36,21,20
"UBA7 - mRNA",33,41,35,22,30,29,46,47,48,11,14,20,12,15,19,13,7,13,12,14,13,14,27,27,32,34,27,44,26,20
"PRKX - mRNA",45,50,39,30,37,40,37,32,38,8,11,17,10,13,15,8,3,16,14,22,15,12,32,34,37,27,26,38,16,19
"IL6R - mRNA",43,45,40,31,26,31,40,50,47,13,15,17,8,16,6,13,7,12,10,15,9,20,34,29,43,28,30,22,17,17
"HDAC3 - mRNA",30,20,22,19,28,52,47,49,36,9,4,9,8,13,5,10,2,12,12,24,12,10,77,23,21,36,35,34,18,17
"TNFRSF10B - mRNA",29,25,21,17,18,37,43,47,41,9,8,10,2,6,14,7,3,11,7,17,10,8,66,17,15,28,18,28,15,20
"CD80 - mRNA",29,37,23,24,26,48,37,26,24,11,15,22,9,8,16,11,2,18,15,39,10,13,65,22,19,25,16,53,16,13
"RNLS - mRNA",19,23,29,22,35,56,53,28,38,10,15,11,5,13,9,7,7,15,7,25,9,7,58,27,10,35,25,51,12,17
"CD58 - mRNA",22,19,26,29,33,56,35,21,27,16,9,7,11,9,13,10,1,9,10,33,13,5,64,18,9,33,27,51,24,22
"THBD - mRNA",21,14,29,21,27,50,25,38,31,10,13,3,3,5,3,16,5,9,6,20,9,4,59,8,12,36,22,56,20,13
"TRIM21 - mRNA",17,12,25,34,33,61,34,34,38,12,8,5,4,5,6,9,6,5,10,23,7,5,66,19,9,33,15,52,13,6
"EGFR - mRNA",10,8,36,23,19,38,34,33,29,11,12,8,6,2,8,8,6,11,9,30,2,15,67,17,6,27,13,36,13,7
"ANLN - mRNA",14,15,26,29,32,45,19,24,18,9,9,8,8,8,16,6,2,8,9,27,13,6,62,23,12,20,29,41,7,12
"DLL1 - mRNA",21,14,26,20,15,48,27,17,20,8,12,8,4,7,6,7,3,7,9,21,6,2,58,12,15,19,17,43,15,5
"MKI67 - mRNA",19,11,26,26,28,52,21,18,20,7,8,9,1,10,5,5,1,10,10,23,13,11,69,17,20,16,15,47,13,7
"PIK3CG - mRNA",38,21,30,50,42,51,64,36,42,16,15,6,9,17,17,6,5,13,15,38,13,8,47,23,25,24,17,49,20,22
"TNFSF18 - mRNA",39,28,33,51,36,49,41,17,17,20,15,15,8,9,12,3,3,14,13,23,14,13,48,26,21,23,14,50,17,16
"MTOR - mRNA",37,17,34,25,39,59,44,40,32,17,12,6,5,7,9,9,4,7,13,28,15,14,55,19,15,25,22,31,16,19
"APH1B - mRNA",37,29,34,25,33,48,39,36,27,8,11,14,10,10,5,14,3,11,13,26,13,12,61,20,24,37,18,45,20,13
"TNFSF13 - mRNA",39,23,31,37,27,42,43,41,19,18,13,12,4,8,10,10,5,14,10,30,10,19,51,22,17,24,20,41,10,14
"TAPBPL - mRNA",28,11,33,36,19,59,44,48,35,22,14,6,6,10,17,10,5,14,18,29,18,14,44,25,10,23,18,50,16,13
"TNFSF8 - mRNA",29,24,33,42,34,66,45,43,33,23,15,15,10,17,29,15,3,17,19,35,9,12,42,23,16,35,26,36,21,14
"ICAM2 - mRNA",25,16,40,28,23,67,63,47,43,12,16,14,10,9,8,8,1,10,11,44,11,9,44,13,27,17,19,39,14,13
"SYK - mRNA",29,19,24,23,22,48,50,39,36,12,13,13,7,8,5,7,3,14,9,50,9,6,44,12,15,32,16,36,15,19
"CXCL11 - mRNA",28,19,35,27,32,45,44,59,40,9,11,12,6,8,6,10,7,18,16,47,6,15,34,15,20,22,30,34,15,10
"CD86 - mRNA",24,32,35,37,31,52,56,51,30,10,14,8,5,7,15,13,1,12,17,32,9,16,57,24,16,37,18,40,12,14
"F2RL1 - mRNA",19,27,29,36,24,59,56,51,47,10,11,4,3,8,12,9,5,23,11,36,5,17,60,18,24,27,14,36,14,10
"PPARG - mRNA",29,22,35,32,24,53,52,35,40,13,11,8,5,11,15,9,3,14,10,43,4,19,54,15,15,27,19,42,10,10
"PTEN - mRNA",24,28,28,41,40,45,43,43,52,4,10,7,8,9,11,6,2,5,12,37,10,11,41,6,15,26,17,29,14,5
"HMGB1 - mRNA",30,20,16,46,27,55,39,34,40,8,11,5,7,9,16,14,7,9,16,26,13,12,52,14,18,30,14,33,13,14
"BRD3 - mRNA",16,21,27,36,32,60,35,29,38,15,13,10,7,7,18,10,2,10,12,41,18,14,53,20,20,24,15,44,16,9
"LILRB4 - mRNA",21,14,32,20,20,35,42,35,31,10,28,13,5,11,14,13,2,7,7,57,10,13,54,17,17,20,24,22,10,6
"PIK3R5 - mRNA",19,12,13,27,24,46,61,42,30,7,16,10,11,9,10,12,2,8,9,23,7,14,33,18,20,25,9,24,8,10
"TP53 - mRNA",24,18,23,28,25,39,57,46,41,10,6,6,10,12,13,9,2,9,8,29,8,6,45,15,25,28,11,28,7,11
"SREBF1 - mRNA",13,14,32,16,29,36,60,35,43,13,5,14,3,12,10,6,3,12,8,27,17,7,45,21,8,26,16,34,13,15
"STAT4 - mRNA",17,21,25,19,28,41,38,32,33,8,14,12,4,8,11,4,3,7,6,20,5,6,28,14,15,24,17,44,10,9
"BCL2 - mRNA",29,24,21,20,19,51,49,36,38,6,8,9,8,9,11,4,5,5,11,24,2,8,39,15,15,22,11,40,8,19
"TBP - mRNA",29,21,20,18,19,39,52,32,36,7,9,7,4,6,11,6,2,15,10,28,11,5,41,14,20,19,25,38,13,14
"UBE2C - mRNA",10,3,19,31,25,62,12,19,10,15,10,5,8,4,6,10,3,14,15,30,11,8,87,23,10,24,14,51,9,8
"IKBKG - mRNA",19,18,52,34,23,46,20,22,20,22,24,8,10,2,9,11,2,13,21,51,12,7,50,17,21,30,13,37,20,10
"FAM30A - mRNA",22,24,44,26,25,52,19,17,23,12,10,10,13,12,15,14,6,23,21,36,19,7,28,24,19,34,11,43,17,16
"BIRC5 - mRNA",25,28,40,25,28,36,15,22,20,6,7,9,7,6,9,9,1,11,13,33,7,15,56,19,18,29,39,41,13,18
"MAGEC1 - mRNA",22,32,44,33,19,38,28,21,15,16,11,10,8,15,13,7,1,15,11,30,9,5,40,24,13,17,30,30,18,12
"PNOC - mRNA",28,25,41,29,30,50,11,20,22,12,8,9,9,13,8,13,1,6,11,29,8,8,41,31,18,26,16,33,22,15
"LTB - mRNA",30,23,32,23,32,49,21,20,21,18,14,8,13,5,11,12,7,7,10,31,8,7,48,36,25,27,34,47,27,11
"IL12RB2 - mRNA",27,31,26,29,26,50,30,21,18,14,9,4,3,7,13,6,3,11,12,28,14,7,61,20,21,32,13,41,13,15
"APLNR - mRNA",26,26,29,32,32,56,15,23,11,12,16,6,10,14,16,9,2,14,15,31,8,8,54,23,26,24,18,49,16,16
"FCAR - mRNA",26,25,28,29,26,43,29,20,22,10,15,10,9,6,5,6,4,10,8,27,10,14,40,25,28,31,16,47,11,12
"FCRL2 - mRNA",22,24,41,35,27,59,24,23,20,5,10,11,5,10,10,15,1,10,11,34,8,12,48,19,19,25,17,46,16,10
"WNT5B - mRNA",18,18,32,32,20,54,22,18,15,8,10,8,4,8,5,9,1,13,15,34,10,5,44,20,18,29,18,47,12,16
"PRLR - mRNA",18,23,27,30,20,57,23,24,24,14,10,10,10,10,21,8,2,8,6,34,6,11,48,22,17,24,17,47,12,9
"TRAT1 - mRNA",23,24,32,25,27,55,17,25,22,8,7,5,8,9,15,8,2,8,12,25,7,8,38,15,22,26,14,42,10,16
"HDAC11 - mRNA",22,13,43,49,21,54,20,19,17,14,20,16,8,9,13,22,1,16,7,40,17,11,49,19,16,26,16,63,17,6
"NFAM1 - mRNA",29,26,39,45,27,52,34,30,19,10,13,6,11,9,15,12,2,12,13,33,12,14,61,22,22,29,24,60,16,17
"GZMM - mRNA",24,21,34,41,34,56,26,19,21,22,22,4,14,7,12,14,4,12,12,41,14,8,54,23,21,33,23,54,17,13
"WNT4 - mRNA",26,25,35,40,46,63,25,21,25,7,8,11,10,9,14,18,1,11,12,42,7,10,52,23,17,38,33,45,13,13
"BRIP1 - mRNA",33,26,24,38,36,52,21,19,21,7,7,16,10,6,19,15,6,14,16,39,13,15,40,31,22,35,35,35,23,10
"JAG2 - mRNA",20,20,20,35,24,52,24,29,19,13,20,7,9,9,15,12,6,12,13,35,11,8,40,15,13,32,20,48,10,12
"WNT2 - mRNA",29,25,25,33,28,61,19,11,17,14,19,15,13,6,11,14,6,9,6,29,12,15,36,24,12,27,23,46,13,15
"RPTOR - mRNA",30,20,36,26,32,58,24,20,28,13,15,13,12,7,8,9,5,19,13,33,13,10,53,14,12,28,17,36,14,12
"IL1RN - mRNA",32,18,31,44,28,48,21,23,25,23,18,7,7,7,21,12,7,14,12,31,15,11,55,21,14,22,27,32,16,14
"C7 - mRNA",43,36,31,27,33,56,21,17,15,22,12,9,6,15,14,15,4,20,10,21,10,12,46,20,19,30,16,38,11,20
"ADGRE1 - mRNA",33,28,17,33,15,55,26,16,19,7,5,10,8,15,15,18,4,7,11,19,10,5,42,20,12,26,15,37,13,10
"DEFB134 - mRNA",33,26,18,33,25,59,16,11,17,13,10,12,8,4,11,7,4,9,13,21,14,10,56,11,11,23,13,36,7,8
"IFNA1 - mRNA",28,25,27,41,29,54,23,15,18,7,7,7,5,14,14,11,1,13,12,14,9,8,49,18,29,24,20,21,20,11
"BRCA2 - mRNA",35,27,33,41,38,53,35,21,22,7,10,7,7,12,17,6,4,12,13,28,18,9,46,16,25,20,19,33,19,15
"PLA2G2A - mRNA",36,16,24,35,34,50,21,21,21,9,8,10,9,5,12,12,2,7,13,30,7,10,45,16,17,16,16,17,18,15
"FGF13 - mRNA",31,23,20,29,26,38,31,27,30,8,9,4,6,11,20,6,4,11,10,28,6,13,39,20,23,15,19,23,17,13
"CCL21 - mRNA",38,22,38,32,28,44,25,18,16,18,11,8,7,18,18,10,2,14,18,18,15,14,39,20,17,24,21,26,16,12
"FGF18 - mRNA",36,23,29,28,24,40,25,17,18,18,7,4,5,12,11,10,6,7,15,25,10,7,47,28,19,28,20,22,13,14
"CSF2RB - mRNA",34,28,28,34,27,45,23,19,26,10,10,3,5,6,17,9,4,13,10,27,9,8,41,16,19,31,20,29,23,20
"CD40LG - mRNA",42,23,36,31,25,38,19,21,25,11,9,11,9,9,13,9,4,15,5,24,12,8,30,16,21,28,16,29,14,14
"WNT5A - mRNA",25,8,27,28,25,55,24,21,17,4,12,5,8,7,10,4,2,14,10,30,13,10,47,26,16,27,9,67,12,11
"KIR3DL2 - mRNA",10,17,21,20,21,48,10,13,6,13,10,2,7,6,10,6,2,11,6,33,3,10,46,15,10,22,10,54,12,12
"ARNT2 - mRNA",21,15,22,32,16,53,11,19,18,7,9,6,7,10,7,10,1,13,13,22,8,7,28,14,11,18,8,53,8,9
"TNFRSF8 - mRNA",18,17,21,21,25,38,16,12,16,6,4,6,4,9,4,7,4,4,9,19,13,9,30,13,15,23,16,28,9,6
"CCNA1 - mRNA",10,16,17,23,20,49,9,7,5,11,8,7,4,5,5,9,3,9,10,23,8,13,34,12,15,16,12,34,7,8
"EGF - mRNA",22,16,21,28,29,51,19,15,15,11,10,7,9,4,11,12,4,6,9,26,4,7,42,14,11,12,9,39,11,8
"NOS2 - mRNA",21,13,32,28,23,45,11,16,9,14,15,11,8,2,4,10,1,6,11,28,6,4,36,18,10,23,11,37,12,11
"ZAP70 - mRNA",17,14,28,18,24,41,26,11,14,19,4,6,4,3,7,8,3,9,8,23,10,7,45,21,15,19,13,43,14,11
"KIF2C - mRNA",18,16,18,20,25,49,17,21,17,9,10,5,5,4,9,10,4,13,13,24,16,4,43,22,16,23,19,34,13,5
"CD27 - mRNA",13,14,22,27,24,49,25,19,18,10,8,7,3,9,8,3,1,9,8,22,8,7,35,18,12,26,17,36,12,5
"FZD9 - mRNA",30,28,21,29,18,41,16,18,21,7,16,5,2,14,9,7,3,10,11,17,10,11,39,13,26,27,20,29,10,24
"TAF3 - mRNA",31,22,16,28,19,36,19,26,17,12,5,4,3,6,14,14,3,8,13,25,11,10,28,11,27,24,12,27,9,12
"MAGEC2 - mRNA",16,23,24,33,15,37,11,16,13,15,9,8,4,10,7,9,1,11,14,27,14,12,38,15,26,21,18,29,12,9
"PRF1 - mRNA",32,21,14,24,22,38,20,26,18,12,7,9,7,2,8,3,3,6,13,22,11,7,44,18,14,25,14,40,10,9
"GZMH - mRNA",38,19,20,29,19,41,27,22,22,15,9,10,4,7,8,6,3,11,10,25,14,8,40,19,20,23,16,29,14,8
"CCL13 - mRNA",24,13,25,23,19,51,21,22,25,5,11,3,4,4,6,8,4,6,10,18,13,5,38,18,20,16,16,25,13,17
"NLRP3 - mRNA",27,10,19,19,28,54,19,21,19,12,8,5,5,7,9,11,1,7,11,22,9,7,41,14,14,23,18,30,4,13
"CEP55 - mRNA",25,15,18,20,15,44,12,19,14,4,4,5,2,4,13,9,1,10,7,18,7,6,44,11,13,14,17,30,11,8
"SOX10 - mRNA",26,15,23,22,12,44,19,14,15,12,7,10,10,9,9,6,2,12,5,16,3,5,44,16,13,23,6,24,17,10
"TNFRSF11A - mRNA",31,22,29,27,23,45,18,29,19,11,15,10,7,8,11,7,1,12,5,22,6,9,45,28,13,21,12,41,14,7
"TIGIT - mRNA",22,8,27,27,20,42,17,27,26,4,8,7,8,12,14,6,3,13,10,19,7,5,38,23,13,26,19,42,14,14
"CD274 - mRNA",24,25,36,24,23,50,17,17,16,9,22,6,9,11,18,8,4,9,9,26,7,8,32,26,14,30,21,38,12,10
"AXIN1 - mRNA",24,19,27,30,23,44,20,26,19,8,13,4,7,9,14,10,6,9,9,33,10,5,34,14,20,25,26,34,23,11
"C5AR1 - mRNA",19,23,26,26,26,46,23,25,21,14,10,5,10,6,7,10,2,15,16,35,8,5,38,25,15,28,15,21,17,6
"GHR - mRNA",14,14,21,34,31,40,24,23,14,11,10,6,4,8,8,8,1,13,9,37,6,3,41,19,19,30,12,34,14,3
"TWIST1 - mRNA",21,20,21,28,20,29,16,21,17,14,12,10,10,6,19,11,2,15,10,26,13,10,41,25,17,31,13,33,23,13
"PRR5 - mRNA",18,11,28,20,24,36,12,22,17,6,12,4,8,8,13,11,1,8,12,37,6,7,43,19,20,22,14,41,22,7
"HDC - mRNA",24,20,23,22,22,38,17,18,22,5,9,4,7,9,8,5,3,9,11,31,8,5,48,20,13,29,11,36,14,11
"P4HA2 - mRNA",35,29,17,24,53,72,53,48,53,12,10,18,4,11,25,22,5,10,6,20,28,14,141,38,19,73,41,95,14,28
"NT5E - mRNA",41,33,32,29,44,68,42,27,30,10,11,12,9,7,16,14,5,10,17,12,23,12,163,38,23,53,33,74,20,27
"CXCL6 - mRNA",31,20,35,41,75,94,50,34,18,15,21,9,9,10,9,21,7,14,10,45,23,15,91,29,14,95,128,132,16,23
"MMP9 - mRNA",43,45,39,35,40,60,42,38,32,22,28,21,26,21,13,15,13,18,17,78,31,28,96,34,44,87,97,72,24,37
"PVRIG - mRNA",67,76,59,67,62,99,59,50,50,42,44,39,17,43,35,35,9,30,35,55,26,27,108,50,50,79,55,58,36,33
"MYD88 - mRNA",57,52,63,45,51,71,96,84,75,37,40,39,18,27,32,25,11,27,18,65,19,35,70,48,35,40,40,46,34,32
"ITPK1 - mRNA",56,44,68,73,65,108,80,70,64,36,34,29,23,29,26,19,5,25,33,78,29,18,77,44,38,57,45,74,33,24
"TMUB2 - mRNA",48,51,64,70,53,97,86,59,62,34,28,20,18,19,22,19,10,31,22,56,28,19,79,48,39,57,45,72,35,30
"ICAM3 - mRNA",66,44,49,50,55,96,89,64,73,28,18,27,17,22,26,19,3,19,20,39,23,28,102,50,35,62,49,73,31,37
"ERCC3 - mRNA",76,52,51,66,66,97,100,67,76,34,26,33,22,23,20,23,14,30,26,53,28,28,104,43,35,63,44,83,26,34
"PFKM - mRNA",61,67,61,40,37,70,52,36,44,15,16,14,18,28,14,10,6,20,23,35,21,16,77,51,68,44,33,64,21,26
"BATF3 - mRNA",62,48,50,37,57,83,64,40,46,20,17,17,13,20,13,14,10,12,15,41,22,16,88,55,52,47,33,57,29,26
"MS4A1 - mRNA",73,63,55,59,62,87,43,50,31,12,13,10,21,24,12,21,1,17,24,39,27,22,71,47,44,59,33,70,35,29
"PPARGC1B - mRNA",83,67,54,56,45,76,58,42,34,16,14,15,12,31,21,14,7,16,33,42,17,22,87,59,63,64,52,53,38,24
"IL33 - mRNA",91,75,43,54,56,73,40,52,45,18,22,20,12,41,16,10,6,16,19,27,20,27,53,48,63,62,39,76,39,32
"CD19 - mRNA",70,71,55,71,50,81,39,50,42,21,20,27,13,50,27,14,5,14,23,46,19,23,79,50,59,55,42,69,18,30
"NEIL1 - mRNA",64,50,50,66,46,68,36,39,40,20,23,20,19,33,22,10,4,14,21,32,19,19,61,38,64,53,44,56,20,29
"FAM124B - mRNA",81,75,52,77,54,100,67,54,50,22,15,16,21,35,34,18,5,16,22,36,33,24,68,63,75,58,49,55,47,32
"OAS3 - mRNA",82,56,57,67,51,100,64,50,51,20,22,26,16,32,18,11,8,15,26,42,33,19,96,41,57,53,37,72,36,23
"BAD - mRNA",80,61,51,55,50,82,54,66,67,21,25,25,16,41,12,19,6,27,21,38,20,15,80,45,50,48,50,82,48,32
"RPS6KB1 - mRNA",62,65,47,70,57,112,68,57,44,15,17,18,11,37,15,14,7,10,20,58,17,14,83,33,39,50,28,53,21,23
"TBX21 - mRNA",55,42,66,59,48,100,46,41,27,28,13,29,21,29,16,18,10,29,30,50,19,20,80,40,42,46,55,59,31,39
"MSH2 - mRNA",46,52,37,47,40,93,82,52,69,15,17,14,7,22,10,12,9,15,20,34,23,24,95,19,42,48,51,70,26,26
"BMP2 - mRNA",51,50,41,51,41,78,61,60,65,27,22,21,14,28,13,8,22,15,22,61,20,44,93,39,47,49,37,77,28,18
"NFKB2 - mRNA",50,39,59,44,57,92,80,66,66,24,27,15,14,24,11,15,8,24,22,54,17,32,97,38,56,71,40,66,25,24
"MLH1 - mRNA",48,34,45,49,57,75,65,48,61,42,21,21,14,13,20,12,6,21,25,57,15,26,72,34,30,58,26,62,33,25
"GLS - mRNA",45,29,47,40,51,89,74,72,45,41,38,23,13,18,33,27,12,21,20,36,18,31,73,43,37,54,49,56,36,30
"PIAS4 - mRNA",47,42,40,29,51,92,81,45,43,20,30,19,12,15,25,23,4,25,16,40,14,23,61,38,39,46,37,67,13,29
"IL11 - mRNA",46,31,46,58,48,111,31,31,28,21,14,14,14,17,14,19,4,11,24,38,14,14,79,38,25,41,26,131,24,24
"MMP1 - mRNA",23,19,64,60,37,131,16,12,11,11,32,9,12,6,5,14,1,15,15,24,26,11,65,11,13,25,31,81,4,7
"MAGEA4 - mRNA",57,52,41,36,35,46,31,27,22,8,20,10,8,24,8,6,8,4,14,27,11,7,32,34,48,36,21,52,13,19
"NGFR - mRNA",53,44,37,35,30,59,33,36,27,16,16,11,7,14,18,15,5,18,18,29,19,7,53,30,52,41,33,57,25,35
"MAGEA1 - mRNA",48,41,50,39,36,57,23,35,23,22,15,12,11,23,6,8,4,15,17,32,17,5,54,26,27,36,29,46,26,18
"CSF2 - mRNA",43,45,38,41,23,67,21,23,19,6,17,9,8,17,5,14,2,12,18,29,16,12,47,35,34,43,32,41,28,26
"EXO1 - mRNA",36,43,38,44,27,49,27,22,26,14,13,10,6,23,11,11,3,12,13,22,12,11,59,28,38,33,23,62,24,17
"SLAMF7 - mRNA",43,31,34,42,28,49,35,33,27,14,18,14,6,15,12,11,3,8,11,30,16,10,40,38,43,35,20,46,24,14
"CXCL12 - mRNA",36,39,39,29,15,56,34,34,28,10,13,10,5,18,8,11,3,8,14,31,15,7,46,24,41,35,19,43,16,19
"FAS - mRNA",43,31,27,31,28,38,43,30,32,8,8,10,14,20,10,12,9,5,10,36,7,9,64,30,59,41,23,41,12,12
"CCL22 - mRNA",32,44,34,37,20,53,18,27,19,12,18,14,14,10,18,13,2,4,17,59,10,7,56,21,42,31,26,50,19,14
"CDC20 - mRNA",43,39,40,45,32,66,29,24,24,13,12,9,9,20,10,12,3,19,13,44,8,5,66,36,39,34,23,48,13,14
"PDCD1 - mRNA",38,31,40,41,41,59,32,25,19,9,11,9,6,19,14,11,2,9,7,46,21,6,52,32,34,34,21,40,15,16
"SIGLEC5 - mRNA",35,33,45,41,33,64,20,17,25,19,30,10,10,6,20,14,4,15,20,39,14,10,71,18,23,30,21,57,19,19
"CEACAM3 - mRNA",38,24,37,29,32,71,27,23,18,13,20,10,14,13,24,16,4,13,8,32,11,9,73,28,19,41,29,55,14,12
"ITGA2 - mRNA",36,26,41,27,18,64,36,25,25,21,39,12,11,10,14,8,8,24,13,43,12,13,55,19,21,27,16,45,15,12
"CCR4 - mRNA",37,28,41,40,40,70,43,26,29,25,25,26,8,13,18,10,5,26,14,37,18,14,65,22,36,33,19,42,23,13
"DNAJC14 - mRNA",18,17,34,33,33,75,31,34,26,16,14,8,10,12,14,10,4,16,8,36,16,16,58,30,11,50,15,47,15,7
"LOXL2 - mRNA",33,16,37,32,46,67,39,28,29,16,14,7,3,9,13,14,3,17,14,33,8,11,69,25,15,36,25,46,24,10
"NRDE2 - mRNA",31,18,35,41,38,74,30,28,25,19,12,10,10,16,11,10,4,15,19,36,9,18,58,15,17,35,17,55,15,7
"FGF9 - mRNA",35,18,36,40,28,59,17,19,14,13,12,4,6,13,15,14,1,14,9,49,7,9,62,19,20,34,17,47,13,9
"CCNO - mRNA",30,28,37,42,34,66,18,12,18,15,20,15,7,8,9,11,2,14,13,43,12,8,49,25,14,29,16,46,22,25
"PGPEP1 - mRNA",28,39,35,36,19,62,22,20,23,10,10,9,5,16,14,6,3,13,12,37,10,6,54,21,9,30,21,42,16,15
"PTCD2 - mRNA",45,27,24,45,26,70,37,24,29,7,16,7,9,8,12,7,3,11,14,36,9,9,52,18,23,29,11,39,19,18
"SIRPB2 - mRNA",38,21,32,35,25,88,19,31,16,16,9,10,11,11,8,11,8,15,14,27,10,9,46,19,20,28,14,49,15,12
"SNCA - mRNA",44,33,34,52,39,67,37,30,28,15,7,12,10,12,10,13,3,12,19,38,18,12,77,16,25,32,25,56,28,8
"WNT3A - mRNA",42,38,42,44,43,69,36,18,18,19,21,11,7,7,12,22,5,20,21,39,16,15,70,23,30,37,28,51,23,7
"SELL - mRNA",42,37,34,45,40,74,18,24,25,8,14,8,9,17,10,13,2,9,18,46,10,8,79,22,16,22,13,59,23,18
"EIF5AL1 - mRNA",46,42,38,44,47,78,36,15,22,14,20,9,11,18,8,7,2,11,19,45,14,7,91,33,29,38,15,61,20,15
"HELLS - mRNA",42,31,33,27,48,67,35,32,35,16,15,8,9,33,12,7,4,17,17,27,14,15,66,34,43,32,29,57,25,18
"UBE2T - mRNA",53,37,34,33,44,65,27,29,23,12,10,12,14,27,8,5,3,10,15,31,12,13,54,28,43,34,21,50,27,19
"TNFRSF4 - mRNA",43,42,37,42,45,68,31,37,23,17,10,12,18,18,16,16,7,9,22,36,22,10,62,32,26,31,48,43,20,11
"PF4 - mRNA",59,39,36,34,38,62,34,32,21,10,15,15,12,21,12,15,6,16,13,29,17,12,66,33,35,37,42,35,26,18
"PVR - mRNA",31,28,34,45,29,63,31,27,26,11,17,12,10,17,21,22,5,13,16,24,20,5,69,40,21,35,31,32,23,17
"MAPK10 - mRNA",32,41,39,34,29,64,40,26,25,15,21,16,9,27,23,16,6,20,9,32,15,13,49,32,19,44,18,40,19,23
"WNT10A - mRNA",34,32,39,35,39,75,24,24,22,27,15,27,8,14,18,13,8,19,15,30,10,16,75,36,29,52,33,43,22,21
"GAS1 - mRNA",44,28,48,32,34,83,18,16,13,19,17,13,9,19,24,10,4,16,17,29,16,16,55,31,19,34,29,47,22,17
"ADORA2A - mRNA",40,34,43,36,38,75,34,18,23,22,15,12,16,22,11,13,1,14,21,28,21,12,67,21,33,26,34,54,18,19
"NOD2 - mRNA",41,31,36,37,30,81,42,23,28,13,10,18,10,13,21,14,5,20,16,29,10,11,51,26,26,32,29,50,25,22
"GPC4 - mRNA",45,48,59,59,33,60,57,53,50,17,32,15,13,21,10,16,7,9,15,73,15,16,43,37,36,48,30,46,24,8
"CDKN2B - mRNA",71,46,42,47,36,60,48,58,38,20,17,19,12,18,16,9,9,15,19,43,22,28,58,36,47,51,28,55,18,23
"PROM1 - mRNA",49,51,62,55,44,59,59,40,40,18,17,11,8,20,10,9,7,24,20,48,12,35,59,30,36,41,39,46,22,23
"CCR5 - mRNA",39,41,36,50,39,56,56,53,51,20,22,19,9,14,19,24,2,24,20,39,15,16,67,23,39,24,25,49,20,26
"CCR2 - mRNA",36,47,36,44,27,70,43,42,35,11,22,20,8,17,11,12,6,17,9,44,14,7,50,37,43,35,26,37,21,21
"CCL8 - mRNA",53,40,37,46,29,68,45,47,36,18,33,24,16,19,23,14,10,24,13,42,23,19,71,42,36,41,31,42,30,24
"LILRA3 - mRNA",47,27,38,48,36,49,29,33,21,19,23,18,17,14,29,25,7,35,16,32,14,9,33,25,37,34,23,38,33,24
"TLR9 - mRNA",54,39,45,48,37,53,32,26,24,32,11,20,17,18,28,20,10,24,14,31,15,17,32,34,27,35,29,39,39,19
"SH2D1A - mRNA",45,44,67,45,32,64,36,41,29,13,25,13,14,12,18,15,10,27,16,35,21,22,54,29,24,43,35,47,37,22
"IL11RA - mRNA",67,39,56,37,33,59,32,26,21,24,31,22,16,25,22,12,6,31,18,27,19,12,53,36,38,37,38,56,27,27
"ICAM5 - mRNA",42,35,42,39,40,71,24,29,27,20,14,13,10,21,30,22,4,26,16,54,14,13,47,17,34,37,38,62,16,20
"CCL7 - mRNA",37,32,48,37,37,69,29,30,30,20,21,20,15,17,33,23,9,29,8,49,18,17,63,29,36,43,29,83,29,17
"CTLA4 - mRNA",48,31,42,43,42,94,33,40,36,16,23,17,12,12,27,23,3,22,15,35,14,19,62,29,18,30,17,48,30,27
"IL22RA1 - mRNA",50,34,32,43,47,70,28,40,35,15,12,14,7,12,24,16,3,25,23,23,11,17,66,29,32,42,24,52,19,20
"TNFSF13B - mRNA",47,37,38,33,49,74,36,26,33,20,21,17,7,17,20,19,8,17,20,27,15,20,62,31,28,34,13,51,26,17
"MICB - mRNA",36,25,35,35,47,65,48,34,45,23,35,14,16,3,15,15,10,16,16,52,12,20,48,28,18,26,32,47,20,20
"TRAF1 - mRNA",41,40,35,36,38,67,52,50,58,20,20,20,13,16,21,15,7,17,19,35,12,15,36,39,24,38,37,41,30,26
"TNFRSF10C - mRNA",45,34,44,41,29,72,40,39,43,23,28,12,12,15,18,12,3,20,15,42,9,20,42,29,30,42,37,36,18,20
"TREM1 - mRNA",48,37,26,26,32,60,48,48,33,21,14,20,7,17,20,10,10,17,4,35,17,24,55,29,26,37,30,70,18,21
"H2AFX - mRNA",44,29,40,30,25,52,58,34,40,22,21,29,13,12,18,16,10,19,16,24,19,13,47,28,23,34,32,41,22,15
"BID - mRNA",42,38,40,36,33,61,58,38,44,18,16,19,10,10,34,14,6,15,20,37,20,19,65,32,30,43,32,47,20,18
"IL2RA - mRNA",39,32,41,31,43,60,50,35,29,13,19,24,16,14,22,11,2,28,25,26,10,13,60,26,29,36,31,47,27,23
"PALMD - mRNA",36,30,41,42,32,56,51,29,35,16,16,24,14,14,18,16,5,22,13,31,16,15,59,34,30,47,27,54,30,28
"EDN1 - mRNA",39,16,35,24,35,53,67,40,55,24,18,12,11,13,14,17,16,16,19,36,16,29,55,20,21,31,22,44,18,19
"MAP3K5 - mRNA",37,24,34,19,29,58,63,37,49,18,17,14,16,15,17,17,8,19,17,30,15,23,65,21,28,33,20,52,18,20
"SRP54 - mRNA",31,34,32,35,43,45,48,51,57,6,24,17,10,14,23,13,11,24,7,26,11,15,54,29,10,26,29,48,20,20
"PRKAA2 - mRNA",36,25,25,26,53,46,50,45,39,17,15,11,10,10,13,14,5,18,16,28,12,13,54,33,20,32,32,58,17,22
"ICOSLG - mRNA",35,27,36,37,28,57,45,45,62,14,15,11,12,9,15,18,3,16,17,29,14,10,65,26,30,48,26,38,34,12
"FCN1 - mRNA",42,35,32,34,31,53,38,42,58,14,14,14,9,13,19,9,2,22,20,19,14,18,42,32,25,47,28,49,16,9
"BCL6B - mRNA",45,29,51,46,33,51,53,47,32,17,6,15,7,21,15,11,6,14,21,23,18,8,51,23,42,39,31,38,31,21
"PFKFB3 - mRNA",53,40,45,40,28,56,60,52,53,18,11,13,8,18,11,8,3,11,19,23,16,15,64,37,39,55,36,44,28,18
"NFATC2 - mRNA",43,44,32,44,34,67,54,51,51,12,3,9,10,26,6,11,4,13,11,37,14,18,63,34,42,41,24,44,25,24
"NOTCH1 - mRNA",41,46,32,36,33,54,58,42,46,20,11,8,16,17,10,8,4,12,16,31,16,10,64,28,39,30,24,36,26,18
"LGALS9 - mRNA",29,29,66,37,35,87,42,37,30,17,16,9,11,7,9,12,4,8,14,40,16,15,65,23,20,38,32,46,19,15
"LILRB2 - mRNA",41,30,50,26,34,83,44,41,60,6,13,6,9,25,12,12,6,8,12,39,14,14,53,22,33,35,24,47,22,21
"PIK3R2 - mRNA",28,43,48,40,27,50,43,47,37,12,21,12,10,15,19,9,3,11,16,36,20,25,65,43,26,46,30,53,16,25
"CCNE1 - mRNA",45,29,50,33,30,63,43,37,30,2,12,10,8,18,9,10,3,18,17,25,21,17,55,42,37,37,23,51,15,20
"IFIT2 - mRNA",29,20,53,43,38,66,38,40,43,12,21,13,10,13,14,13,5,12,12,33,18,10,54,19,28,33,18,48,19,12
"PMS2 - mRNA",48,26,49,45,41,64,46,47,36,12,22,7,9,16,8,10,5,8,11,33,12,12,53,25,34,42,17,55,11,19
"C2 - mRNA",36,31,49,34,36,55,57,58,42,7,19,16,11,10,23,15,3,22,14,38,16,19,52,32,34,36,20,55,30,18
"JAK2 - mRNA",37,22,49,42,26,58,63,44,41,11,18,11,10,8,19,19,8,15,15,41,11,16,53,30,22,37,16,42,18,26
"ROR2 - mRNA",41,32,31,48,35,68,38,31,42,8,10,14,10,13,26,4,1,10,13,34,15,17,69,13,23,33,21,58,16,26
"TNFRSF10D - mRNA",40,31,29,37,30,69,40,41,39,14,10,17,7,6,15,6,7,21,17,24,18,12,73,32,20,43,43,56,15,30
"EIF2B4 - mRNA",47,35,49,51,39,80,50,38,26,23,20,9,7,17,15,13,7,17,13,39,14,12,74,33,26,39,23,76,18,15
"LILRA5 - mRNA",43,27,33,47,33,60,49,37,30,11,14,9,3,11,11,11,3,9,18,36,12,13,63,41,34,31,27,63,24,17
"ITGAL - mRNA",42,43,36,47,35,63,48,40,39,13,14,9,9,17,9,9,4,9,24,40,12,11,73,43,31,39,22,51,27,13
"MARCO - mRNA",33,20,43,25,31,49,32,32,17,23,20,25,6,15,14,11,15,27,18,54,10,72,52,27,23,41,25,48,23,13
"SLC1A5 - mRNA",22,15,52,44,37,49,70,44,55,25,24,16,13,11,14,15,12,24,16,71,10,26,58,30,27,41,23,42,19,16
"G6PD - mRNA",36,30,57,30,36,52,47,43,33,25,25,16,10,14,24,14,8,24,16,53,19,14,71,31,19,49,31,32,22,32
"FLNB - mRNA",27,19,49,31,41,48,46,41,43,23,16,23,8,11,7,8,7,21,9,49,13,24,65,30,15,35,24,63,13,10
"CSF1 - mRNA",21,20,36,29,32,55,53,46,38,17,24,12,12,10,25,16,5,21,6,46,8,22,63,24,11,41,20,54,27,25
"IRF7 - mRNA",20,22,51,32,29,51,45,43,36,15,14,5,8,17,17,8,5,15,11,45,12,20,62,19,24,40,27,57,16,17
"CCND3 - mRNA",28,25,48,40,22,65,42,33,31,17,8,13,11,11,8,8,4,17,16,34,15,11,71,25,25,42,26,57,23,18
"BAMBI - mRNA",38,28,37,32,35,63,57,46,44,20,11,12,13,13,19,14,6,10,14,36,15,9,78,25,23,40,22,66,21,19
"HRAS - mRNA",31,30,44,35,28,69,61,35,43,27,15,12,9,9,16,11,6,21,10,43,8,23,78,34,24,36,30,44,24,12
"CCNB1 - mRNA",35,26,26,33,41,45,45,36,40,20,13,20,12,10,26,14,7,28,17,44,12,15,100,35,24,44,28,63,12,16
"FUT4 - mRNA",32,34,40,49,40,72,34,35,42,23,20,15,13,17,32,12,6,19,19,54,11,21,89,30,26,47,31,54,29,28
"BCAT1 - mRNA",30,31,39,33,55,74,44,41,40,19,23,21,7,10,12,12,10,21,9,60,12,20,96,25,19,44,29,60,22,11
"ITGB3 - mRNA",53,34,27,40,38,39,42,40,38,25,16,21,14,16,20,14,6,19,8,19,20,17,101,45,27,46,20,46,32,27
"TNFRSF11B - mRNA",45,48,48,36,51,66,60,45,48,11,18,12,10,20,15,11,4,14,21,19,16,17,93,31,44,53,39,57,25,19
"ADAM12 - mRNA",57,57,31,40,48,52,39,51,42,20,14,16,10,18,20,14,9,16,10,17,15,20,89,40,46,61,44,69,29,30
"WDR76 - mRNA",63,53,54,58,44,59,31,34,32,15,23,11,12,33,19,10,4,11,18,44,17,16,77,35,44,50,34,56,34,24
"TNFRSF25 - mRNA",60,38,41,60,50,59,38,37,32,16,23,12,16,21,8,10,5,12,14,35,13,17,65,23,33,45,43,59,27,22
"RASAL1 - mRNA",57,48,44,60,53,76,38,36,30,11,18,14,17,11,22,15,4,20,23,42,26,9,62,29,31,49,26,61,19,21
"COL11A2 - mRNA",50,42,43,52,48,67,35,31,27,18,29,23,18,29,21,17,6,22,18,47,17,12,60,36,24,33,36,69,34,27
"BIRC3 - mRNA",43,46,44,46,51,67,38,26,30,24,23,18,12,17,23,18,7,17,16,39,23,22,75,38,31,37,33,65,25,20
"PCK2 - mRNA",56,53,61,47,50,74,62,53,36,16,17,13,12,24,11,15,7,10,14,39,22,16,57,32,59,41,32,59,15,21
"TIE1 - mRNA",58,44,56,54,49,73,61,46,51,12,16,11,8,28,13,8,7,6,14,35,17,10,69,22,47,41,36,73,22,23
"BLM - mRNA",56,48,41,54,34,78,42,40,33,19,24,13,8,29,11,13,2,15,20,24,12,12,60,33,43,27,26,57,20,23
"VHL - mRNA",49,43,47,34,38,62,46,51,28,15,15,15,14,38,17,9,3,11,19,25,16,11,59,40,41,40,35,71,25,20
"NCR1 - mRNA",58,37,57,52,36,68,45,41,39,16,18,13,10,32,5,8,1,14,23,39,12,10,55,26,47,43,39,65,28,21
"RAD51 - mRNA",64,46,57,45,37,61,42,43,29,22,13,19,10,21,3,13,6,13,11,37,13,12,58,43,46,45,35,64,19,24
"OASL - mRNA",66,56,56,44,55,84,52,57,55,27,28,16,13,38,16,14,8,19,19,34,24,19,80,38,39,49,30,74,26,24
"IL1R2 - mRNA",64,44,43,36,46,69,57,58,48,26,26,27,12,29,28,22,6,24,22,39,22,16,81,34,33,50,34,61,33,30
"EZH2 - mRNA",43,39,54,45,40,84,57,51,47,17,16,20,11,25,12,17,3,11,17,41,21,16,65,32,40,41,38,68,38,25
"RAD51C - mRNA",49,45,48,40,52,74,41,41,37,17,17,12,7,23,17,12,1,13,14,35,19,5,62,36,34,55,25,56,24,27
"TTC30A - mRNA",52,40,46,41,42,76,49,48,43,22,15,12,9,24,26,14,3,14,16,26,19,17,70,40,29,50,28,54,29,19
"VTCN1 - mRNA",55,49,43,51,40,82,43,39,38,19,23,23,11,25,26,28,13,24,22,35,22,19,56,37,32,49,33,60,40,31
"LCK - mRNA",46,49,47,43,40,92,46,42,40,24,15,21,13,15,18,15,7,23,21,33,17,17,66,41,32,57,27,55,37,23
"IRF4 - mRNA",30,39,40,47,36,84,47,54,42,33,15,18,10,16,26,17,5,33,30,29,17,12,82,36,26,35,28,52,23,20
"LAMA1 - mRNA",46,54,28,41,34,82,40,43,34,29,13,12,20,10,24,20,4,17,23,25,26,18,82,27,41,49,34,58,26,29
"SLC2A1 - mRNA",44,48,54,38,36,89,25,27,29,16,31,20,12,21,11,20,7,16,25,40,14,19,68,40,39,58,28,66,28,22
"IL34 - mRNA",55,46,32,46,51,78,33,29,23,22,25,20,7,22,14,15,6,21,20,32,19,13,76,46,38,64,26,66,30,19
"CXCR2 - mRNA",61,50,48,56,46,90,39,36,56,22,30,15,9,22,21,7,7,24,16,37,25,24,71,39,52,60,28,65,37,29
"FZD8 - mRNA",40,45,51,50,43,101,42,34,43,29,26,15,12,28,15,18,5,17,20,50,26,16,83,34,48,50,42,72,39,34
"MAGEA3/A6 - mRNA",30,21,55,58,26,79,18,23,16,29,23,10,13,14,10,8,1,18,25,73,11,8,68,33,20,34,18,50,18,10
"DTX4 - mRNA",25,21,46,47,44,90,25,27,24,17,26,14,13,10,19,19,1,16,23,74,12,11,93,39,14,48,16,82,29,22
"CD8B - mRNA",42,27,53,56,42,86,31,29,27,22,24,17,14,15,20,17,4,21,19,44,12,5,70,35,23,54,29,82,22,21
"KIR3DL1 - mRNA",39,25,59,53,46,98,22,15,35,13,16,10,16,14,13,17,1,24,25,58,14,12,74,32,20,49,24,78,30,18
"TAP2 - mRNA",38,25,112,45,31,62,67,49,53,26,31,21,12,9,20,19,10,17,15,52,12,25,86,33,19,37,27,68,33,21
"DEPTOR - mRNA",33,27,39,38,34,73,80,55,60,29,19,25,7,16,14,13,7,29,19,63,12,20,72,24,19,29,18,65,18,20
"TLK2 - mRNA",29,13,54,49,48,76,66,50,65,15,24,12,14,10,11,13,5,23,19,61,10,23,82,27,18,33,16,77,15,10
"E2F3 - mRNA",36,21,61,58,46,99,56,38,46,21,19,18,11,14,13,13,8,18,19,56,11,19,105,31,25,49,27,73,16,12
"RELA - mRNA",29,19,56,45,27,81,71,48,33,16,11,17,8,11,13,10,2,19,22,54,6,24,83,28,15,50,36,65,22,22
"PARP12 - mRNA",32,26,67,42,45,78,56,43,47,18,26,14,13,8,12,16,4,17,14,44,10,22,77,17,22,36,20,64,16,15
"DNMT1 - mRNA",35,26,65,37,43,72,51,49,49,16,20,30,18,9,26,22,7,22,12,50,12,17,84,26,24,44,40,58,27,11
"SPRY4 - mRNA",22,16,21,32,22,58,93,72,98,20,7,8,11,5,11,16,11,12,12,25,15,15,73,21,13,23,13,50,12,16
"SERPINH1 - mRNA",23,19,23,44,29,67,82,59,97,19,13,21,5,9,7,5,19,18,7,40,6,28,66,10,11,21,18,41,18,10
"IL7R - mRNA",25,19,16,27,35,84,75,52,86,5,8,5,3,13,3,9,7,8,11,31,7,17,73,13,13,42,23,63,19,11
"NKG7 - mRNA",31,15,38,33,35,68,85,64,99,16,9,13,9,11,11,9,2,14,19,43,14,16,77,28,22,31,28,66,19,11
"TLR4 - mRNA",30,17,44,41,32,67,72,59,77,14,11,11,6,5,9,3,5,9,16,43,4,7,67,30,19,45,25,60,16,5
"FPR1 - mRNA",29,29,39,34,27,74,129,112,81,16,12,7,4,7,8,9,1,10,14,32,7,16,67,19,19,36,16,59,20,13
"OAS2 - mRNA",25,23,70,40,43,91,108,91,99,14,10,9,9,7,6,16,6,8,18,40,4,20,71,33,14,26,18,62,18,13
"OAS1 - mRNA",25,18,64,32,35,87,128,80,90,17,15,11,10,13,10,20,1,14,9,27,7,10,93,34,13,24,22,41,12,15
"PSMB10 - mRNA",22,11,54,31,25,62,97,65,64,12,12,11,10,6,12,15,7,13,11,29,13,11,89,32,13,50,31,67,19,11
"PUM1 - mRNA",22,25,40,27,29,77,95,66,77,8,11,10,11,6,11,4,10,14,10,52,12,23,88,24,15,43,16,63,20,15
"CDH11 - mRNA",42,22,34,46,36,84,101,64,74,16,5,8,3,12,18,9,4,24,15,38,13,19,63,27,17,37,24,80,16,20
"HCK - mRNA",31,26,35,44,30,75,100,82,63,18,14,12,8,8,11,11,2,11,15,27,6,22,59,24,15,46,31,65,15,14
"RBL2 - mRNA",28,27,39,31,41,65,128,59,83,10,15,22,6,7,9,5,6,10,10,37,12,21,64,18,18,32,22,56,15,19
"GNLY - mRNA",34,15,26,30,29,58,114,73,81,15,12,12,11,5,14,11,2,16,8,18,9,13,58,26,13,21,26,68,18,14
"VEGFB - mRNA",49,39,40,40,30,45,79,60,59,15,18,10,8,19,14,10,3,21,12,38,17,13,86,39,51,27,31,43,28,17
"PDGFA - mRNA",56,39,46,50,45,66,84,61,85,15,14,14,12,34,11,17,5,11,14,36,7,22,63,45,58,35,25,62,32,20
"CD8A - mRNA",39,51,44,42,39,80,91,62,52,15,21,17,11,28,8,10,5,13,19,36,18,16,75,44,51,39,37,50,29,25
"CD40 - mRNA",50,57,50,29,39,56,106,71,69,9,17,10,7,21,11,11,8,13,9,26,24,20,68,41,44,42,28,65,24,24
"PIK3CA - mRNA",50,38,23,49,33,74,69,59,66,8,12,13,7,26,13,7,5,10,13,44,9,15,64,17,30,33,40,49,30,16
"CDH5 - mRNA",50,46,33,34,42,56,83,42,67,14,14,7,12,22,9,14,6,14,17,29,13,18,61,27,38,42,33,54,26,24
"MRE11 - mRNA",54,56,32,38,34,67,90,64,67,13,20,20,10,25,18,11,7,10,18,40,19,18,53,32,46,40,32,48,33,26
"CASP3 - mRNA",41,26,38,37,54,91,78,65,84,25,15,19,12,20,26,17,12,20,18,45,19,33,73,27,25,32,31,59,37,19
"SMAD5 - mRNA",40,32,38,52,45,74,77,63,77,18,20,19,12,17,13,17,5,17,13,19,17,23,76,33,34,41,25,50,22,18
"CD300A - mRNA",40,33,54,44,48,73,74,95,66,20,20,19,17,13,21,20,9,21,15,45,12,13,61,29,23,45,26,51,24,21
"KRAS - mRNA",53,36,48,46,37,81,56,66,64,28,27,12,11,23,19,26,11,25,16,34,20,24,60,42,26,38,39,64,21,26
"ITGAE - mRNA",35,23,36,40,37,66,71,59,61,26,21,23,8,15,18,22,8,24,15,32,17,18,64,29,21,41,25,54,20,23
"TNFRSF14 - mRNA",40,41,42,29,24,67,76,59,63,27,25,25,11,11,13,23,8,23,25,43,19,17,69,42,19,44,24,59,28,13
"IRF9 - mRNA",44,24,56,27,26,54,91,74,78,19,16,13,9,9,23,5,3,15,8,31,12,32,41,26,37,32,31,38,24,25
"TLR3 - mRNA",44,33,32,18,30,46,100,91,73,12,10,10,6,14,16,15,3,8,6,17,13,11,50,26,26,38,26,32,21,20
"ATM - mRNA",29,24,27,36,32,44,94,79,78,10,15,12,7,18,24,11,4,12,10,21,11,18,55,24,24,35,25,41,23,27
"SMAP1 - mRNA",35,32,36,42,32,56,92,85,95,14,12,14,6,17,15,13,3,14,9,34,21,14,72,24,22,37,33,42,23,18
"EPM2AIP1 - mRNA",36,34,40,41,27,70,81,74,81,20,18,18,9,14,14,14,10,14,13,40,11,22,63,23,20,44,26,49,14,14
"PTPRC - mRNA",56,58,34,40,35,55,84,91,83,10,15,12,11,19,9,6,6,10,14,27,20,22,56,27,30,36,34,38,31,26
"GOT1 - mRNA",46,39,32,25,39,52,83,69,75,16,16,27,17,18,14,14,8,21,10,38,18,18,61,29,22,36,40,48,31,21
"TMEM140 - mRNA",52,31,35,37,42,52,86,82,56,16,21,13,14,20,15,18,3,21,12,31,9,17,56,28,25,38,37,48,24,12
"TNF - mRNA",49,40,38,56,37,65,114,98,76,11,15,17,7,18,7,17,6,8,20,36,15,12,51,36,41,60,20,43,26,22
"MMRN2 - mRNA",60,36,53,48,33,69,112,81,93,30,18,14,15,28,22,15,3,13,14,34,19,21,58,36,33,44,47,53,27,23
"POLR2A - mRNA",19,26,40,36,24,57,116,78,101,18,14,12,18,7,22,13,7,23,12,45,13,22,76,35,33,53,28,49,26,16
"HAVCR2 - mRNA",52,43,41,35,32,62,100,99,93,16,27,16,11,15,23,17,8,12,10,49,20,18,61,29,37,36,27,57,16,23
"KAT2B - mRNA",41,24,41,49,43,62,99,92,93,24,21,26,7,13,20,16,5,16,13,57,20,17,68,28,37,26,27,55,15,22
"HEY1 - mRNA",43,28,48,49,43,81,113,89,106,14,14,11,21,11,13,14,4,17,16,39,14,18,73,36,28,37,35,60,22,31
"WNT2B - mRNA",31,25,43,49,31,74,111,90,90,17,14,12,10,12,21,8,3,15,18,45,15,13,68,27,33,33,26,77,30,27
"HK2 - mRNA",41,39,67,52,40,105,87,80,83,17,40,14,15,19,10,13,3,8,18,53,18,20,119,36,45,71,59,59,23,30
"STC1 - mRNA",50,34,43,40,61,79,58,66,75,15,17,9,11,15,13,16,1,17,13,51,19,10,133,30,25,65,46,87,29,21
"ARG2 - mRNA",61,43,50,50,54,100,66,56,60,29,26,10,15,33,13,9,8,19,20,44,23,19,118,35,34,54,35,82,21,31
"SLC7A5 - mRNA",44,40,51,45,52,65,87,78,91,13,13,13,12,24,12,10,9,18,13,37,14,19,113,41,36,74,39,82,12,27
"CDK2 - mRNA",43,46,47,25,40,68,56,60,91,16,18,10,11,26,11,13,5,14,21,42,12,21,98,36,45,46,34,69,21,25
"RAD50 - mRNA",18,19,21,24,56,87,105,80,124,9,9,9,3,9,10,12,2,10,5,30,16,24,131,22,14,51,28,75,16,9
"GPR160 - mRNA",11,17,41,26,37,67,88,76,79,26,21,8,4,8,11,6,11,26,14,35,8,27,135,25,11,46,27,62,16,13
"MRPL19 - mRNA",33,25,38,50,49,82,89,78,80,27,29,17,11,17,25,14,12,27,18,48,14,35,137,40,24,57,34,87,28,23
"GPSM3 - mRNA",61,59,59,37,44,52,86,85,81,18,17,23,15,35,17,9,5,20,19,34,17,21,56,46,65,56,49,53,23,30
"MGMT - mRNA",54,57,63,41,35,67,93,81,77,18,17,16,11,31,12,14,5,20,18,40,18,19,71,40,55,37,39,39,37,31
"IFI35 - mRNA",54,53,61,34,31,58,74,75,68,15,22,14,9,27,14,7,5,13,10,30,8,18,53,35,49,43,33,33,21,26
"OLFML2B - mRNA",62,65,36,42,45,59,103,80,70,12,14,10,16,37,18,19,3,13,19,26,15,22,37,29,82,51,33,52,29,28
"CD96 - mRNA",85,51,46,38,46,50,74,58,62,12,17,19,10,30,12,15,9,15,17,13,17,24,48,42,54,39,41,45,31,37
"GUSB - mRNA",63,61,47,34,44,54,91,51,67,12,7,27,11,27,14,6,9,18,13,33,27,13,48,41,67,48,44,41,23,35
"ITGAM - mRNA",94,61,21,37,29,40,47,42,28,8,10,17,9,26,13,12,6,9,8,21,15,22,45,18,56,31,41,38,26,30
"BBS1 - mRNA",71,57,50,39,52,65,50,57,31,20,19,31,14,19,22,26,1,16,14,33,26,24,34,31,33,57,35,42,28,32
"MFNG - mRNA",68,58,33,41,46,58,61,54,52,34,19,33,17,21,29,14,6,22,22,31,16,20,32,35,40,60,36,44,33,29
"SELE - mRNA",53,51,38,41,45,82,34,44,41,19,18,12,10,24,10,14,3,15,14,23,17,14,60,49,56,49,37,42,31,19
"FGFR1 - mRNA",53,44,32,43,41,71,35,38,45,10,14,8,10,29,9,9,2,9,16,32,19,18,54,34,33,56,30,58,28,25
"SOX11 - mRNA",62,44,42,43,29,77,33,40,45,24,13,8,13,22,9,18,4,9,21,44,23,10,57,40,46,50,33,56,16,21
"TLR5 - mRNA",52,66,47,49,50,72,44,42,40,25,17,10,13,19,13,4,3,15,15,44,16,16,57,29,49,42,36,62,27,12
"MLANA - mRNA",61,66,39,49,45,62,36,38,41,13,15,15,6,28,11,13,3,12,12,30,26,15,56,36,51,35,31,41,28,22
"CLEC4E - mRNA",59,53,47,41,41,56,39,32,40,20,20,22,10,26,15,16,11,21,15,35,25,20,58,39,44,41,44,51,34,18
"SFRP1 - mRNA",64,49,35,39,33,55,39,38,38,18,17,10,13,22,14,9,3,20,22,25,16,9,68,43,41,35,18,45,33,16
"CASP9 - mRNA",52,35,36,46,41,55,36,32,47,10,19,10,10,26,10,11,5,7,18,27,19,10,55,31,39,35,25,52,24,16
"ANGPT1 - mRNA",54,39,24,41,32,58,42,34,43,16,10,8,14,21,12,13,5,5,11,24,13,11,46,34,47,24,25,43,37,24
"MELK - mRNA",66,59,36,35,32,40,39,49,31,19,14,13,5,31,20,13,6,7,15,22,32,7,51,35,53,43,36,42,30,26
"IRF5 - mRNA",60,52,48,38,29,66,62,41,43,15,18,6,11,24,21,9,6,8,20,28,24,12,54,40,53,33,36,40,23,35
"PSMB9 - mRNA",25,26,78,15,24,22,104,74,88,5,21,15,6,9,18,8,10,17,8,25,11,28,42,37,16,19,20,26,19,16
"CXCL9 - mRNA",42,12,65,26,25,27,66,56,67,8,10,6,7,10,16,3,2,12,10,22,12,18,32,35,20,19,19,27,14,15
"PIK3R1 - mRNA",40,43,18,24,26,32,134,89,93,8,9,14,5,24,4,12,3,8,9,7,11,13,24,22,28,26,23,21,10,27
"PDGFRB - mRNA",40,57,17,25,25,37,130,80,78,3,10,10,3,18,9,10,3,8,8,11,16,12,22,20,44,38,22,27,21,30
"MS4A6A - mRNA",34,45,28,47,32,55,122,68,75,13,11,10,15,12,13,13,7,16,17,22,23,19,42,28,33,26,31,43,22,21
"TBXAS1 - mRNA",61,47,34,28,26,28,114,94,72,11,7,12,9,26,12,12,2,6,10,24,13,12,40,36,38,34,34,20,26,17
"CD45RB - mRNA",51,52,39,35,41,33,96,75,82,11,11,17,8,24,10,16,6,7,16,17,13,14,32,29,53,31,33,29,30,24
"TGFB2 - mRNA",53,37,24,24,20,29,58,52,65,24,11,36,10,10,46,36,7,43,14,14,24,20,22,26,34,35,34,20,28,30
"MB21D1 - mRNA",61,58,34,35,30,35,98,62,63,16,19,21,8,28,11,8,28,16,8,19,17,51,36,30,46,31,26,31,25,25
"TNFRSF9 - mRNA",40,41,24,26,22,31,69,48,56,9,7,9,13,21,13,7,8,7,9,13,15,13,15,25,44,26,14,15,10,12
"IFNG - mRNA",50,39,18,28,24,26,81,43,51,4,10,7,9,13,8,4,9,5,12,10,12,14,24,25,44,27,27,10,23,20
"ROCK1 - mRNA",24,37,21,21,28,20,87,64,68,14,12,11,7,26,6,4,3,11,6,9,16,11,40,18,34,27,16,33,19,17
"AXL - mRNA",44,39,26,18,21,40,75,61,62,9,14,8,6,21,8,7,3,10,6,8,12,14,30,27,42,41,19,33,21,14
"MYCT1 - mRNA",53,44,40,39,30,44,76,61,62,11,11,9,8,34,9,10,2,6,14,19,18,10,37,27,59,37,38,29,33,26
"IL10 - mRNA",44,52,36,29,32,36,66,49,62,13,11,9,14,17,11,20,5,8,12,18,12,10,29,27,56,37,23,28,27,20
"ABCF1 - mRNA",41,35,45,37,33,40,63,62,46,11,28,21,11,23,9,6,11,15,7,27,17,21,50,33,28,41,35,27,26,18
"ITGAX - mRNA",47,38,34,32,29,47,54,57,48,9,11,14,10,22,7,8,9,12,15,44,14,20,47,30,39,44,31,29,23,22
"PRKCA - mRNA",46,38,37,33,34,43,55,45,58,20,11,10,8,21,13,14,15,15,7,33,17,29,60,32,43,46,30,28,23,25
"NFKBIE - mRNA",43,42,42,28,31,42,65,76,64,24,18,14,8,15,16,26,11,19,8,29,17,19,36,13,25,36,28,35,20,22
"BBC3 - mRNA",43,28,32,22,33,41,70,66,64,12,13,12,10,10,21,7,5,22,10,29,10,20,42,31,34,36,30,50,20,19
"CXCL16 - mRNA",46,36,43,23,28,37,79,64,64,16,20,23,13,19,3,8,10,20,14,40,16,28,44,27,37,40,32,35,19,17
"APOL6 - mRNA",31,16,33,12,14,26,115,58,86,10,10,15,4,9,14,1,5,5,4,15,7,15,34,14,16,19,23,18,11,7
"CXorf36 - mRNA",20,22,31,29,20,46,100,47,66,16,14,5,5,13,13,5,4,13,9,37,10,9,43,19,19,20,16,39,12,12
"IL2RG - mRNA",31,18,21,24,17,39,72,46,69,8,9,6,7,10,6,7,4,11,10,35,10,20,27,12,17,23,24,25,5,14
"CD48 - mRNA",18,19,14,15,14,18,81,46,40,4,8,8,5,9,8,3,3,8,7,13,8,10,13,9,21,12,14,20,13,12
"LAIR1 - mRNA",23,25,17,21,9,20,74,71,43,7,8,12,7,12,7,6,1,3,5,7,9,10,21,17,22,28,9,19,12,8
"CD84 - mRNA",32,20,26,12,12,17,88,80,61,11,8,11,7,10,13,7,3,5,8,48,8,17,20,10,11,12,12,17,13,9
"TNFRSF1B - mRNA",35,24,14,15,23,28,75,67,88,11,11,14,9,13,14,11,4,5,11,15,8,15,26,13,18,24,24,15,12,13
"DUSP2 - mRNA",31,18,38,21,22,36,76,65,65,8,14,23,7,10,18,8,10,5,14,23,8,19,17,15,26,23,17,25,15,20
"IL18 - mRNA",40,26,24,25,23,29,86,69,56,6,11,7,7,11,18,10,5,11,9,25,13,19,31,19,16,21,16,24,12,17
"TNFSF12 - mRNA",30,23,17,20,26,31,71,60,59,9,14,19,6,19,23,12,6,12,4,16,7,14,26,31,11,25,19,19,12,15
"S100A8 - mRNA",19,29,26,21,22,43,84,76,45,16,12,10,11,14,21,11,9,11,10,24,11,8,47,25,20,38,34,69,8,23
"IFIT1 - mRNA",38,37,26,38,24,76,59,52,55,6,10,5,9,17,6,10,3,11,11,26,7,10,43,22,32,21,12,28,14,13
"MAML2 - mRNA",27,40,33,30,27,48,65,38,44,7,18,20,11,11,25,20,4,17,13,11,16,19,35,26,25,25,18,27,20,16
"PTGER4 - mRNA",34,20,44,30,22,63,52,65,54,18,9,9,8,10,16,8,3,12,18,24,10,15,36,22,23,30,16,34,14,16
"CLEC7A - mRNA",22,30,23,32,24,49,57,59,40,11,18,9,7,12,17,8,3,19,13,27,8,12,42,23,17,21,18,35,17,8
"CD4 - mRNA",28,32,33,21,24,44,46,53,55,12,12,11,4,8,13,11,3,15,11,23,5,20,38,26,23,25,26,28,11,13
"RUNX3 - mRNA",28,24,40,36,36,50,58,38,62,7,10,12,9,10,10,13,3,15,12,36,10,12,50,18,18,29,10,46,12,13
"CDKN1C - mRNA",32,21,31,33,27,55,73,44,69,11,11,10,4,16,11,9,11,15,14,35,13,23,46,21,22,33,18,39,17,14
"CD209 - mRNA",20,29,20,32,27,46,69,53,56,14,5,7,4,11,13,7,3,12,5,21,8,6,34,25,17,31,9,44,10,18
"DLL4 - mRNA",30,25,35,26,27,38,70,54,50,10,11,14,9,10,11,9,1,15,10,25,9,15,38,21,17,30,22,44,15,11
"CHUK - mRNA",12,14,14,34,24,50,48,42,50,18,7,14,7,2,8,2,8,10,8,28,7,14,59,18,9,22,11,39,11,10
"TLR1 - mRNA",20,11,25,20,27,45,55,51,42,11,13,5,4,8,7,8,3,13,8,26,7,11,54,9,17,23,11,39,10,6
"CMKLR1 - mRNA",25,19,25,23,29,55,46,52,39,12,15,9,8,8,9,9,7,7,9,23,10,11,55,20,14,18,17,32,18,12
"IFIH1 - mRNA",19,6,22,23,21,54,77,48,65,6,10,4,8,5,10,11,3,5,5,22,10,17,52,22,15,26,11,27,19,11
"BRD4 - mRNA",18,13,25,31,19,41,65,46,54,2,7,8,7,5,6,7,3,7,7,38,7,7,52,20,8,24,20,28,15,15
"RICTOR - mRNA",16,11,24,23,18,41,68,65,51,13,11,8,8,15,10,9,7,10,7,42,6,15,53,16,4,20,13,30,7,9
"FYN - mRNA",20,20,19,29,30,58,57,58,71,9,14,12,7,8,10,12,1,7,22,33,9,18,62,20,15,31,22,42,18,9
"SF3A1 - mRNA",17,14,28,21,24,48,73,57,68,14,10,8,7,6,7,15,4,18,15,38,14,13,54,16,16,38,23,39,15,12
"RIPK1 - mRNA",14,15,30,32,39,53,92,62,73,13,18,10,9,6,6,8,4,8,13,32,8,13,65,22,16,28,22,45,23,15
"APC - mRNA",25,15,26,23,33,65,87,69,47,10,10,8,8,13,6,7,4,12,13,38,14,10,62,26,11,26,17,44,5,19
"CCL18 - mRNA",140,136,90,108,69,117,87,84,74,52,28,34,26,35,28,19,10,17,45,69,30,43,120,58,92,79,77,94,53,58
"POS_F(0.125) - mRNA",160,119,82,79,69,77,75,61,81,28,29,30,34,37,18,17,14,18,46,45,38,45,49,70,70,60,63,42,54,55
"FOSL1 - mRNA",101,74,74,74,64,106,95,98,130,33,33,23,22,36,16,15,14,18,25,74,27,29,125,65,62,86,52,69,45,42
"EOMES - mRNA",77,77,55,51,55,109,80,87,81,28,13,11,16,24,18,15,3,9,25,52,34,19,123,58,70,59,39,92,33,32
"RSAD2 - mRNA",95,88,81,75,67,141,70,66,82,27,28,20,20,41,26,23,13,10,23,52,24,31,102,51,60,89,49,79,43,43
"IL10RA - mRNA",69,61,55,42,66,80,145,120,139,17,32,27,24,37,16,10,10,16,17,42,34,26,75,54,58,66,41,66,35,21
"CD3D - mRNA",90,69,47,49,47,63,131,104,101,15,23,22,17,36,16,10,4,12,21,24,23,22,57,58,49,47,44,42,30,30
"IRF2 - mRNA",101,66,62,51,54,94,125,118,95,25,24,35,16,27,28,25,11,19,28,56,31,20,90,45,61,60,56,70,48,44
"HLA-DOA - mRNA",117,74,69,60,58,75,97,100,89,31,32,33,23,41,30,16,13,19,26,26,19,45,62,68,64,56,52,70,51,38
"FBP1 - mRNA",71,63,91,72,40,83,85,71,72,59,55,69,36,39,17,20,31,46,31,202,32,127,120,43,44,90,98,64,27,54
"HMGA1 - mRNA",48,25,197,86,61,110,36,35,35,61,101,31,16,14,12,19,10,57,29,140,14,23,108,41,29,51,32,64,34,26
"EPCAM - mRNA",51,49,148,56,34,48,59,41,39,48,69,61,16,27,14,9,36,69,17,167,16,83,53,29,57,39,22,34,23,20
"CRABP2 - mRNA",51,42,79,51,32,58,33,35,32,34,22,35,21,21,14,9,17,42,12,96,17,78,66,18,48,33,30,45,20,16
"CDH1 - mRNA",41,40,109,41,44,63,43,35,38,47,34,40,21,14,25,13,17,32,26,90,17,60,51,38,29,35,32,52,27,16
"SNAI1 - mRNA",196,174,123,141,126,155,129,128,117,65,52,54,43,54,22,31,24,26,47,69,51,62,126,131,107,110,113,122,81,80
"BNIP3 - mRNA",166,186,111,151,147,166,145,152,149,46,53,36,36,69,26,42,17,32,44,80,53,60,168,116,97,134,109,123,95,76
"DDB2 - mRNA",287,331,211,235,161,223,189,169,161,68,77,61,56,85,27,41,28,32,69,107,89,89,168,173,161,172,155,169,111,128
"CDKN2A - mRNA",303,217,155,194,176,176,145,152,141,56,42,75,46,70,39,32,17,24,74,96,65,82,136,146,142,149,113,139,98,122
"POS_E(0.5) - mRNA",388,231,206,189,161,161,152,155,157,77,77,64,63,38,45,41,27,33,65,68,91,94,129,131,130,106,116,113,116,100
"CCL2 - mRNA",20,20,26,21,99,176,339,259,255,26,65,11,11,12,19,28,5,16,20,78,37,11,302,25,12,168,230,260,21,52
"PTPN11 - mRNA",59,53,160,128,134,272,186,128,147,78,67,37,23,11,31,38,19,60,46,179,39,37,341,80,37,116,86,216,50,39
"GOT2 - mRNA",63,58,98,104,114,223,154,128,121,52,39,28,27,26,22,21,8,46,45,105,36,28,311,64,60,129,62,151,40,37
"TWF1 - mRNA",51,36,95,74,106,171,222,175,167,28,29,21,14,28,16,25,18,25,34,120,27,31,285,57,52,117,64,155,38,34
"TFRC - mRNA",56,51,79,55,132,199,179,151,154,52,62,27,19,24,29,37,13,38,23,167,59,40,586,67,43,188,130,244,38,78
"ERO1A - mRNA",36,35,105,45,123,186,228,163,186,40,37,38,20,16,5,30,18,43,21,134,43,52,491,87,24,163,107,215,24,61
"MET - mRNA",54,38,121,69,134,213,176,167,165,73,58,84,28,13,29,34,52,84,28,180,51,91,448,81,35,139,91,183,38,50
"IL24 - mRNA",35,27,38,35,92,273,18,19,15,13,12,9,10,5,22,15,1,15,15,38,36,8,97,43,26,69,90,456,22,49
"WNT7B - mRNA",52,36,53,40,104,144,29,32,23,11,10,14,14,15,13,28,10,18,26,31,45,7,123,40,31,166,116,315,25,60
"PTGS2 - mRNA",59,62,38,41,73,117,60,68,50,15,26,10,15,15,28,22,3,25,15,30,46,16,83,49,38,145,86,287,21,58
"TNFAIP6 - mRNA",24,15,22,17,99,167,120,103,96,8,7,8,7,8,5,14,5,9,9,18,42,6,185,31,12,99,77,308,10,33
"CD44 - mRNA",30,20,30,22,118,170,110,100,106,19,24,18,14,16,9,25,7,7,17,48,51,39,270,52,23,197,125,273,21,61
"KIR2DL3 - mRNA",56,47,112,93,131,286,37,45,46,42,39,22,24,31,14,25,11,37,37,97,31,16,227,76,43,88,47,169,43,18
"LAMB3 - mRNA",33,25,85,40,68,94,41,34,35,44,40,24,7,20,13,15,19,40,20,83,48,53,257,49,28,99,65,113,26,43
"LAMC2 - mRNA",58,44,84,56,56,77,51,57,42,43,41,23,20,13,11,10,13,41,19,126,40,46,143,51,53,81,66,88,19,35
"ULBP2 - mRNA",64,44,57,69,73,140,42,49,47,24,30,23,16,18,23,23,8,23,26,58,25,15,138,37,27,56,40,109,29,23
"LILRA1 - mRNA",66,53,96,96,69,144,51,41,32,53,35,28,19,23,30,23,12,26,39,86,35,23,148,50,41,71,40,88,40,21
"EIF4EBP1 - mRNA",32,30,43,36,82,132,114,78,107,27,22,16,9,15,20,21,5,22,20,55,25,11,340,43,21,104,99,137,42,43
"DPP4 - mRNA",40,15,46,37,89,112,111,105,102,33,34,31,11,10,16,21,15,31,10,74,35,36,289,48,16,106,59,121,22,28
"CDH2 - mRNA",60,54,40,44,89,132,123,96,94,12,19,11,15,26,14,13,2,18,17,39,38,13,277,59,44,120,56,126,21,35
"LIF - mRNA",38,26,29,38,95,127,62,63,83,15,11,9,8,8,13,14,5,13,16,31,35,11,188,25,16,84,52,189,23,40
"RRM2 - mRNA",36,30,52,48,77,90,45,31,33,22,22,29,12,12,17,32,6,22,20,54,38,18,202,40,17,57,93,161,32,29
"HLA-DPB1 - mRNA",33,29,147,46,47,74,1703,1451,1136,23,87,88,9,10,21,16,67,24,15,67,26,194,96,31,25,42,42,54,21,22
"HLA-DQA1 - mRNA",31,23,9,9,45,61,1589,1341,1046,8,11,4,5,8,7,10,4,12,7,14,14,4,69,32,25,62,49,57,21,21
"HLA-DRB1 - mRNA",41,50,148,52,95,154,1571,1265,1018,24,65,56,15,26,9,18,24,24,24,83,25,117,189,68,37,126,111,130,41,51
"NFKBIA - mRNA",22,13,48,41,48,82,1600,1157,1549,26,36,109,15,3,13,14,85,29,16,130,24,180,104,29,18,65,49,103,21,32
"A2M - mRNA",13,18,40,43,38,64,1996,1335,1804,23,23,12,13,9,11,12,12,16,17,102,15,49,82,31,19,45,48,63,18,18
"VCAM1 - mRNA",57,41,29,42,65,76,1056,727,870,23,22,20,8,14,26,20,13,21,15,31,23,19,307,44,35,90,62,56,28,29
"FLT1 - mRNA",50,42,46,52,35,81,1190,781,1070,11,8,14,12,10,20,9,6,10,19,36,23,16,52,26,27,37,19,53,11,22
"EGR1 - mRNA",82,77,69,67,75,100,998,882,1052,38,22,93,27,83,29,22,54,19,28,44,40,142,100,60,103,93,75,103,61,47
"CCL3/L1 - mRNA",32,22,70,54,39,108,987,948,748,47,37,26,9,8,7,13,14,10,27,99,15,64,92,25,16,46,41,109,18,7
"C1QB - mRNA",34,21,65,35,37,52,1044,932,670,23,37,50,11,9,18,14,31,32,11,42,13,97,57,29,24,32,23,43,21,19
"THBS1 - mRNA",27,15,37,39,50,73,897,759,865,43,24,23,14,8,13,10,14,18,23,71,25,36,85,27,19,72,44,85,8,28
"ATF3 - mRNA",56,49,78,58,42,84,801,737,891,32,33,73,12,33,17,18,56,14,18,84,29,178,90,59,41,76,60,84,24,25
"APOE - mRNA",55,42,94,46,48,84,798,766,502,46,142,55,27,25,9,16,39,32,18,234,19,172,129,49,38,96,115,58,24,37
"CTSS - mRNA",51,59,294,74,74,120,666,538,492,72,248,108,60,22,23,30,59,55,33,481,40,272,174,101,49,117,122,116,47,45
"IL32 - mRNA",31,32,509,54,96,181,710,549,600,45,178,50,13,11,25,34,48,72,13,135,48,75,395,116,22,135,113,131,39,55
"LDHB - mRNA",40,25,103,38,119,192,567,383,491,65,49,68,13,14,24,34,25,87,30,177,37,61,500,76,22,137,144,223,28,61
"CTNNB1 - mRNA",54,51,135,73,85,110,643,496,588,117,75,81,25,15,8,20,57,76,24,191,36,147,233,51,44,101,88,192,28,41
"GLUL - mRNA",34,24,201,101,114,233,626,523,423,56,98,91,28,18,25,30,76,58,52,225,35,166,248,72,20,131,93,190,48,37
"HLA-C - mRNA",51,42,298,52,101,196,707,541,518,53,102,56,17,17,31,46,32,39,27,122,35,115,304,86,32,124,132,202,88,65
"OAZ1 - mRNA",51,39,209,56,219,335,928,775,736,121,126,96,56,23,20,44,68,90,39,338,68,146,873,97,40,322,256,411,35,113
"SERPINA1 - mRNA",42,31,30,21,113,132,973,754,744,32,18,40,8,12,29,25,24,24,16,42,49,108,494,40,26,291,198,575,24,61
"HIF1A - mRNA",47,31,78,28,168,228,725,617,774,34,43,30,11,25,16,26,11,26,14,102,62,38,541,70,32,231,155,396,26,82
"ANGPTL4 - mRNA",46,43,30,26,131,210,787,646,594,9,12,9,11,24,22,33,6,12,9,15,40,12,342,65,40,194,135,248,69,95
"CXCL2 - mRNA",17,12,65,53,501,534,954,741,941,18,20,76,10,10,12,84,84,35,22,60,148,110,554,83,17,680,562,1122,19,173
"RPL7A - mRNA",26,27,394,318,403,863,1549,1164,1065,169,157,92,64,15,46,83,67,203,114,728,88,130,1185,161,15,359,248,688,87,105
"LDHA - mRNA",51,45,241,154,1080,1782,2948,2226,2448,120,117,82,42,28,116,261,41,159,43,482,338,100,4969,558,32,1620,1107,2133,90,423
"HLA-A - mRNA",46,41,2161,232,507,980,4458,3287,3313,431,908,517,133,29,77,143,434,438,47,1358,181,1080,1964,407,43,768,489,1114,310,269
"B2M - mRNA",24,20,1098,136,280,499,5180,3458,3740,189,523,305,68,5,63,89,224,186,36,824,80,753,957,324,11,347,321,793,101,115
"DUSP1 - mRNA",41,34,72,50,138,254,4388,3726,4224,13,40,128,15,14,36,35,96,22,21,53,43,269,274,74,32,181,120,206,37,68
"CD74 - mRNA",65,37,668,64,84,152,4251,3878,2964,80,261,239,27,26,32,31,178,83,42,213,53,647,200,233,44,137,164,136,159,73
"HLA-DRA - mRNA",45,31,461,47,64,86,4901,4076,3306,50,277,238,24,11,34,32,216,48,33,221,20,659,143,76,32,105,142,108,43,44
